wafer,BCl3 Flow_mean_s4,BCl3 Flow_mean_s5,BCl3 Flow_std_s4,BCl3 Flow_std_s5,Cl2 Flow_mean_s4,Cl2 Flow_mean_s5,Cl2 Flow_std_s4,Cl2 Flow_std_s5,Endpt A_mean_s4,Endpt A_mean_s5,Endpt A_std_s4,Endpt A_std_s5,He Press_mean_s4,He Press_mean_s5,He Press_std_s4,He Press_std_s5,Pressure_mean_s4,Pressure_mean_s5,Pressure_std_s4,Pressure_std_s5,RF Btm Pwr_mean_s4,RF Btm Pwr_mean_s5,RF Btm Pwr_std_s4,RF Btm Pwr_std_s5,RF Btm Rfl Pwr_mean_s4,RF Btm Rfl Pwr_mean_s5,RF Btm Rfl Pwr_std_s4,RF Btm Rfl Pwr_std_s5,RF Impedance_mean_s4,RF Impedance_mean_s5,RF Impedance_std_s4,RF Impedance_std_s5,RF Load_mean_s4,RF Load_mean_s5,RF Load_std_s4,RF Load_std_s5,RF Phase Err_mean_s4,RF Phase Err_mean_s5,RF Phase Err_std_s4,RF Phase Err_std_s5,RF Pwr_mean_s4,RF Pwr_mean_s5,RF Pwr_std_s4,RF Pwr_std_s5,RF Tuner_mean_s4,RF Tuner_mean_s5,RF Tuner_std_s4,RF Tuner_std_s5,TCP Impedance_mean_s4,TCP Impedance_mean_s5,TCP Impedance_std_s4,TCP Impedance_std_s5,TCP Load_mean_s4,TCP Load_mean_s5,TCP Load_std_s4,TCP Load_std_s5,TCP Phase Err_mean_s4,TCP Phase Err_mean_s5,TCP Phase Err_std_s4,TCP Phase Err_std_s5,TCP Rfl Pwr_mean_s4,TCP Rfl Pwr_mean_s5,TCP Rfl Pwr_std_s4,TCP Rfl Pwr_std_s5,TCP Top Pwr_mean_s4,TCP Top Pwr_mean_s5,TCP Top Pwr_std_s4,TCP Top Pwr_std_s5,TCP Tuner_mean_s4,TCP Tuner_mean_s5,TCP Tuner_std_s4,TCP Tuner_std_s5,Vat Valve_mean_s4,Vat Valve_mean_s5,Vat Valve_std_s4,Vat Valve_std_s5,clear_time,step5_time,Endpt A_plateau,Endpt A_slope
2901,751.5192307692307,751.7457627118644,0.5419783880860656,0.47681487548332313,753.2115384615385,753.1864406779661,0.6955471386046552,0.7981568481062328,1446.25,882.0508474576271,321.4648991298257,178.77711260295234,100.67307692307692,100.66101694915254,0.7598027052002138,0.8010805093537062,1188.173076923077,1185.6440677966102,12.056600427828707,6.101901093990458,133.73076923076923,133.27118644067798,2.0109054112892446,1.4951704835855255,0.019230769230769232,0.01694915254237288,0.13867504905630723,0.13018891098082383,16487.365384615383,16731.42372881356,196.2054774121146,248.25280519926625,9066.692307692309,9033.966101694916,31.74070094580314,41.69717020982044,-820.5192307692307,233.79661016949152,747.9156524317015,713.8427524047046,24.096153846153847,21.322033898305083,0.9130774377016566,1.4316698469113718,9419.0,9448.898305084746,30.941437410365065,35.69540437688654,16611.5,16503.898305084746,305.6957028567761,164.35261660005412,27821.19230769231,27720.101694915254,180.54221585095655,254.0918714461532,25.21153846153846,-5.745762711864407,471.94741882837246,324.03525740585803,0.19230769230769232,0.03389830508474576,0.3979585917202717,0.18252082497293803,350.0576923076923,350.0169491525424,4.76265481057001,5.4377084594959,19486.19230769231,19581.01694915254,233.89733280353911,371.9470434834108,48.98076923076923,49.91525423728814,0.3699700366979716,0.2808936228404341,54.63405,61.75115000000001,1595.0967741935483,2.9306451612903173
2902,751.7,751.75,0.46291004988625317,0.4767312946227927,753.12,753.1607142857143,0.6590035768383198,0.7330331932031928,1482.48,881.9642857142857,336.9137381270991,182.5708295216072,100.5,100.92857142857143,0.7071067811865457,0.7350236324498288,1188.18,1186.0714285714287,12.482951639442271,7.050099013765472,133.18,133.375,1.722480413679701,1.15305917217871,0.02,0.0,0.14142135623730948,0.0,16585.68,16686.678571428572,217.86172735223178,284.9345128680919,9058.22,9033.339285714286,34.097872337716694,36.816141117086595,-942.68,130.125,800.7589879200194,822.4268536140187,23.28,21.571428571428573,0.9697464427701201,1.4997835341643972,9427.24,9438.107142857143,28.991596248934066,41.13776348339302,16556.6,16528.821428571428,284.9066442159035,158.94688731463953,27843.84,27720.928571428572,158.86939315561077,282.8257322189659,-11.94,-35.357142857142854,450.80795540125644,365.3238876081646,0.22,0.017857142857142856,0.41845195759648024,0.13363062095621217,348.58,349.98214285714283,4.886841975120117,4.711653141379927,19481.36,19583.035714285714,238.10799813427258,372.25582426779636,48.98,49.892857142857146,0.3187987657774498,0.3120938919661807,52.524,58.9041,1637.7333333333333,2.8458286985539734
2903,751.469387755102,751.7321428571429,0.50423377582252,0.4858384104195132,753.3061224489796,753.125,0.821687329844637,0.6892024376045145,1526.6938775510205,888.875,336.309084281213,183.70273046914187,100.65306122448979,100.64285714285714,0.9693429993248717,0.7490253407188311,1187.3673469387754,1185.857142857143,12.4844801613026,6.209753534645247,133.3673469387755,133.07142857142858,2.0175674043988003,1.173295945882098,0.0,0.0,0.0,0.0,16569.79591836735,16649.48214285714,238.7592039754559,317.66626232695705,9054.897959183674,9027.625,38.41508216072147,37.574925149625614,-1071.734693877551,-16.857142857142858,901.052966800283,727.6529749461978,23.20408163265306,21.678571428571427,0.7354021529276413,1.7384124717908362,9431.285714285714,9459.160714285714,30.99395102273973,36.45858262128785,16550.775510204083,16555.428571428572,321.9701891807507,163.27454370898283,27857.673469387755,27722.571428571428,173.83437852295657,296.95490059437367,-30.3265306122449,2.6607142857142856,315.8598309743251,346.0749407431715,0.2653061224489796,0.017857142857142856,0.4460712855998856,0.13363062095621217,348.53061224489795,349.2142857142857,4.791929155779915,4.483157514375473,19452.48979591837,19558.464285714286,231.54824213406468,380.667736975471,49.0,49.875,0.2886751345948123,0.33371190623595776,51.7299,58.884,1668.3,2.5448275862069103
2904,751.6041666666666,751.7818181818182,0.49420399497826634,0.41681815428000457,753.0625,753.2545454545455,0.7829635463376414,0.5843065474681399,1527.1041666666667,895.0,357.41240495583264,188.29950531985912,100.52083333333333,100.74545454545455,0.7142793819374824,0.75075719352955,1187.875,1186.1454545454546,13.179004902221038,6.258085678834759,133.08333333333334,132.92727272727274,1.796371441158519,1.3588468075779074,0.0,0.0,0.0,0.0,16535.1875,16698.418181818182,175.10090176201754,301.4962496486306,9055.520833333334,9024.781818181818,31.059989713342006,38.86285997609933,-1080.5208333333333,119.56363636363636,813.7278281342858,829.8239385698445,23.333333333333332,21.345454545454544,0.8336878678455787,1.8877596148970786,9429.0625,9446.836363636363,29.34998368914718,40.713890448112004,16592.125,16467.381818181817,284.24634393876335,164.13493668648815,27827.666666666668,27717.6,159.9054685282787,271.93092804907434,-95.3125,-62.96363636363636,419.7352334786827,336.9973603389511,0.25,0.05454545454545454,0.4375949744936836,0.22918388365077616,349.5208333333333,350.6363636363636,4.110130625523383,4.596148292274646,19453.666666666668,19551.454545454544,243.6070548303563,386.63169469156173,49.020833333333336,49.872727272727275,0.32548381881755095,0.3363499860730083,51.14056,58.50165,1689.6206896551723,3.1137931034482573
2905,751.6122448979592,751.8,0.532929268704683,0.44721359549995976,753.2244897959183,753.0909090909091,0.6851187890446768,0.7521014330903485,1533.6326530612246,905.1454545454545,367.3322572888174,189.85466353501377,100.38775510204081,100.63636363636364,0.7307623453915622,0.729374068627704,1188.408163265306,1186.3818181818183,14.49700883996833,7.71840251436374,133.26530612244898,133.12727272727273,1.2710807442894438,1.2179908388414387,0.0,0.0,0.0,0.0,16569.38775510204,16694.272727272728,210.9481389985201,293.64014601810766,9050.061224489797,9027.363636363636,36.4150885412812,42.07064765295898,-907.1632653061224,231.16363636363636,887.7622463939592,687.4717977686596,23.367346938775512,21.454545454545453,0.8586296628693775,1.5374122295716122,9436.448979591836,9439.945454545454,30.468604896741475,34.83422018106483,16615.14285714286,16468.8,261.96755524301113,154.85075251853146,27832.979591836734,27741.890909090907,169.36554276130053,280.94692214717367,20.367346938775512,-33.236363636363635,441.48658406747154,298.067414922168,0.16326530612244897,0.09090909090909091,0.3734377890799553,0.29012942659282975,348.8775510204082,349.7090909090909,5.790195207781662,5.068686466095781,19458.979591836734,19536.8,241.28376186866896,388.4900685131273,49.04081632653061,49.90909090909091,0.35114002866077604,0.2901294265928273,51.4361,57.615700000000004,1707.7666666666667,2.7276974416017974
2906,751.5102040816327,751.8421052631579,0.5447648185070207,0.367883603690975,753.3265306122449,753.0877192982456,0.7742672638813809,0.6059438256138071,1544.469387755102,906.4736842105264,370.11119399224793,186.92063874267586,100.55102040816327,100.6842105263158,0.7089083300456871,0.735767207381963,1189.469387755102,1186.3333333333333,14.354299647399944,6.336778511575276,133.24489795918367,133.17543859649123,2.0466498259849133,1.2834496903928183,0.0,0.0,0.0,0.0,16540.755102040817,16707.877192982458,232.05912775736743,266.8080550143727,9046.020408163266,9028.263157894737,34.07374954658277,38.511837844166244,-808.5102040816327,98.80701754385964,746.7086703898476,656.3834201406896,23.693877551020407,21.771929824561404,0.9399486163405657,1.5700039110466433,9434.755102040815,9443.754385964912,25.615368606434824,36.15358147727709,16484.979591836734,16492.21052631579,280.0095600894664,171.16728835120222,27817.591836734693,27725.57894736842,152.26182471422845,278.81707696268336,8.653061224489797,2.456140350877193,446.42858476190463,319.97148702074315,0.2653061224489796,0.017543859649122806,0.4460712855998855,0.13245323570650436,349.7959183673469,349.50877192982455,5.545191580086659,4.326508023706653,19458.122448979593,19526.140350877195,242.65112410044654,376.9039020472601,49.06122448979592,49.87719298245614,0.31676511180118994,0.3311330892662606,51.619820000000004,58.610060000000004,1710.1333333333334,3.8642936596218345
2907,751.530612244898,751.8571428571429,0.5042337758225571,0.3530939318019183,753.204081632653,753.2678571428571,0.7632057345154457,0.7004173153088007,1555.1224489795918,904.75,371.2888942955484,188.72762961956087,100.77551020408163,100.57142857142857,0.8723843314552965,0.6837634587578295,1188.8163265306123,1186.3035714285713,15.29388966955397,7.109327145907096,133.0612244897959,133.32142857142858,1.4202136468577795,1.3226302012847837,0.0,0.0,0.0,0.0,16590.79591836735,16684.48214285714,238.70876429167916,273.8295416078098,9049.734693877552,9027.07142857143,35.282653617018546,36.71851509319672,-817.265306122449,101.0,838.5959688548422,664.7156329794514,23.775510204081634,21.875,0.963182790769941,1.5499266844830826,9434.57142857143,9443.892857142857,35.993054885630485,39.065762071585915,16537.877551020407,16457.14285714286,318.13896548606556,200.59506280259842,27836.571428571428,27724.571428571428,150.84539546613,264.52721854404444,-38.97959183673469,-5.196428571428571,389.5680027177496,342.19730723359305,0.32653061224489793,0.08928571428571429,0.4738035414793429,0.2877363511831757,349.734693877551,349.30357142857144,5.633883763311355,4.789836371686667,19446.48979591837,19546.10714285714,268.803686300444,399.40363172980886,49.0,49.910714285714285,0.2886751345948126,0.28773635118317487,50.030020000000015,57.1948,1715.4333333333334,4.99243604004453
2908,751.5714285714286,751.8214285714286,0.4999999999999435,0.43094580368565993,753.204081632653,753.1071428571429,1.0202040612204055,0.6231466025837669,1567.0204081632653,909.3214285714286,370.5213944450395,187.60481745538283,100.65306122448979,100.67857142857143,0.7514158970504496,0.8114441191120695,1188.1836734693877,1186.5357142857142,14.475084152587474,6.630410067434521,133.14285714285714,133.10714285714286,1.9578900207451204,1.3028440418571148,0.02040816326530612,0.0,0.14285714285714285,0.0,16640.632653061224,16676.339285714286,203.5200331946818,314.57366686217875,9050.979591836734,9023.44642857143,28.251467363010708,40.66578621926767,-824.6326530612245,127.375,816.8859746489906,684.8331332920052,23.510204081632654,21.928571428571427,0.7937896703890303,1.6164736351042084,9449.632653061224,9452.035714285714,28.54214272903543,37.100827869084625,16452.367346938776,16517.85714285714,309.7231757202411,164.2684530739988,27806.163265306124,27738.928571428572,168.2576579409753,263.1620211023049,5.285714285714286,-23.107142857142858,437.981401812147,331.38446107046275,0.20408163265306123,0.17857142857142858,0.4072055089639779,0.3864591173082211,349.3061224489796,349.51785714285717,4.4073994677164485,4.643631304088605,19455.632653061224,19523.75,272.0669872995102,421.91133277890924,49.0,49.910714285714285,0.2886751345948126,0.28773635118317487,50.12012999999999,57.6999,1720.2666666666667,4.8809788654060124
2909,751.5833333333334,751.75,0.498223795451977,0.4767312946227921,753.1875,753.1428571428571,0.7897279359158922,0.8827348295047444,1573.4583333333333,908.0357142857143,364.6649268372929,190.4181966367438,100.47916666666667,100.625,0.798658005612589,0.7522692941421267,1187.4791666666667,1185.9642857142858,14.576269819263468,7.69170577065567,133.20833333333334,133.21428571428572,1.6879842357503936,1.3579969971085495,0.0,0.0,0.0,0.0,16552.0,16610.535714285714,189.66678507767725,259.30248845601176,9052.354166666666,9026.80357142857,29.657254563208365,37.213106021135204,-945.7916666666666,41.785714285714285,899.9969730051539,727.5975589515181,24.125,22.160714285714285,1.064414732801202,1.692515993900911,9436.145833333334,9460.160714285714,27.046051808715603,36.48400734853301,16468.916666666668,16463.64285714286,248.62034915546528,155.23031903610803,27840.166666666668,27743.178571428572,159.6697833539969,280.1261473721396,-9.375,45.035714285714285,361.6535679230738,428.1802069344046,0.3541666666666667,0.17857142857142858,0.48332110525006233,0.3864591173082211,348.7916666666667,349.42857142857144,5.263112635117069,4.678216998570539,19442.5,19557.214285714286,273.02201610235943,414.5156522666229,49.020833333333336,49.910714285714285,0.32548381881755095,0.28773635118317487,49.542,57.24000000000001,1733.8620689655172,3.501477832512323
2910,751.625,751.8,0.4892460547900349,0.48686449556013717,753.2916666666666,753.290909090909,0.6828704538472794,0.7371799939189444,1573.2708333333333,905.4363636363636,377.3960468161826,189.86357320712267,100.60416666666667,100.63636363636364,0.7646326703505243,0.6766922918967361,1189.6666666666667,1186.418181818182,16.248513298057865,8.022401296302926,133.64583333333334,133.34545454545454,1.7195940061826485,1.3363602006415,0.0,0.0,0.0,0.0,16449.895833333332,16560.072727272727,250.41550488868,253.36906579470767,9054.979166666666,9014.981818181817,29.19304025432718,41.5146073841788,-975.5833333333334,-659.5090909090909,796.344623178463,495.3717972477011,24.25,22.69090909090909,0.6995439243733447,1.1034076388662593,9442.895833333334,9464.2,25.65751483242069,31.401462575043414,16547.541666666668,16635.563636363637,275.41604569623456,193.41940264581837,27796.291666666668,27734.18181818182,131.05463507974795,281.9900898514205,84.5,-40.872727272727275,449.3050425675142,349.50213555991724,0.25,0.14545454545454545,0.4375949744936836,0.3558079911965534,349.7708333333333,349.41818181818184,4.188330207741256,4.425058731942969,19442.583333333332,19518.69090909091,287.9429489394939,435.13049863431974,49.020833333333336,49.90909090909091,0.3254838188175513,0.2901294265928295,49.06,56.22,1728.6896551724137,5.092610837438392
2911,751.5625,751.709090909091,0.5013280235873668,0.4583677673015456,753.125,753.2,0.8902545655537886,0.7793634629666698,1575.8333333333333,908.290909090909,372.38240087612826,192.61328294714457,100.66666666666667,100.85454545454546,0.7809795631219697,0.848051837561783,1187.3958333333333,1186.2,12.506576284283836,6.354933924533389,133.20833333333334,133.2,1.7978513574670454,1.445298892578593,0.0,0.01818181818181818,0.0,0.1348399724926484,16454.875,16711.6,290.80253042593364,329.1815664700912,9055.208333333334,9025.236363636364,35.34387805988587,38.53327741074522,-838.0416666666666,109.65454545454546,872.0673885324712,680.6440908809673,24.3125,21.8,0.8030858039528765,1.614746855518662,9455.958333333334,9466.4,34.21021269273653,38.477314143579534,16468.583333333332,16469.854545454546,313.77752203326037,169.01757723426772,27796.291666666668,27738.727272727272,159.79081516135153,279.31009281107,78.08333333333333,27.472727272727273,522.881534662279,462.3024845330027,0.2708333333333333,0.07272727272727272,0.44909286028962936,0.26208179770229884,350.0833333333333,349.8545454545455,4.872123628612295,5.176221207914706,19459.875,19512.98181818182,257.51592596897746,427.5561687557263,48.979166666666664,49.872727272727275,0.251766806435431,0.3363499860730083,49.04298,56.155,1741.4137931034484,3.8054187192118207
2912,751.6875,751.8363636363637,0.5118281792812903,0.373354977727548,753.2291666666666,753.1454545454545,0.8052905735207837,0.7049607769015965,1587.1041666666667,909.1454545454545,367.67378230577634,191.34885904699263,100.60416666666667,100.65454545454546,0.8439921178751957,0.750757193529548,1187.6875,1185.7818181818182,13.74255117385261,7.112042237019146,133.79166666666666,133.05454545454546,1.967375758691395,1.4582864350323392,0.0,0.0,0.0,0.0,16508.0625,16635.21818181818,254.0624321203252,234.354882121989,9055.145833333334,9023.618181818181,32.439790108283894,29.923662697363365,-778.3333333333334,31.672727272727272,648.6901477604068,917.8154630656555,24.229166666666668,22.10909090909091,0.627035691859125,1.640604306827972,9454.791666666666,9467.872727272726,29.910475168788388,36.25325249544214,16524.25,16508.69090909091,343.7640519371609,176.43683926311493,27857.125,27737.745454545453,185.87660342853158,281.64938922564244,40.125,-7.527272727272727,474.9488046319062,319.5610330939207,0.2708333333333333,0.07272727272727272,0.4490928602896294,0.2620817977022988,349.6041666666667,349.1636363636364,5.131212719390154,4.740540820700453,19433.291666666668,19507.127272727274,266.7814436059631,406.13075136633785,49.020833333333336,49.872727272727275,0.32548381881755095,0.3363499860730083,49.0293,56.229800000000004,1751.7931034482758,3.132512315270929
2913,751.7083333333334,751.7454545454545,0.45933964318512244,0.439620283046673,753.2708333333334,753.2363636363636,0.8439921178752038,0.6074731014815241,1584.125,911.4363636363636,371.7799981457805,191.50715716596926,100.60416666666667,100.69090909090909,0.7362811481207527,0.7667325399895246,1187.1875,1186.3454545454545,13.304384575626583,6.9899880300278285,133.58333333333334,133.4181818181818,1.6220991565742404,1.257435796032857,0.0,0.0,0.0,0.0,16585.916666666668,16739.072727272727,215.7007218774211,282.3522133622681,9048.229166666666,9020.072727272727,32.293362458332616,38.03548759380209,-748.0833333333334,-3.3454545454545452,759.8533966477764,775.7851511039643,23.9375,21.98181818181818,0.8606343528826289,1.7050134037803646,9470.479166666666,9467.527272727273,29.789323793209704,37.82261450971082,16549.5,16458.21818181818,268.3416368038198,168.43623817328077,27842.041666666668,27731.418181818182,178.88567112357794,269.92143513396684,34.770833333333336,-4.709090909090909,524.8096408520004,357.02125015742837,0.2708333333333333,0.12727272727272726,0.4490928602896293,0.33634998607300864,350.3958333333333,349.5090909090909,5.59536123730064,4.928649154847856,19395.625,19524.145454545454,271.8981837755176,414.2772116358887,49.020833333333336,49.872727272727275,0.32548381881755095,0.3363499860730083,49.034600000000005,56.220400000000005,1752.6896551724137,3.2137931034482707
2914,751.5957446808511,751.6545454545454,0.5380954525023628,0.47989897926859,753.2340425531914,753.1636363636363,0.5599986784707621,0.787956484125477,1590.2978723404256,908.7818181818182,369.63718491736665,192.07672954751723,100.57446808510639,100.56363636363636,0.7443900581965774,0.6875516509523261,1187.6382978723404,1186.1272727272728,13.600552309620857,6.33933792972147,133.19148936170214,133.21818181818182,1.9741624296894764,1.4232319647862137,0.0,0.0,0.0,0.0,16543.85106382979,16654.98181818182,218.8546250391282,246.8724735198697,9049.170212765957,9018.872727272726,31.78687119533056,35.28196189296804,-722.9574468085107,65.18181818181819,744.0520948757497,625.0533337513449,23.872340425531913,22.09090909090909,0.9916394259791877,1.5428776297786444,9463.297872340425,9480.636363636364,29.971664077067146,36.58899026693934,16573.31914893617,16525.563636363637,297.6482536253438,139.32519429130352,27829.191489361703,27735.854545454546,176.80284257722099,278.574108643882,2.595744680851064,-22.654545454545456,371.3357592105225,357.3921084634062,0.2978723404255319,0.07272727272727272,0.46226726774346893,0.2620817977022988,349.8085106382979,350.05454545454546,5.215521558280089,4.851186116199498,19441.574468085106,19521.890909090907,235.93401294511443,414.15391989001586,48.97872340425532,49.872727272727275,0.25446975579476394,0.3363499860730092,48.531200000000005,56.1468,1754.142857142857,3.2348111658456906
2915,751.4791666666666,751.7037037037037,0.5048523413086292,0.4609108958880071,753.1666666666666,753.2592592592592,0.7532435771547096,0.6496787358520439,2008.9375,1168.6296296296296,484.39628607998736,228.43679579165524,100.79166666666667,100.68518518518519,0.824061899485952,0.7727450230960893,1187.9791666666667,1186.2037037037037,12.671780649249477,6.226479151778568,132.75,133.27777777777777,1.406671036260902,1.2946430507791686,0.0,0.0,0.0,0.0,16440.854166666668,16491.62962962963,230.59764992835994,273.59626613199566,8933.875,8889.12962962963,28.590747647863985,46.11267835986746,-764.9166666666666,-136.7962962962963,828.9295027729293,530.9917520458681,23.3125,21.537037037037038,0.9926592267367124,1.1445187332140292,9445.854166666666,9444.666666666666,27.588919748837373,45.21646051922665,16463.125,16631.074074074073,285.7029870486329,150.8009874162969,28014.041666666668,27966.51851851852,171.98044895480174,243.949634512731,52.354166666666664,34.407407407407405,488.62575373829003,386.7907395097641,0.4375,0.018518518518518517,0.6156211186290864,0.13608276348795434,350.90441176470614,349.08496732026174,4.4814432199162475,4.831760750459974,19118.916666666668,19101.037037037036,220.13572538016822,392.5644262933811,48.9375,49.870370370370374,0.31999002644032076,0.33904952030452484,49.01998,55.18580000000001,2237.7586206896553,4.187684729064023
2916,751.6326530612245,751.7321428571429,0.5281207860194529,0.4858384104195053,753.2244897959183,753.2678571428571,0.7709654694615393,0.7743870638610597,1545.6734693877552,902.1785714285714,358.05000743349996,188.37758090338934,100.6938775510204,100.66071428571429,0.7959292690688952,0.7205247005869005,1186.0816326530612,1186.2142857142858,9.295690611545659,4.9238354810204,133.16778711484596,133.23921568627455,1.767766952966376,1.3464720617179633,0.0,0.0,0.0,0.0,16339.489795918367,16627.714285714286,261.20267692995367,354.8391038349473,9021.285714285714,8983.92857142857,33.16499158249039,36.32872999950083,-923.8775510204082,204.53571428571428,885.337968251227,880.2988947828143,23.306122448979593,21.607142857142858,0.6192765144590434,1.435631903044424,9439.673469387755,9449.69642857143,27.822643472465316,37.12677036751343,16527.469387755104,16519.35714285714,276.914780967661,141.79068164938533,27801.102040816328,27697.714285714286,189.87893565132998,277.60257493472466,-49.12244897959184,16.607142857142858,397.4248688249695,403.20726357866795,0.24489795918367346,0.05357142857142857,0.4344830378784442,0.227207782928703,348.8979591836735,349.73214285714283,5.09184355104311,4.465997074576953,19422.408163265307,19525.821428571428,252.37504485449102,414.1884115468909,48.51020408163265,49.642857142857146,0.5050762722761034,0.48349377841522834,50.0698,57.2492,1701.3666666666666,4.489655172413805
2917,751.5744680851063,751.7592592592592,0.5415228467244115,0.43154768359305323,753.3829787234042,753.2592592592592,0.7387766471133681,0.5887365809129843,1602.2978723404256,911.1851851851852,374.06003441052184,192.34148818772022,100.59574468085107,100.83333333333333,0.6807787889483353,0.7203248742951339,1189.1914893617022,1186.5925925925926,16.391458934287904,8.173861973800195,133.58865041698164,132.87273237127636,2.0391632754673634,1.247919302520991,0.0425531914893617,0.018518518518518517,0.20402970888857874,0.1360827634879543,16472.042553191488,16533.944444444445,234.11145222501202,273.2740981220187,9080.63829787234,9030.648148148148,35.95796188783122,47.62120877096553,-957.3404255319149,-557.8518518518518,760.0819542939387,503.32859619856976,24.574468085106382,22.833333333333332,1.0372346355462139,1.5510191415190493,9458.170212765957,9497.62962962963,30.24919628751634,39.480253624759364,16557.91489361702,16558.0,298.6144693331137,189.55757824919166,27863.531914893618,27799.814814814814,166.1938170596678,291.5696670090605,45.723404255319146,-25.51851851851852,475.6233302377207,430.5161334491751,0.2553191489361702,0.1111111111111111,0.44075454602617337,0.3172206342872577,350.4255319148936,349.68518518518516,4.2821402656141645,4.737741178504088,19413.40425531915,19516.88888888889,287.5312958070041,435.3437447588168,49.04255319148936,49.96296296296296,0.35858701014996114,0.1906258770929873,48.060100000000006,55.30990000000001,1766.4285714285713,3.3568691844554173
2918,751.4651162790698,751.8775510204082,0.5046845884077515,0.389050824723042,753.4186046511628,753.4897959183673,0.763218689858476,0.7394381025366628,1559.860465116279,834.8775510204082,384.29407027353096,192.82749551661684,100.74418604651163,100.6938775510204,0.7268006622574064,0.7693092581620725,1178.4238833045858,1194.1946474241872,71.2878214590129,36.71852393547434,133.69767441860466,133.40816326530611,2.7820417623866334,1.539999558264796,0.06976744186046512,0.061224489795918366,0.25776963111323353,0.24222607082590247,16317.720930232557,16544.571428571428,219.01656010245895,334.98687785245,9222.232558139534,9177.469387755102,62.453349145507225,54.95570263130728,-939.1395348837209,416.6530612244898,764.7400922129516,1077.3893514537122,24.209302325581394,22.183673469387756,1.8968412280732052,1.88937235376102,9657.67441860465,9561.408163265307,88.76660701236285,76.61535919974636,16459.720930232557,16484.73469387755,234.42354074677922,167.48069235862613,28079.162790697676,27975.183673469386,253.14074103742846,265.0150682405783,-48.674418604651166,-67.55102040816327,408.05349327953326,391.68642119815746,0.2558139534883721,0.04081632653061224,0.4414814484488266,0.199914947901746,349.48837209302326,347.2448979591837,5.382387915021911,5.273876706010879,19505.06976744186,19532.897959183672,265.3896861085614,418.63549404075553,45.30232558139535,45.734693877551024,1.102699797702809,0.670059394260491,43.964800000000004,50.55110000000001,1721.2692307692307,5.92034188034188
2919,751.531914893617,751.8148148148148,0.5043749394607447,0.39209519801278475,752.9787234042553,753.2962962962963,0.706779644097028,0.7171650063974949,1607.5531914893618,917.0185185185185,382.01267953635977,196.37829211208182,100.7872340425532,100.79629629629629,0.6572726987750537,0.7861928715695476,1188.127659574468,1186.0740740740741,13.407682776930807,7.288791736326417,132.87234042553192,132.94444444444446,2.0066955454243436,1.1060155696243912,0.0,0.018518518518518517,0.0,0.1360827634879543,16542.042553191488,16657.166666666668,251.74330934909696,256.3320922347313,9057.595744680852,9026.444444444445,38.330178582864434,43.774579797846336,-842.531914893617,125.11111111111111,788.0361349876371,717.1520895157843,23.76595744680851,21.74074074074074,1.087733302459889,1.8345241034757214,9471.531914893618,9481.388888888889,30.54209572820542,38.326017896446544,16506.63829787234,16559.59259259259,361.91450020399805,153.26552597870477,27831.106382978724,27786.962962962964,148.3842300953196,291.8186929341108,61.02127659574468,-32.592592592592595,576.5774011678443,355.26267287254916,0.19148936170212766,0.07407407407407407,0.3977271225536438,0.26435052857271474,350.4468085106383,349.31481481481484,4.990462689354473,4.925191593147461,19427.14893617021,19483.814814814814,274.5461851320896,420.93198814571286,49.02127659574468,49.888888888888886,0.32898802027400775,0.31722063428725816,47.9799,55.140299999999996,1789.9285714285713,2.6661193212917453
2920,751.6170212765958,751.7407407407408,0.5337802629384794,0.44234304049987555,753.2340425531914,753.2962962962963,0.7860956341158246,0.838453869741281,1606.7446808510638,908.574074074074,377.32758620070183,193.4828354584742,100.59574468085107,100.66666666666667,0.7419004523661463,0.7523547938632752,1188.659574468085,1186.037037037037,13.178171338049317,6.436813236385796,133.4255319148936,133.38888888888889,1.3947834622506778,1.3929291339931993,0.0,0.018518518518518517,0.0,0.13608276348795434,16600.872340425532,16585.37037037037,231.1440936827157,294.8405578905639,9048.808510638299,9001.055555555555,33.78811104121667,34.39965810858385,-832.5957446808511,-542.9074074074074,680.0658427066318,612.5582688808338,23.74468085106383,22.40740740740741,0.98836899258066,1.421114610630634,9475.553191489362,9483.518518518518,31.0096818756299,39.78467550842941,16518.510638297874,16522.777777777777,325.75409986678386,176.3655794367549,27839.36170212766,27736.444444444445,168.98165909377212,276.37455216021596,-28.4468085106383,-85.64814814814815,542.7505155309925,349.0751207149635,0.1276595744680851,0.07407407407407407,0.33731814917823855,0.26435052857271474,347.72340425531917,349.8703703703704,5.519538920801478,4.1891427334682305,19400.808510638297,19514.51851851852,270.6686276851278,395.78328073703494,48.95744680851064,49.851851851851855,0.2917299829957909,0.35858250319874596,48.0,55.1202,1770.2857142857142,4.073344280240835
2921,751.625,751.7272727272727,0.48924605479005195,0.44946657497549086,753.2291666666666,753.0727272727273,0.7784212974424947,0.813190913180597,1597.4791666666667,908.5454545454545,380.0247466512883,191.73542903562392,100.8125,100.72727272727273,0.7897279359158799,0.7806584460746,1188.5416666666667,1185.7818181818182,13.780896943500288,6.364516533647372,132.79166666666666,133.4,1.785977690806002,1.2560962454277844,0.0,0.0,0.0,0.0,16492.0625,16604.163636363635,266.3922404986158,275.9327456730745,9052.916666666666,9021.50909090909,30.258343905219093,35.21935112410084,-878.7916666666666,69.41818181818182,838.6567770645581,706.8485795968713,24.333333333333332,22.21818181818182,0.9964475909040283,1.911862666411702,9462.3125,9476.309090909092,32.27946864099051,40.204971466719655,16438.041666666668,16566.69090909091,297.832307403568,143.33344608875166,27846.458333333332,27753.6,158.89792767194712,273.6738799969646,-56.3125,-1.290909090909091,461.82962485489935,375.4735613677683,0.22916666666666666,0.09090909090909091,0.4247443953937941,0.29012942659282975,349.6458333333333,348.8363636363636,5.537068827969707,4.267723985155081,19420.75,19490.98181818182,286.23561935446463,409.2346737286809,48.979166666666664,49.872727272727275,0.25176680643543026,0.3363499860730092,49.0098,56.2307,1762.1379310344828,4.787684729064002
2922,751.6521739130435,751.5849056603773,0.4815434123430859,0.5347163973026047,753.1521739130435,752.9622641509434,0.6981687571974036,0.8540010842846557,1590.391304347826,898.2264150943396,374.78251342231783,198.6184631503551,100.56521739130434,100.67924528301887,0.5831780331575331,0.5809006569927725,1187.7391304347825,1186.0,13.91311896114794,6.028777143513744,133.1086956521739,133.16981132075472,1.7667076834177582,1.2205901639497636,0.021739130434782608,0.018867924528301886,0.14744195615489714,0.13736056394868904,16434.782608695652,16563.377358490565,216.70644896761794,258.7470718091544,9050.739130434782,9020.792452830188,27.572478051377896,42.21026055109148,-720.2826086956521,11.90566037735849,762.3610303391105,801.2914159259257,24.52173913043478,22.37735849056604,1.0052999648481393,1.767510364395026,9463.978260869566,9482.641509433963,29.371557769330163,33.89298449056675,16559.652173913044,16438.754716981133,318.99517358879694,184.46939559182763,27835.043478260868,27708.79245283019,161.7293976605127,275.06987633149134,148.15217391304347,1.2075471698113207,599.14832025287,301.06709950355474,0.2608695652173913,0.07547169811320754,0.44396108982135174,0.26667876121581074,349.45652173913044,349.8867924528302,4.359951690553624,4.2727237635894415,19402.521739130436,19515.396226415094,262.3336077195022,424.4206159180461,48.95652173913044,49.83018867924528,0.2948839123097959,0.379060024504131,46.9687,54.23180000000001,1759.148148148148,3.8852258852258603
2923,751.531914893617,751.7358490566038,0.504374939460689,0.44509909856923163,753.0851063829788,753.3396226415094,0.6537446394839697,0.7830756969602788,1579.3829787234042,898.9056603773585,382.38033383527693,198.09751524001274,100.61702127659575,100.62264150943396,0.677373170845248,0.6271552100354426,1187.595744680851,1186.7358490566037,12.868329127827375,5.129668393076878,133.63829787234042,133.11320754716982,1.48068039464373,1.2350704956287775,0.0,0.0,0.0,0.0,16513.76595744681,16617.0,171.00155259477634,275.1782639001055,9059.382978723404,9023.943396226416,35.36182736246233,41.08687563909221,-746.2127659574468,142.96226415094338,722.0953187763405,708.8273350092487,24.5531914893617,22.169811320754718,0.8290515963986885,1.7730444163012538,9460.829787234043,9489.924528301886,28.316011102137136,40.977408905866895,16522.0,16505.88679245283,272.8496958432223,176.8264751732786,27845.106382978724,27732.30188679245,174.5806446319598,277.41399116910327,88.7872340425532,-16.528301886792452,492.3147604041022,365.71802945468085,0.2765957446808511,0.018867924528301886,0.45215078571752687,0.137360563948689,348.51063829787233,348.9433962264151,4.804311199897236,4.478216911380036,19394.978723404256,19527.20754716981,291.62777715270886,466.50374549121165,48.93617021276596,49.81132075471698,0.24709224814516723,0.39499774943784255,48.05910000000001,54.09170000000001,1756.642857142857,4.336617405582955
2924,751.7608695652174,751.7115384615385,0.4312659714888648,0.45746695847846913,753.2608695652174,753.1153846153846,0.8546547739343067,0.704435419989042,1592.6521739130435,900.2307692307693,380.2057464871299,197.6500785339958,100.65217391304348,100.65384615384616,0.6738740833369623,0.6226009764425948,1188.1739130434783,1185.8846153846155,13.451648965958858,5.547137916516645,133.82608695652175,133.55769230769232,1.5246762545404309,1.127437864701731,0.021739130434782608,0.0,0.14744195615489714,0.0,16677.434782608696,16665.94230769231,227.98719770820648,302.91857531851895,9055.652173913044,9019.442307692309,33.73703365166405,32.34762982591498,-869.4782608695652,1.7307692307692308,768.2294720584016,692.6029651033735,23.543478260869566,22.173076923076923,0.9358661285825101,1.8861845900368037,9481.804347826086,9479.01923076923,31.227921669356256,45.781017722528276,16613.0,16515.653846153848,233.86786392699997,125.89863408055058,27843.434782608696,27749.26923076923,171.56102279090788,300.1644069365222,18.0,-73.61538461538461,383.06738600698213,383.98188038572204,0.1956521739130435,0.1346153846153846,0.4010854836782195,0.3446422500840349,348.67391304347825,349.40384615384613,4.643056214875376,4.615657985870913,19411.608695652172,19520.53846153846,283.245200274001,417.1251968704962,48.97826086956522,49.82692307692308,0.25726168560286583,0.3820047143818502,47.021499999999996,54.151,1763.3703703703704,3.821733821733769
2925,751.4782608695652,751.8301886792453,0.5050469916434766,0.3790600245041285,753.3478260869565,753.1132075471698,0.7949113522720924,0.7248442102774248,1585.6739130434783,898.6981132075472,376.4747625803135,199.40494023137765,100.71739130434783,100.67924528301887,0.6205031463170543,0.5467943258969427,1187.891304347826,1185.8490566037735,12.50462716289821,5.27838927360015,132.97826086956522,133.39622641509433,1.7446952033684986,1.458919814339853,0.0,0.0,0.0,0.0,16553.891304347828,16579.66037735849,211.57696033577804,256.2061927579956,9054.58695652174,9004.415094339623,35.84198412597931,46.8944944949115,-828.2608695652174,-443.1698113207547,643.6628667169934,521.3354425765643,24.065217391304348,22.81132075471698,0.928611242975074,1.4813793438962555,9474.065217391304,9487.867924528302,30.070585239039524,40.67130803813205,16504.391304347828,16551.735849056604,317.11158066108555,142.9158104704945,27841.652173913044,27774.188679245282,176.06377851869445,325.39615244071115,-81.26086956521739,13.132075471698114,396.570376816166,341.8761605372426,0.1956521739130435,0.05660377358490566,0.40108548367821956,0.23329531793437602,349.10869565217394,349.33962264150944,5.034230652331065,4.35864920953559,19408.130434782608,19515.509433962263,280.3830402776948,433.1292053915747,48.93478260869565,49.698113207547166,0.24963741822833957,0.4634695932428227,47.2305,54.082300000000004,1755.851851851852,4.017704517704481
2926,751.6,751.7592592592592,0.5393598899705976,0.43154768359306095,753.1555555555556,753.1851851851852,0.8516175933202382,0.7023968150654825,1596.6444444444444,899.7592592592592,362.89988323575585,196.37208954980832,100.6,100.5925925925926,0.6536610186271812,0.6592883103548184,1187.7555555555555,1185.7962962962963,12.33832822688487,5.7474510498941855,133.55555555555554,132.96296296296296,1.7652653104169902,1.4661329312812346,0.0,0.0,0.0,0.0,16528.2,16608.85185185185,194.5506010364307,290.3384107078433,9050.977777777778,9028.277777777777,30.56400801365211,42.24297046206874,-957.5777777777778,99.14814814814815,676.3694689929894,779.2787765622,24.11111111111111,22.22222222222222,1.2288616724843415,1.787447496700007,9468.777777777777,9479.277777777777,27.9324582201823,32.82222939013084,16526.222222222223,16446.11111111111,313.8138481857219,170.64778541389322,27858.266666666666,27743.0,165.93076321712667,279.8289909050598,35.577777777777776,-38.25925925925926,575.0845190408137,359.21382632890953,0.3333333333333333,0.09259259259259259,0.6030226891555273,0.29258241983571953,350.24444444444447,348.64814814814815,4.64736267123406,5.002480167546358,19373.644444444446,19525.74074074074,255.31345756963557,417.6953925414858,48.93333333333333,49.7962962962963,0.25226248955475883,0.40653295392567496,46.59179999999999,55.1197,1760.2592592592594,3.7393162393162087
2927,751.5434782608696,751.7547169811321,0.5036101551853284,0.43437224276306496,753.1521739130435,753.2641509433962,0.7293038173292463,0.7112000528961633,1585.0,898.1698113207547,371.99563916201436,198.27910940127745,100.73913043478261,100.67924528301887,0.6122738170566647,0.6437147273580938,1187.5434782608695,1185.9245283018868,12.715181690036012,6.216754831791765,133.54347826086956,132.96226415094338,1.4561215110946142,1.3862270897176434,0.021739130434782608,0.0,0.14744195615489714,0.0,16520.695652173912,16562.0,236.99881570873535,309.7967696112058,9057.58695652174,9010.754716981131,23.910551912359093,42.85346483630094,-882.5217391304348,-533.9056603773585,891.220854013201,476.85989170142807,24.369565217391305,22.67924528301887,1.0404848368199187,1.6381695331828383,9463.978260869566,9483.132075471698,24.919861895849586,38.70402371044659,16525.043478260868,16475.132075471698,328.685932939147,178.09613196419846,27848.130434782608,27728.30188679245,161.77812085221348,278.8082871040779,-10.08695652173913,-19.39622641509434,443.1714404199178,424.17872410752307,0.1956521739130435,0.0,0.40108548367821956,0.0,349.2173913043478,350.22641509433964,5.312095395220485,4.850224060779835,19424.0,19514.943396226416,280.9646873818056,394.46158119909376,48.95652173913044,49.83018867924528,0.29488391230979494,0.37906002450412934,47.0107,54.1188,1757.111111111111,3.796703296703279
2928,751.5531914893617,751.8703703703703,0.5025375018798449,0.33904952030450997,753.3191489361702,753.1851851851852,0.7831481335449383,0.5851648396714381,1588.5744680851064,899.0925925925926,373.48242172015284,196.73727990034223,100.46808510638297,100.61111111111111,0.5043749394606805,0.5635690400413069,1187.723404255319,1185.9259259259259,14.82023019192756,5.53497235203624,133.40425531914894,133.33333333333334,1.5274242949728363,1.3872736939359829,0.0,0.018518518518518517,0.0,0.1360827634879543,16429.340425531915,16614.833333333332,263.69632374444933,331.1502395168628,9051.978723404256,9011.685185185184,34.619980007593966,40.13506633811745,-759.0212765957447,-91.70370370370371,869.3698739882436,585.1893300988111,24.595744680851062,22.425925925925927,0.7706455359571318,2.088620126338284,9447.95744680851,9476.74074074074,31.793462170983585,43.55572669285665,16514.255319148935,16563.777777777777,364.56993532493965,173.92631997450525,27843.36170212766,27767.444444444445,178.92680377764094,310.8878136955566,-26.46808510638298,-73.55555555555556,419.09783287976364,325.66916113707066,0.2553191489361702,0.05555555555555555,0.44075454602617326,0.2312122823226641,348.63829787234044,349.9259259259259,4.594067686630567,4.526033091083105,19439.27659574468,19502.88888888889,263.44025823272545,435.57477388825026,48.95744680851064,49.7962962962963,0.29172998299579067,0.40653295392567496,48.16017,55.13089999999999,1756.2142857142858,3.6568144499179116
2929,751.6086956521739,751.7924528301887,0.4934351637951591,0.40943162132389244,753.1086956521739,753.3018867924528,0.6742324317182549,0.7742218341509091,1584.0652173913043,895.6603773584906,372.2233739256823,198.1132100006911,100.78260869565217,100.66037735849056,0.6637617871984829,0.7323144613120354,1187.5652173913043,1185.622641509434,12.383954087470562,5.523468862305552,133.69565217391303,133.1509433962264,1.8362953673983176,1.3643288913079215,0.021739130434782608,0.0,0.14744195615489714,0.0,16483.82608695652,16573.98113207547,259.9795123849255,302.5730357200515,9051.478260869566,9014.77358490566,33.71958819468801,34.451549875504504,-797.0,5.132075471698113,766.4904435151166,823.6004454582763,24.76086956521739,22.79245283018868,0.9929704618790267,1.7689467810192523,9462.391304347826,9485.169811320755,30.349430352236975,42.604051743510894,16454.91304347826,16441.056603773584,310.12849136998096,165.17012384605206,27833.260869565216,27716.188679245282,160.34261023509876,282.9104952646929,142.43478260869566,-17.11320754716981,554.1918100430938,407.27398925318823,0.21739130434782608,0.03773584905660377,0.41702882811414954,0.19238024756109728,350.4347826086956,349.52830188679246,4.874660894932048,4.181478270001693,19428.17391304348,19519.132075471698,282.1428561993849,430.13173463915234,48.97826086956522,49.83018867924528,0.25726168560286583,0.37906002450412934,47.1611,54.181599999999996,1756.2222222222222,3.9236874236874155
2930,751.468085106383,751.8148148148148,0.50437493946066,0.39209519801279125,753.4042553191489,753.2592592592592,0.5770831628745444,0.6780990406090517,1587.7446808510638,899.5555555555555,366.3930218201254,198.40102961794113,100.59574468085107,100.44444444444444,0.7119958007962742,0.5718776312789587,1187.6170212765958,1186.351851851852,12.643185467294513,6.253021631563994,132.85106382978722,133.5185185185185,1.9334439131773178,1.2847544474399115,0.0,0.0,0.0,0.0,16438.702127659573,16682.12962962963,232.853276707965,322.0506842974603,9050.08510638298,9012.87037037037,32.07791451209042,40.7500648437033,-816.1063829787234,-157.24074074074073,782.3391690265511,668.4260853051907,24.80851063829787,22.444444444444443,1.1351747207472032,1.9099211350572451,9456.659574468085,9472.351851851852,29.822865895983025,40.473684629019544,16472.08510638298,16430.85185185185,351.8984432170387,172.2168890768228,27844.382978723403,27748.222222222223,145.31024578488865,281.5669541788136,-15.574468085106384,15.537037037037036,473.7987898327659,372.1363471451383,0.2978723404255319,0.07407407407407407,0.6888835838110844,0.26435052857271474,349.1489361702128,349.98148148148147,5.381040482076886,4.4104966594103026,19394.0,19509.74074074074,270.36143280399,415.3438305237705,48.93617021276596,49.833333333333336,0.2470922481451678,0.37617739693164326,47.970699999999994,55.31929999999999,1756.75,3.3872468527641493
2931,751.531914893617,751.9230769230769,0.5043749394606594,0.26906911759853125,753.1276595744681,753.4038461538462,0.8751899489873616,0.693375245281503,1565.2978723404256,895.0192307692307,388.1934140792513,201.06134956672508,100.55319148936171,100.67307692307692,0.5440792237028785,0.6779772061109647,1187.787234042553,1186.3461538461538,12.67818422435337,6.299345174137248,132.89361702127658,133.07692307692307,1.734985810657317,1.4258970873701713,0.02127659574468085,0.0,0.14586499149789456,0.0,16498.55319148936,16703.173076923078,234.48702647997058,332.20491674855657,9056.04255319149,9017.826923076924,30.38660849697119,40.362436989837704,-873.0,90.38461538461539,759.7400585211623,765.5271707591033,24.574468085106382,22.307692307692307,0.7730425729618448,1.7549756887703505,9444.978723404256,9475.23076923077,29.741998822995214,40.97565771146145,16503.702127659573,16525.884615384617,313.6927266203424,144.18529117092785,27847.82978723404,27769.846153846152,179.5432997489378,314.7390693092013,60.48936170212766,27.076923076923077,566.2786943431432,343.0476926857453,0.3829787234042553,0.15384615384615385,0.5337802629384891,0.3643213074786545,350.27659574468083,348.46153846153845,4.985640805961508,4.517771177279392,19447.82978723404,19518.653846153848,259.55139552604754,439.79847812090674,48.95744680851064,49.82692307692308,0.2917299829957909,0.3820047143818484,48.0297,53.163199999999996,1749.6785714285713,4.413519430760843
2932,751.6521739130435,751.7358490566038,0.5256695753184364,0.44509909856927526,753.2826086956521,753.3018867924528,0.8605694104166935,0.7489712344372972,1582.5434782608695,894.2264150943396,377.5851166159162,199.29362195103704,100.56521739130434,100.54716981132076,0.5831780331575356,0.5394455036227579,1187.5,1186.4528301886792,12.405643876881228,6.125501667794085,132.7608695652174,133.1509433962264,2.2723925972291883,1.5737782369324127,0.06521739130434782,0.0,0.249637418228338,0.0,16519.782608695652,16588.56603773585,202.85363229497815,342.4591783328093,9055.717391304348,9013.358490566037,35.34758394602478,47.98320793602306,-883.1739130434783,-515.433962264151,799.8011504075477,728.0469529827457,24.41304347826087,22.9811320754717,1.0016893942296063,1.6465647927840532,9455.04347826087,9475.301886792453,27.144024529034947,35.96290017058249,16550.956521739132,16580.075471698114,300.53988136328036,174.46532045262967,27832.652173913044,27761.77358490566,169.71036993017017,309.86986359720123,-64.43478260869566,-154.56603773584905,425.8283249372224,359.42793807735234,0.21739130434782608,0.07547169811320754,0.41702882811414954,0.2666787612158108,349.32608695652175,348.8867924528302,5.215593490575861,4.290689281897273,19434.869565217392,19530.415094339623,270.58082453990585,406.47799798353446,48.93478260869565,49.679245283018865,0.24963741822833957,0.47123344311499316,46.959399999999995,54.0901,1753.3333333333333,4.009768009768004
2933,751.5217391304348,751.8490566037735,0.5050469916434411,0.36141955244314344,753.1304347826087,753.3584905660377,0.6534930298760874,0.7362676045339932,1582.0434782608695,895.0943396226415,373.0930153026626,199.62274652173892,100.47826086956522,100.69811320754717,0.7223151185146148,0.5746204653902296,1186.891304347826,1186.0943396226414,11.161896017492504,5.22664825288271,133.1086956521739,132.9811320754717,1.4640622462414652,1.2479300713540973,0.021739130434782608,0.0,0.14744195615489714,0.0,16519.869565217392,16669.528301886792,234.68945047498607,326.73092927535737,9052.41304347826,9013.811320754718,37.17799593365024,40.11524580878188,-898.7826086956521,-106.71698113207547,889.9455642040004,629.0593214462397,24.41304347826087,22.433962264150942,1.086811584539775,1.8028762699371423,9460.891304347826,9477.943396226416,28.326060447635086,38.67239877102735,16518.391304347828,16483.77358490566,301.16237615544526,146.94722253891456,27808.521739130436,27780.867924528302,153.09397827339512,300.52403191603685,17.52173913043478,-50.9811320754717,407.52383647424364,298.27081722217827,0.15217391304347827,0.1320754716981132,0.36315844747302034,0.3418128057789596,349.4347826086956,348.92452830188677,4.8609654912626565,4.827202791726568,19409.434782608696,19516.264150943396,283.33150212536736,447.57432347743116,48.91304347826087,49.75471698113208,0.2848849246447677,0.4343722427630744,46.98115000000001,54.11055000000001,1754.6666666666667,3.7142857142857073
2934,751.5957446808511,751.7962962962963,0.538095452502314,0.40653295392570804,753.1914893617021,753.2407407407408,0.8757182858595088,0.7251593236827137,1582.936170212766,893.1296296296297,373.76936647543573,195.32817535279625,100.63829787234043,100.62962962962963,0.6052499273528191,0.6528976427708326,1187.531914893617,1186.3333333333333,13.617206289214918,5.4599744280277696,133.0,133.40740740740742,1.668115312456599,1.4343300127949905,0.0,0.0,0.0,0.0,16457.659574468085,16567.38888888889,201.01819911074801,306.8581761198049,9057.936170212766,9021.24074074074,30.539642274120506,39.659843854146985,-563.5531914893617,-14.61111111111111,778.2364625705836,791.8600604563358,24.638297872340427,22.833333333333332,0.9190148769882939,1.65688956145783,9446.425531914894,9476.62962962963,28.92474845319261,38.18144185002778,16542.72340425532,16454.62962962963,339.82871018561724,218.74421146379171,27862.127659574468,27747.074074074073,176.52806366636034,283.6382796005952,-40.851063829787236,-54.370370370370374,406.8924106659392,317.4067265338226,0.3191489361702128,0.09259259259259259,0.47118642939800764,0.29258241983571953,350.02127659574467,348.8888888888889,5.814110877115848,4.932245333026034,19410.0,19524.666666666668,274.0717138776395,414.9713334040911,48.95744680851064,49.77777777777778,0.20402970888857969,0.4196434545311258,48.03999999999999,55.1509,1749.892857142857,4.276135741653026
2935,751.6170212765958,751.811320754717,0.5337802629384877,0.39499774943784166,753.1489361702128,753.377358490566,0.690894927022196,0.6571036417005655,1568.212765957447,891.6415094339623,379.34737643405504,198.22870380714903,100.59574468085107,100.58490566037736,0.5380954525023398,0.5695464546512466,1188.1489361702127,1185.8301886792453,13.548590049223778,6.191606753863226,132.9787234042553,133.1509433962264,2.250501023464383,1.485781669630949,0.0,0.0,0.0,0.0,16506.489361702126,16608.54716981132,242.94576889399747,273.9334258002889,9045.0,9022.830188679245,30.115718848121855,45.95095037481141,-998.9574468085107,55.81132075471698,725.7236855133492,749.8788121732065,24.46808510638298,22.528301886792452,0.6868663508309251,1.7607229020720419,9470.595744680852,9484.377358490567,27.340573110678076,32.01335443403315,16551.106382978724,16535.924528301886,242.1981971392489,160.0240185165237,27828.425531914894,27765.66037735849,159.705672856807,312.40770596451364,30.21276595744681,-43.75471698113208,462.4393232193543,348.77080338616355,0.3191489361702128,0.05660377358490566,0.47118642939800776,0.23329531793437602,349.02127659574467,349.49056603773585,5.101105428801161,4.312872688508891,19405.702127659573,19505.69811320755,281.4839492600388,423.30865193622407,48.95744680851064,49.83018867924528,0.2917299829957909,0.37906002450412934,47.975,54.11979999999999,1742.4642857142858,4.924192665572
2936,751.4888888888889,751.7692307692307,0.5055250296034469,0.4254356298115149,753.3555555555556,753.0384615384615,0.9806202943117824,0.7129485436850841,1673.4888888888888,934.9230769230769,388.3298517206394,205.42980731024255,100.4888888888889,100.63461538461539,0.5055250296034366,0.5611209423248565,1186.9555555555555,1185.826923076923,11.97716682911804,4.921824760630864,133.53333333333333,132.98076923076923,1.4553974777296468,1.2755680720705063,0.0,0.019230769230769232,0.0,0.13867504905630726,16514.355555555554,16609.346153846152,208.19834899742196,307.418976069569,9028.711111111112,8996.923076923076,32.456699982243784,37.484556900585225,-892.3555555555556,-42.55769230769231,822.4484000270598,916.2925171573169,24.2,22.03846153846154,1.0357254813546262,1.6915190813033338,9451.933333333332,9482.5,29.4104186857774,39.725282116250206,16555.066666666666,16591.80769230769,324.08713755296293,194.40820591709485,27873.155555555557,27819.0,174.38905766803123,295.5570347400159,13.28888888888889,-52.07692307692308,469.0637978619182,386.1861710013706,0.28888888888888886,0.11538461538461539,0.45836776730155243,0.32260253903223585,348.8276174112257,349.65283108643933,5.129928032259485,4.336305396846598,19309.333333333332,19417.80769230769,268.4189398547115,432.9003434864078,48.93333333333333,49.69230769230769,0.252262489554758,0.4660413824283702,45.91505,53.0362,1844.6296296296296,4.321733821733803
2937,751.6380535074785,751.7913237990465,0.5043749394607064,0.5074566279105485,753.3191489361702,753.3888888888889,0.7548792871746887,0.7375806106675463,1527.0212765957447,901.0185185185185,360.9093279699573,190.89170008155912,100.57446808510639,100.66666666666667,0.6166064508774183,0.6142951168339508,1190.2340425531916,1186.888888888889,20.6083697285282,10.816944545858414,133.4255319148936,133.22222222222223,1.664784629641239,1.3551671437211619,0.02127659574468085,0.0,0.1458649914978945,0.0,16473.936170212764,16652.962962962964,233.27390173033118,247.28914883325902,9058.63829787234,9028.425925925925,38.699750326076334,39.0657896238866,-893.1063829787234,187.05555555555554,681.4800464093017,651.9808834061348,24.51063829787234,22.27777777777778,0.6875394194400735,1.3929291339932017,9434.27659574468,9478.25925925926,28.297105496206875,39.773502692396804,16551.744680851065,16450.48148148148,326.4895276358408,174.4987150021075,27833.106382978724,27747.74074074074,148.39419214618806,275.7595469658956,55.638297872340424,-62.425925925925924,448.3795182815905,397.99258558808447,0.2127659574468085,0.18518518518518517,0.4136880894317001,0.3920951980127811,350.1914893617021,350.037037037037,5.076108993726274,4.813357840085804,19399.36170212766,19486.703703703704,280.9409984113135,422.5682764807484,49.148936170212764,50.166666666666664,0.3598745798587208,0.423373691930508,48.059599999999996,55.0857,1698.107142857143,3.34017515052
2938,751.530612244898,751.8928571428571,0.504233775822613,0.31209389196617426,753.265306122449,753.2142857142857,0.8107483735229086,0.8249360463208643,1629.5102040816328,917.4464285714286,379.2883754726837,182.41051800244983,100.81632653061224,100.58928571428571,0.6348710298082559,0.6544056488499725,1193.8397278911564,1180.8652380952383,62.6691452686845,32.39863312813412,133.53061224489795,133.10714285714286,2.310321413572921,1.2602823843534805,0.04081632653061224,0.0,0.199914947901746,0.0,16657.85714285714,16672.535714285714,256.3442509595252,237.0742088871769,8969.938775510203,8913.642857142857,45.78273335515655,42.40301386004963,-676.5510204081633,133.10714285714286,868.0341549833665,668.0356734778175,22.489795918367346,20.964285714285715,1.1747774430998938,1.2928374110570016,9444.224489795919,9479.642857142857,28.643836819726044,32.99665469072926,16650.244897959183,16617.14285714286,409.13335899456644,195.6214738697176,27763.714285714286,27648.785714285714,164.0101622867725,302.1399263006032,26.775510204081634,-23.928571428571427,770.0352606998516,316.62922722400015,0.3469387755102041,0.03571428571428571,0.4809288065886704,0.18725633517970777,349.1020408163265,349.8392857142857,5.8282533760094895,4.124325997671008,19302.285714285714,19555.0,319.72800940799834,427.4984316823992,52.775510204081634,54.839285714285715,1.104258916695734,0.8692062358954197,50.06982000000001,57.119700000000016,1793.0333333333333,4.954616240266962
2939,751.6458333333334,751.7818181818182,0.5255021239438881,0.4168181542799909,753.2522006472491,753.2855339805825,0.8077637460938412,0.7793634629666679,1549.2083333333333,886.8,357.7102689675301,192.63373420965388,100.33333333333333,100.67272727272727,0.5586203877309258,0.5461835756561152,1184.5833333333333,1185.4,8.253518484615272,2.461556267741853,133.29166666666666,133.05454545454546,1.7130082203890817,1.4326636913544168,0.0,0.0,0.0,0.0,16474.895833333332,16559.236363636363,250.24475164716262,347.1927079173423,9064.416666666666,9030.563636363637,29.41112348070313,43.39003283583572,-671.3958333333334,114.98181818181818,702.818058220613,630.6348503517025,24.5,22.545454545454547,0.7437684379978099,1.9227505550564028,9475.416666666666,9479.690909090908,30.877130098513994,38.93768655613047,16532.125,16499.52727272727,288.17323579712814,208.98908836884198,27808.208333333332,27718.145454545454,172.02535171074382,294.43954407967516,-5.020833333333333,-63.945454545454545,397.8759289978304,342.7764857628352,0.16666666666666666,0.09090909090909091,0.37662178857735473,0.29012942659282975,348.1666666666667,349.25454545454545,4.812807971171931,4.468897377546704,19405.458333333332,19539.854545454546,285.8268303542456,426.96792394840287,48.125,48.90909090909091,0.3927535094037179,0.29012942659282764,49.12060000000001,56.100400000000015,1707.7586206896551,4.15467980295566
2940,751.6222222222223,751.7924528301887,0.5346574472113699,0.40943162132389005,753.2444444444444,753.2075471698113,0.7120889741252238,0.7685773712625728,1569.088888888889,886.2075471698113,361.0862917655697,193.89632028191747,100.60950113378684,100.5734424335772,1.516908072695933,1.153023412529141,1188.2444444444445,1185.9433962264152,13.494368447540637,7.823571617823783,133.2888888888889,133.60377358490567,1.8293344818443233,1.3914522386218453,0.0,0.018867924528301886,0.0,0.137360563948689,16492.066666666666,16608.43396226415,204.97809195574618,319.1564307450545,9041.355555555556,9008.264150943396,39.092637969755195,48.46138468425375,-896.3333333333334,-500.64150943396226,760.1819160270426,617.2497342224442,24.4,22.90566037735849,1.0090499582190275,1.7570095983210137,9477.2,9491.32075471698,25.32659399991203,35.279528594937254,16529.82222222222,16560.415094339623,332.10097649037164,195.76530630424472,27845.11111111111,27779.622641509435,161.64357848255545,309.5525447142062,101.77777777777777,-9.679245283018869,595.0875370629742,392.5114782047736,0.2222222222222222,0.03773584905660377,0.4204374825912608,0.19238024756109728,349.4,349.54716981132077,5.047051344372006,4.610047712650841,19404.844444444443,19519.396226415094,292.8171905314089,428.7133855019723,49.022222222222226,49.886792452830186,0.33634998607300837,0.31987842392976706,46.393499999999996,54.1309,1730.4444444444443,4.129426129426142
2941,751.5555555555555,751.8076923076923,0.5025189076295613,0.44450728565285075,753.1555555555556,753.0384615384615,0.7964568000484817,0.7129485436851127,1575.0444444444445,881.5,357.2810172014814,196.49043283599963,100.62222222222222,100.61538461538461,0.5346574472113791,0.49125075078907493,1187.0222222222221,1185.9807692307693,11.592491474478631,4.900941824714098,132.53333333333333,133.32692307692307,2.0293303866501886,1.324300094036416,0.022222222222222223,0.019230769230769232,0.14907119849998599,0.13867504905630726,16431.6,16615.26923076923,235.77631926737692,288.9214640140535,9052.066666666668,9011.403846153846,32.47824446666376,38.756282028617946,-1054.8222222222223,-446.28846153846155,590.9887435048953,538.2598445513192,24.733333333333334,22.923076923076923,1.0090499582190284,1.5823307931860677,9471.444444444445,9487.826923076924,30.897598873724736,36.61282382961309,16522.933333333334,16555.423076923078,336.59082254004153,149.55166280978122,27843.6,27746.884615384617,161.49618627638816,315.20809521343784,28.333333333333332,-56.25,507.93637754778274,405.8654695977039,0.24444444444444444,0.11538461538461539,0.5703091488416833,0.3226025390322358,349.2,349.96153846153845,4.784444491360422,3.777962613406279,19431.955555555556,19516.76923076923,278.9925019809962,419.3186170015583,48.91111111111111,49.76923076923077,0.2877990320141517,0.4254356298115156,46.0312,53.0707,1736.111111111111,3.768009768009738
2942,751.5111111111111,751.7058823529412,0.5055250296034361,0.4601789933084273,753.0666666666667,753.4313725490196,0.6875516509523499,0.781150483857869,1578.088888888889,887.3529411764706,360.03022740662294,198.54599704143246,100.46666666666667,100.41176470588235,0.5877538136452591,0.4970501217477079,1187.0666666666666,1186.0196078431372,11.947612922481811,6.348197212054538,133.26666666666668,133.47058823529412,1.8389720448713158,1.4050329700967243,0.0,0.0,0.0,0.0,16491.933333333334,16580.823529411766,197.90831210436912,296.363068271492,9052.8,9008.56862745098,27.971251475236286,42.9083930726663,-1055.2,-536.8039215686274,723.7557222257697,508.2779168764996,24.533333333333335,23.03921568627451,0.8146387933534462,1.5226396069159063,9461.644444444444,9477.156862745098,25.608197866694894,35.445379134110716,16488.844444444443,16557.686274509804,348.2317642262999,188.59835526282583,27850.88888888889,27773.764705882353,169.70967484906078,321.83117240163625,36.022222222222226,-14.019607843137255,604.448640155521,384.2712318244017,0.4,0.0196078431372549,0.49543369430686224,0.14002800840280097,349.5777777777778,348.52941176470586,4.821773008914347,4.144166701166692,19405.82222222222,19498.78431372549,270.9205929359491,432.7181213550226,48.93333333333333,49.8235294117647,0.25226248955475883,0.3850133687518531,45.9297,53.0877,1740.6666666666667,3.644078144078083
2943,751.5217391304348,751.8461538461538,0.5472813793767702,0.36432130747863434,753.195652173913,753.4230769230769,0.7780192861760012,0.6054055145966816,1558.8695652173913,884.1346153846154,381.05978584268564,197.87627634222565,100.54347826086956,100.5576923076923,0.5036101551853353,0.5015060275070904,1187.9565217391305,1185.576923076923,13.034921508929745,5.699487950327417,133.34782608695653,133.09615384615384,1.4332153642049885,1.3468862476477224,0.021739130434782608,0.0,0.14744195615489714,0.0,16482.5,16604.05769230769,227.03076149867096,266.7594505345088,9040.347826086956,9009.25,35.99087377612665,42.583654693542385,-1039.1304347826087,-491.59615384615387,874.9933233699725,623.2448377869281,25.23913043478261,23.96153846153846,0.6389151433378871,1.4274828862892077,9473.021739130434,9490.288461538461,28.651537969528334,34.57264958818484,16471.08695652174,16544.69230769231,305.32393188487924,158.5353969829171,27840.043478260868,27763.73076923077,178.90754366080938,318.37110639571404,151.7608695652174,-99.67307692307692,593.4535902394692,331.10105803739765,0.34782608695652173,0.057692307692307696,0.4815434123430768,0.23543547789870936,350.4130434782609,349.28846153846155,5.639448700228772,4.637175181633571,19438.217391304348,19493.5,277.07559442172897,460.8171556923608,48.93478260869565,49.82692307692308,0.24963741822833976,0.3820047143818484,47.0079,53.0881,1735.888888888889,4.55433455433451
3101,751.62,751.8245614035088,0.5303060340934287,0.38372269644812024,753.32,753.2982456140351,0.8437041748704817,0.6804649744502903,2452.78,1481.3333333333333,554.9939617248285,300.08703102679453,100.64,100.84210526315789,0.6311634866964141,0.7267705887842503,1189.92,1187.280701754386,20.492746352337075,9.877381061880861,133.38,133.49122807017545,1.8393654629035607,1.3643785479313029,0.08,0.017543859649122806,0.27404751561786966,0.13245323570650436,16343.8,16673.964912280702,243.38765585051496,282.8342501052193,9036.74,8994.912280701754,47.12978606671018,42.33213938678987,-467.84,-354.7543859649123,807.7436287560046,801.1566923763094,27.24,25.0,0.8703740692415866,1.463850109422798,9464.7,9489.526315789473,35.545458104190054,36.010963242937486,16521.64,16557.929824561405,372.15394883388404,171.0893521410373,27789.8,27688.947368421053,159.36417030032126,295.5361001065093,-31.68,1.4210526315789473,458.4020799895823,364.3866641048265,0.4,0.07017543859649122,0.4948716593053935,0.2577130964857056,349.9,349.859649122807,6.351120743134836,4.62693433098614,19526.68,19596.59649122807,244.93851290077146,389.4727140474268,49.16,50.78947368421053,0.37032803990901886,0.4526446929381944,51.048899999999996,58.20909999999999,2707.1,5.791546162402702
3102,751.5833333333334,751.875,0.49822379545205797,0.3843530573928728,753.3541666666666,753.2678571428571,0.8376660415482421,0.7259118761585701,2517.7083333333335,1486.3214285714287,568.6535780631048,302.9933756937363,100.83333333333333,100.67857142857143,0.7244464749278982,0.6903791542503118,1190.9791666666667,1187.0,21.171528033913432,10.63100097912616,133.20833333333334,133.39285714285714,1.5292653407010564,1.2162322061270927,0.0,0.0,0.0,0.0,16484.520833333332,16727.714285714286,175.41937465270388,258.6886309682108,9033.375,8995.125,31.52818732094638,41.77648860304061,-1203.7083333333333,-283.89285714285717,880.3492527046233,621.0800469145058,27.020833333333332,25.410714285714285,1.101055264296691,1.604275942193643,9463.333333333334,9475.107142857143,32.3618723213266,36.55813729660496,16483.666666666668,16556.85714285714,322.8396172090969,176.2852470052114,27789.958333333332,27675.285714285714,160.02791755554273,273.2573688126086,-52.583333333333336,15.25,419.56820931703527,344.3647247270888,0.3333333333333333,0.08928571428571429,0.47639306734033093,0.2877363511831757,350.0416666666667,349.14285714285717,4.929107352328625,5.282659700046316,19487.791666666668,19595.39285714286,254.4702430735849,391.2856049937514,49.166666666666664,50.785714285714285,0.376621788577355,0.4558423058385512,49.6583,57.17939999999999,2757.9655172413795,4.538423645320155
3103,751.5714285714286,751.7857142857143,0.5400617248672943,0.414039335605447,753.3673469387755,753.3571428571429,0.8825596663262655,0.7960943623505226,2546.0,1500.2142857142858,594.1929751071334,310.13631690747707,100.53061224489795,100.83928571428571,0.8190960672271229,0.6816233487861095,1190.408163265306,1187.0892857142858,19.57987739081772,11.165330733552342,133.57142857142858,133.03571428571428,1.4999999999999976,1.1903289952290992,0.0,0.03571428571428571,0.0,0.1872563351797078,16535.20408163265,16781.446428571428,234.0437975030744,360.0584760408116,9021.020408163266,8993.82142857143,36.91741334605193,37.02289568894843,-1139.8979591836735,-158.48214285714286,891.2646970480102,649.1400742820929,27.285714285714285,25.303571428571427,1.2909944487358058,1.488374865502551,9472.367346938776,9477.910714285714,33.84258527700418,38.16198812512717,16577.34693877551,16529.964285714286,356.1269407938463,196.93671935058524,27797.632653061224,27705.85714285714,151.62655521015424,309.3678850683894,18.285714285714285,-32.089285714285715,541.1326470161144,333.28673305214454,0.2653061224489796,0.03571428571428571,0.4460712855998855,0.18725633517970777,349.2857142857143,349.32142857142856,5.196152422706636,4.71017136479281,19477.428571428572,19570.785714285714,253.6953553641332,386.76686490986833,49.183673469387756,50.80357142857143,0.39123039821797617,0.4439345921168155,50.109399999999994,57.1325,2818.0,3.7713014460511856
3104,751.5833333333334,751.7777777777778,0.4982237954520245,0.41964345453113217,753.1875,753.2222222222222,0.8910011103940277,0.6913663438320166,2567.8125,1504.7037037037037,599.2344994844176,299.2586203817966,100.64583333333333,100.61111111111111,0.6681057163555402,0.6845096486679342,1191.3958333333333,1187.462962962963,22.019082230408824,11.180699277693932,133.20833333333334,133.75925925925927,1.774024554668668,1.372715050825088,0.0,0.0,0.0,0.0,16466.1875,16714.24074074074,220.91277341395846,287.40070870733587,9029.541666666666,9013.074074074075,38.45636285417052,34.95811609915446,-1335.6875,19.35185185185185,1014.5762799935409,744.610197057859,27.541666666666668,25.703703703703702,1.0305613701224439,1.525007016743893,9465.0,9465.703703703704,28.82891574407089,32.249399368184534,16563.958333333332,16479.444444444445,353.548934789486,134.13787143629142,27789.625,27688.296296296296,182.25894893827694,285.66569917324284,-2.1458333333333335,-16.40740740740741,548.6554160073374,391.34670815254196,0.1875,0.07407407407407407,0.3944427796055832,0.2643505285727147,349.375,348.5925925925926,5.353960554301958,4.870080075737463,19469.666666666668,19560.37037037037,259.11217757445513,370.62742805447607,49.125,50.75925925925926,0.33421868239159497,0.4732538983158406,49.03722,56.41230000000001,2824.206896551724,6.191133004926073
3105,751.6041666666666,751.8363636363637,0.535528505442858,0.42003687508475207,753.2708333333334,753.1636363636363,0.7646326703505316,0.7394601725592251,2571.1458333333335,1504.1090909090908,623.4919846123818,315.69152035956887,100.625,100.83636363636364,0.703335518130451,0.7394601725592432,1190.8958333333333,1187.4,21.664010339076917,11.664444232763858,132.95833333333334,133.01818181818183,2.06241268888911,1.2093908642892393,0.0,0.0,0.0,0.0,16534.020833333332,16669.418181818182,229.00928993358923,338.0656681173002,9037.479166666666,8995.781818181818,40.16613879468342,38.414740086225905,-1204.1875,-62.345454545454544,923.4890282901797,642.1286423030771,27.5625,25.6,0.8729078331109058,1.7805533888009035,9461.875,9471.4,29.80691409152574,35.861151992403016,16583.833333333332,16523.78181818182,299.94718211167975,162.0629382665765,27773.125,27683.52727272727,174.99223387023133,284.7720241243955,-67.54166666666667,-181.52727272727273,388.6645963291695,324.7799171943896,0.2708333333333333,0.09090909090909091,0.4490928602896294,0.29012942659282975,349.0625,350.8545454545455,5.117372372614683,4.688118084951699,19456.041666666668,19578.763636363637,274.132904429186,382.89414278508474,49.166666666666664,50.72727272727273,0.3766217885773551,0.4889348004153865,49.5001,56.1268,2856.0689655172414,4.027093596059126
3106,751.6458333333334,751.9090909090909,0.48332110525012695,0.3978054276265676,753.25,753.4545454545455,0.7293249574894535,0.7892373679037187,2590.1666666666665,1508.4,618.0030411456308,317.20927780556156,100.64583333333333,100.67272727272727,0.7290210087546687,0.7947640100368354,1190.25,1186.581818181818,21.013167098021228,9.56593281949391,133.20833333333334,133.27272727272728,1.7619903317209231,1.3669992204412094,0.0,0.09090909090909091,0.0,0.29012942659282975,16737.291666666668,16338.272727272728,251.0122450461757,210.87441009998577,9038.104166666666,8988.436363636363,32.322997269471685,47.16824246930514,-1006.7291666666666,232.63636363636363,825.0624151653255,798.1262399830586,26.666666666666668,26.30909090909091,1.2261917057665888,1.2601106252543026,9465.25,9489.872727272726,28.92286145756698,41.83435348267183,16535.333333333332,16543.127272727274,331.6576890334905,176.74160408006594,27802.541666666668,27752.872727272726,157.48866333172927,327.1347584228105,1.1041666666666667,46.8,381.4571301076034,331.5396406665925,0.20833333333333334,0.09090909090909091,0.4104140790860576,0.2901294265928297,349.4791666666667,348.7090909090909,5.355409209520629,4.331934506159647,19436.875,19568.50909090909,263.8867927003979,400.6526561022012,49.333333333333336,50.67272727272727,0.4763930673403344,0.511155026659685,49.10359999999999,56.193099999999994,2872.5862068965516,3.5940886699506773
3107,751.5652173913044,751.7924528301887,0.5012062743707083,0.40943162132391997,753.2173913043479,753.2452830188679,0.867001050320035,0.7045364099713396,2613.7608695652175,1492.867924528302,613.2326795953325,317.6854417704993,100.47826086956522,100.71698113207547,0.6232221089639296,0.689965397420158,1190.8260869565217,1186.7735849056603,21.452069931543278,10.056841355771454,133.08695652173913,133.22641509433961,1.6306247876405036,1.3817701778454896,0.021739130434782608,0.0,0.1474419561548971,0.0,16499.130434782608,16620.584905660377,230.706798887981,258.82355394258724,9025.239130434782,8998.547169811322,31.04776591183282,38.883240426521006,-1295.0,-551.9811320754717,1011.1616422049773,599.929755201071,27.565217391304348,26.41509433962264,1.0467340511863765,1.2158245423793488,9461.239130434782,9470.792452830188,29.282671996029876,29.496648108508168,16585.82608695652,16465.396226415094,333.9766661408702,191.9761943998687,27792.652173913044,27679.056603773584,151.09029197305247,288.93480866360545,-29.52173913043478,18.150943396226417,560.8282660149653,395.5224585778632,0.45652173913043476,0.1509433962264151,0.5036101551853349,0.3614195524432012,348.30434782608694,349.37735849056605,4.69926502630354,4.3906649885968205,19456.08695652174,19554.830188679247,276.2285548106005,398.3410664555714,49.30434782608695,50.81132075471698,0.4652151338606117,0.4410042636103415,46.99029999999999,54.1214,2884.8518518518517,4.026251526251459
3108,751.625,751.8867924528302,0.48924605479004213,0.3752115997105417,753.3541666666666,753.3584905660377,0.7852248176059867,0.6820314571653568,2600.7916666666665,1498.5471698113208,625.1824570554817,318.4863580001826,100.83333333333333,100.77358490566037,0.7244464749278974,0.724343454286555,1191.5416666666667,1186.9811320754718,22.2652848129418,13.376918361401714,133.3125,133.18867924528303,1.8353068037333087,1.3453138577696755,0.0,0.018867924528301886,0.0,0.13736056394868904,16521.729166666668,16613.64150943396,240.5998478610918,396.7826906865353,9025.770833333334,8986.094339622641,34.890247118237184,42.06737460081818,-1223.1666666666667,-141.16981132075472,932.7826668340807,828.7705847507141,27.583333333333332,26.150943396226417,1.301935275270205,1.668673199501447,9458.625,9479.075471698114,29.220821052440023,35.590539503877444,16559.458333333332,16553.584905660377,264.4791717120708,172.87405753258483,27792.333333333332,27700.188679245282,171.57559382722033,309.5891232811544,-22.145833333333332,-84.84905660377359,520.7218798480454,340.05652223770176,0.2708333333333333,0.05660377358490566,0.44909286028962947,0.23329531793437605,349.8958333333333,349.0188679245283,5.751002071178127,4.431055465677779,19427.666666666668,19545.43396226415,259.91073208408227,420.12550823597365,49.8125,50.83018867924528,0.3944427796055846,0.4267880511900614,49.03327,54.1291,2884.310344827586,3.9433497536945783
3109,751.5217391304348,751.8867924528302,0.5472813793768627,0.3198784239297692,753.0,753.2830188679245,0.8692269873603523,0.7172961648431421,2608.9347826086955,1490.377358490566,621.1522412124783,316.9573634524595,100.69565217391305,100.73584905660377,0.6623045696620022,0.6548911652453363,1191.2608695652175,1186.7169811320755,21.93265934385794,10.865218604637345,133.19565217391303,133.24528301886792,1.9620801344762377,1.4129301302524957,0.0,0.0,0.0,0.0,16625.652173913044,16690.867924528302,267.6352590449517,239.03210580427444,9024.95652173913,8998.66037735849,32.989531350777916,40.65754892354167,-1338.891304347826,-374.58490566037733,945.9703126246352,634.6819746916944,27.565217391304348,26.37735849056604,0.9345747437689608,1.4964883907429563,9456.652173913044,9476.452830188678,30.534656005779365,34.22469083848513,16590.304347826088,16512.716981132075,352.1439017450567,166.49374871130047,27820.347826086956,27683.20754716981,195.66697528553743,304.80115576770487,17.695652173913043,110.88679245283019,464.8263173638188,405.76602107700893,0.32608695652173914,0.1320754716981132,0.47395957755848783,0.34181280577895956,350.7826086956522,348.8679245283019,4.751201221110114,3.8181637544417732,19435.782608695652,19521.283018867925,263.99805664633953,422.71031985721913,49.30434782608695,50.62264150943396,0.46521513386061025,0.5271992432562722,47.02548,54.140899999999995,2881.1111111111113,5.41819291819287
3110,751.3913043478261,751.8888888888889,0.5365842946956707,0.37197416560050467,753.0,753.6666666666666,0.6992058987800922,0.6442781539231612,2611.0434782608695,1493.4814814814815,619.020838152992,317.1384877388914,100.56521739130434,100.61111111111111,0.6880624620561847,0.6269623282193991,1192.304347826087,1187.2962962962963,24.876467742487037,11.788433137405534,133.45652173913044,133.3148148148148,1.9630647438140683,1.3149944267630573,0.0,0.0,0.0,0.0,16495.804347826088,16624.314814814814,207.49100323898548,283.19156954153874,9032.5,8998.462962962964,37.28791880608074,44.7490752357119,-921.804347826087,-396.74074074074076,836.7894098428354,608.4074536276077,27.97826086956522,26.75925925925926,1.2559039318317076,1.503896639176957,9440.5,9458.611111111111,31.648591332527666,37.353192718820374,16626.130434782608,16606.59259259259,285.7680184808547,203.0910678264495,27801.521739130436,27701.037037037036,167.92230202360938,284.44337984601725,-26.782608695652176,-67.4074074074074,526.8647270217566,395.26177227672844,0.2608695652173913,0.16666666666666666,0.44396108982135163,0.3761773969316394,349.39130434782606,349.35185185185185,4.479475469638357,4.4938423589896175,19455.08695652174,19519.85185185185,272.6116347143733,415.4024830462968,49.65217391304348,50.68518518518518,0.481543412343077,0.507456627910543,47.017649999999996,55.099599999999995,2875.8888888888887,5.563492063492021
3111,751.5531914893617,751.7777777777778,0.5440792237029028,0.41964345453115515,753.2340425531914,753.3333333333334,0.8650902430293977,0.6442781539231819,2608.340425531915,1495.8333333333333,621.051677349756,315.1124237833882,100.68085106382979,100.66666666666667,0.7831481335449441,0.6442781539231657,1191.340425531915,1186.7962962962963,22.157810082250304,10.03837848596738,133.5744680851064,133.25925925925927,2.1943076639248384,1.4033004921039027,0.02127659574468085,0.0,0.1458649914978945,0.0,16648.042553191488,16631.796296296296,211.84048115081586,256.1727291415596,9032.659574468085,8997.333333333334,30.863850104827126,32.96710767840061,-1093.6170212765958,-406.4074074074074,900.8780874233927,696.377107730079,27.638297872340427,26.61111111111111,1.0305239679277873,1.294643050779178,9466.212765957447,9454.148148148148,25.956431866237548,36.40723927981406,16552.382978723403,16556.0,312.59771016376635,185.3087174277486,27792.808510638297,27720.962962962964,156.0928706694207,316.56451623957923,-70.72340425531915,111.48148148148148,347.8275873580035,348.77401131871727,0.3404255319148936,0.1111111111111111,0.5998766447355385,0.31722063428725766,348.97872340425533,350.462962962963,4.622672677434688,4.236913093826693,19448.297872340427,19551.62962962963,265.62902497358635,411.0744456424367,49.87234042553192,50.7962962962963,0.33731814917823866,0.4505606415169206,48.03134,55.230199999999996,2882.6071428571427,3.973453749315834
3112,751.5217391304348,751.8301886792453,0.5050469916434972,0.3790600245041202,753.304347826087,753.433962264151,0.8398297504029005,0.6936368469679585,2608.217391304348,1493.2075471698113,606.1376416126211,318.56821262610464,100.5,100.54716981132076,0.7527726527090839,0.637484169813985,1190.1739130434783,1187.4150943396226,20.3647891636805,11.983055283742818,133.06521739130434,133.43396226415095,1.6111027819208363,1.2635334150137534,0.0,0.0,0.0,0.0,16590.021739130436,16703.490566037737,225.61860533312276,281.5164035828324,9024.260869565218,8993.056603773584,36.72627565751091,40.68236014177866,-1469.4130434782608,-521.0566037735849,956.9806354963384,686.8049609799754,27.608695652173914,26.528301886792452,1.0641274123705549,1.1865232596006232,9468.45652173913,9464.11320754717,31.519804371741845,33.04522563988191,16566.782608695652,16569.132075471698,315.74292729254523,160.2548496489083,27792.608695652172,27719.20754716981,156.52837559736514,308.0290544794167,15.304347826086957,51.60377358490566,553.3543317126204,359.9583490661237,0.41304347826086957,0.18867924528301888,0.4978213403988642,0.3949977494378391,348.4782608695652,349.0,4.24127407710247,4.459216902620396,19431.130434782608,19547.54716981132,271.6637307567862,425.93925921416644,49.47826086956522,50.75471698113208,0.5050469916434643,0.4765928909924678,46.98839999999999,54.0921,2882.4814814814813,3.5982905982905407
3113,751.6041666666666,751.7962962962963,0.4942039949782369,0.4065329539256754,752.9166666666666,753.1296296296297,0.8711287208139301,0.7535149407264402,2575.0416666666665,1500.462962962963,641.7543759710675,317.20422044843684,100.5,100.51851851851852,0.7437684379978093,0.7200822998230965,1191.1458333333333,1186.9444444444443,21.969988798390812,11.317738067677432,132.875,133.07407407407408,1.7939022008969734,1.2567080664262567,0.020833333333333332,0.018518518518518517,0.14433756729740643,0.1360827634879543,16679.604166666668,16571.51851851852,243.10322994111405,260.3006056676987,9026.958333333334,8985.296296296296,34.15917579187395,45.4153284860466,-1189.2708333333333,-399.4074074074074,729.6082522041518,647.9021740308534,27.416666666666668,26.64814814814815,1.1267224796280972,1.2310052251840635,9472.645833333334,9461.462962962964,29.601243205155676,39.44363686538513,16524.791666666668,16550.333333333332,342.2632406299649,208.52898988543873,27800.458333333332,27721.59259259259,170.49277245969236,286.3430795206645,9.041666666666666,-11.666666666666666,520.120606239996,338.64625056077017,0.2708333333333333,0.2962962962962963,0.4490928602896293,0.4609108958880098,349.0416666666667,350.037037037037,5.014694718581315,4.343561546042911,19466.875,19540.0,256.1800916576111,440.92373019498234,49.375,50.666666666666664,0.48924605479008043,0.5139561687500486,49.02933,55.1523,2874.344827586207,4.847290640394086
3114,751.5869565217391,751.7735849056604,0.4978213403989033,0.4225157909640046,753.2173913043479,753.2264150943396,0.94075722404314,0.7243434542865583,2609.282608695652,1492.2264150943397,618.1177760137257,319.5264911076916,100.56521739130434,100.75471698113208,0.6880624620561863,0.7821484311560963,1190.6521739130435,1186.7358490566037,22.669820752420144,10.546875117588542,133.0,133.1320754716981,1.9550504398153552,1.330669811801802,0.0,0.03773584905660377,0.0,0.19238024756109728,16621.58695652174,16301.867924528302,225.95796817470742,226.26864884773204,9036.478260869566,8986.018867924528,35.27021981498197,52.75651274634532,-1391.4565217391305,193.39622641509433,1026.854327146136,786.4228980649475,27.391304347826086,27.037735849056602,0.9304302677212221,1.018336957814884,9466.45652173913,9474.66037735849,30.680219122597823,38.95655538606021,16603.304347826088,16481.396226415094,370.90117698894875,173.8520966912615,27803.565217391304,27716.264150943396,184.19454113927353,312.8307573250982,-86.71739130434783,-15.283018867924529,482.83066564875645,396.1827170422996,0.2608695652173913,0.20754716981132076,0.44396108982135174,0.40943162132389443,349.1304347826087,348.22641509433964,3.8736069648164286,4.304029906932315,19423.217391304348,19550.98113207547,282.16290905499375,378.31318378001407,49.78260869565217,50.735849056603776,0.4170288281141497,0.4863895003068076,46.91204000000001,54.109600000000015,2878.5925925925926,4.397435897435865
3115,751.3829787234042,751.8888888888889,0.49136860729308934,0.317220634287265,753.3191489361702,753.3703703703703,0.9349815850017389,0.7597491218567861,2615.0,1491.888888888889,612.11404876514,313.52353386836546,100.74468085106383,100.79629629629629,0.7362680604231457,0.7618158453656464,1190.7659574468084,1187.0185185185185,22.378379284243522,10.557105701027613,132.9787234042553,133.46296296296296,1.882290021803089,1.313399204469256,0.02127659574468085,0.0,0.14586499149789456,0.0,16567.212765957447,16719.59259259259,223.40136780654635,301.2458732837855,9025.255319148937,9000.111111111111,38.343679307425674,39.401497273852556,-1256.063829787234,33.833333333333336,1029.04678146617,813.0834566925895,27.680851063829788,26.074074074074073,1.105448619904536,1.6580489995701368,9458.72340425532,9482.962962962964,32.00726964141513,33.737590570020224,16706.127659574468,16542.59259259259,330.2732476773745,144.13443914577945,27818.382978723403,27727.59259259259,168.63061679709503,288.0653436431491,26.404255319148938,32.648148148148145,450.7878446132547,425.28401863453547,0.3617021276595745,0.24074074074074073,0.48568785444140605,0.4315476835930594,348.6595744680851,348.94444444444446,3.7664225659664,3.7336646304036227,19431.957446808512,19564.666666666668,271.60024632174924,412.37444058195905,49.340425531914896,50.74074074074074,0.47897516249851046,0.48311822004069543,48.000049999999995,55.677899999999994,2881.9285714285716,4.041050903119912
3116,751.5106382978723,751.7407407407408,0.5052911526398953,0.44234304049990425,753.1914893617021,753.2592592592592,0.7977767441960397,0.7316351597539196,2603.5106382978724,1495.851851851852,608.5296203122817,318.47717891094163,100.57446808510639,100.48148148148148,0.6509084237688167,0.6062797393052999,1190.3829787234042,1186.611111111111,20.567548512253147,11.346043557227992,132.7872340425532,132.94444444444446,2.5102933330482253,1.4329895741061278,0.0,0.037037037037037035,0.0,0.19062587709298626,16540.0,16328.74074074074,215.980373504469,252.55092407724658,9022.808510638299,8983.092592592593,29.241601022212812,47.5950958780656,-1394.8936170212767,255.42592592592592,966.4810943975764,814.0241663894924,27.74468085106383,26.72222222222222,0.9883689925806635,1.2946430507791782,9470.382978723404,9487.592592592593,28.521961935909257,40.747968357049594,16503.787234042553,16568.14814814815,374.0649174169946,176.47827461645298,27801.14893617021,27760.222222222223,150.60327652815997,326.09448027051036,-91.53191489361703,30.90740740740741,370.64830694009356,346.14672799635935,0.3829787234042553,0.14814814814814814,0.491368607293056,0.35858250319874724,348.63829787234044,349.3703703703704,4.410587715520426,4.791093530576104,19442.297872340427,19553.925925925927,296.61627347640143,404.9940997404754,49.40425531914894,50.75925925925926,0.4960528753410624,0.4732538983158404,47.9669,55.1579,2873.6785714285716,3.957580733442826
3117,751.5,751.8301886792453,0.5055250296034505,0.42678805119005636,753.3695652173913,753.3396226415094,0.9275701986534473,0.648767951475817,2582.3260869565215,1487.6792452830189,634.0895854809941,318.8454999371774,100.82608695652173,100.56603773584905,0.7088127107615922,0.6936368469679941,1191.3478260869565,1187.245283018868,22.149208555014447,11.4117106861217,134.1086956521739,133.33962264150944,1.876501009498094,1.3436946228505553,0.0,0.0,0.0,0.0,16605.891304347828,16703.45283018868,269.4464472259843,289.7859665098809,9028.739130434782,8990.698113207547,32.42319799334955,45.13210732678035,-1128.1739130434783,-443.0,1055.2244901620136,559.074337977174,27.695652173913043,26.67924528301887,1.0299852257277227,1.3974370070522804,9460.195652173914,9476.433962264151,26.147121843069506,38.025552863002645,16652.695652173912,16568.79245283019,316.64328822931986,201.12733801199425,27807.695652173912,27729.471698113208,182.0480851698514,285.41310167312713,-66.56521739130434,77.45283018867924,452.3577076298954,363.31886641593377,0.3695652173913043,0.1320754716981132,0.4880207487471506,0.34181280577895967,349.7608695652174,350.24528301886795,4.8998176048080095,4.178266388648977,19432.956521739132,19508.377358490565,285.8934499674668,464.47390530391726,49.84782608695652,50.660377358490564,0.3631584474730198,0.5527343299248795,47.46489999999999,54.136799999999994,2874.3703703703704,5.079975579975545
3118,751.6086956521739,751.811320754717,0.4934351637952215,0.4410042636103134,753.1739130434783,753.2641509433962,0.7689631641542192,0.6836256115579341,2593.695652173913,1484.5283018867924,617.9957522171605,318.43219322738014,100.71739130434783,100.67924528301887,0.750201261240708,0.6729265849104537,1190.891304347826,1187.2075471698113,21.41674138598597,10.191169802571576,133.2391304347826,133.28301886792454,1.7150935524687276,1.3919736747423064,0.0,0.018867924528301886,0.0,0.137360563948689,16616.08695652174,16614.811320754718,248.50341612558736,276.7877593310949,9026.739130434782,9000.094339622641,34.91350250268265,44.23680339984207,-1290.7826086956522,-488.811320754717,935.031738333422,832.1406606458702,27.456521739130434,26.660377358490567,0.8355044182110807,1.343694622850557,9466.239130434782,9459.924528301886,28.259263796817855,32.4528350406719,16468.782608695652,16606.30188679245,297.7606729531093,180.30119937585468,27789.043478260868,27686.528301886792,156.66226327453504,291.68453743026475,4.478260869565218,-132.64150943396226,459.5184793348811,429.5066980018439,0.1956521739130435,0.1320754716981132,0.40108548367821956,0.3418128057789596,349.30434782608694,348.6792452830189,5.019382720868248,4.32689969353462,19422.565217391304,19489.094339622643,277.9133879605827,441.9506700696759,49.32608695652174,50.660377358490564,0.47395957755848633,0.5167723880162011,47.0196,54.1098,2873.037037037037,3.9157509157508694
3119,751.5744680851063,751.8518518518518,0.499768679145578,0.35858250319874085,753.2553191489362,753.3148148148148,0.7362680604231433,0.7222625371750916,2604.468085106383,1486.962962962963,610.311675581093,315.2981795041042,100.57446808510639,100.62962962962963,0.7145896010104935,0.7344949823555785,1190.5106382978724,1186.7407407407406,21.415021485767696,9.263817187040779,133.25531914893617,133.2962962962963,1.9942099351610167,1.1756913603080528,0.0,0.0,0.0,0.0,16683.82978723404,16781.555555555555,271.5710587728319,353.9734915278282,9033.617021276596,8994.333333333334,33.36331830507347,37.37368663685948,-1152.936170212766,-412.5740740740741,860.1988749892898,662.3226313469967,27.170212765957448,26.12962962962963,1.3723852440529782,1.7914503062770806,9467.021276595744,9481.703703703704,28.629939757337745,32.70025655062358,16592.76595744681,16638.11111111111,314.80333493385496,198.73388546673132,27813.702127659573,27747.88888888889,149.61107766670125,312.24045322304204,-57.212765957446805,62.5,496.5247897034037,383.56587832974395,0.2553191489361702,0.16666666666666666,0.44075454602617337,0.3761773969316394,350.0425531914894,348.6666666666667,4.053755353981689,3.9429899583083867,19430.63829787234,19496.185185185186,288.8947774094056,431.66868296397166,49.765957446808514,50.74074074074074,0.42797632794384366,0.4423430404998858,47.939499999999995,55.1196,2877.6428571428573,3.5550082101806
3120,751.5869565217391,751.9245283018868,0.49782134039883513,0.3310273404798107,753.1304347826087,753.1509433962265,0.748589656240283,0.7441108895622925,3025.021739130435,1741.301886792453,693.7155193154687,354.5693262420711,100.58695652173913,100.67924528301887,0.6523832192310718,0.6729265849104513,1189.4130434782608,1187.4905660377358,20.19194128244291,11.313067055926968,133.19565217391303,133.52830188679246,1.558055272409827,1.501329841083277,0.021739130434782608,0.09433962264150944,0.1474419561548971,0.2950978288503027,16354.739130434782,16400.471698113208,215.69829080687003,245.7954593507482,8949.847826086956,8904.830188679245,29.166165627166485,56.26097699699129,-1348.195652173913,333.07547169811323,1065.7306438842836,860.4498566058027,27.5,25.67924528301887,0.9831920802501716,1.3696375840915607,9424.0,9456.641509433963,22.902692709228226,40.031763513308704,16623.82608695652,16500.30188679245,317.0631415803363,170.26287197535103,27947.91304347826,27895.43396226415,181.11946040444693,283.5745397485697,49.41304347826087,61.60377358490566,491.53092255328863,409.2279945506512,0.30434782608695654,0.2641509433962264,0.4652151338606117,0.44509909856926216,350.407062445375,348.35209936087955,5.340032025089883,4.4108653285153725,19209.217391304348,19300.79245283019,237.57758153154157,384.9689976773641,49.130434782608695,50.660377358490564,0.3405026123034989,0.5167723880162012,46.949299999999994,54.09139999999999,3340.740740740741,3.60866910866909
3121,751.5454545454545,751.82,0.5036862005093606,0.43752550946037344,753.2876122718656,753.2867031809564,0.7134319875402969,0.7174216873994226,2580.5454545454545,1457.1,619.6242467723166,317.0695700392863,100.47727272727273,100.72,0.6283472733951246,0.7835033829029758,1193.7954545454545,1187.8,28.956727575498004,14.216977490999687,133.25,133.44,1.672277377681999,1.4020393310154564,0.0,0.0,0.0,0.0,16603.93181818182,16740.28,235.34204674060908,319.8388650427535,9020.863636363636,8977.24,35.51978872573009,43.65708676136948,-1188.8181818181818,-388.06,1040.8421070242869,638.1571494130102,27.204545454545453,26.1,1.2309864725334119,1.5681784571500115,9477.75,9484.48,36.16443389671349,32.75713974207182,16661.0,16626.32,342.05194763912857,161.47299515171395,27815.68181818182,27735.92,160.38496895402903,334.57812851654313,6.409090909090909,-10.06,520.8584737554677,360.3359775746712,0.38636363636363635,0.14,0.49254484347415617,0.35050983275386566,348.8863636363636,349.54,3.81073092598714,4.0467169863170565,19424.18181818182,19536.12,288.63812321549574,444.0945679763748,49.95454545454545,50.92,0.4288733457829312,0.34046786536608487,44.89840000000001,51.070600000000006,2833.703703703704,8.898656898656892
3123,751.6739130434783,751.8679245283018,0.5187312653039766,0.3418128057789456,753.3695652173913,753.377358490566,0.6785178504873571,0.6571036417005564,2615.0434782608695,1454.9056603773586,599.2400356199969,318.1271676154617,100.76086956521739,100.73584905660377,0.7050542172594694,0.711200052896144,1190.9347826086957,1186.8490566037735,21.02844863925807,10.763893037542624,133.3913043478261,133.0754716981132,1.3412806628089138,1.2534422849431848,0.021739130434782608,0.018867924528301886,0.1474419561548971,0.137360563948689,16548.782608695652,16639.132075471698,211.53806203806693,329.5135714338195,9025.065217391304,8983.094339622641,40.199724804980335,46.39639581117359,-1215.9782608695652,-376.7358490566038,1053.68883218551,538.4150583298024,27.58695652173913,26.39622641509434,1.0661683618666487,1.5608136763770828,9465.91304347826,9485.33962264151,33.92267421779952,30.84573489792919,16520.260869565216,16582.264150943396,338.03999991997057,173.21842047002622,27790.869565217392,27713.43396226415,152.0500807403281,284.20993794092254,14.478260869565217,52.339622641509436,482.4385620818208,374.9257333329355,0.30434782608695654,0.1320754716981132,0.46521513386061164,0.34181280577895967,349.2608695652174,349.77358490566036,4.999710136525452,3.614295917357807,19436.91304347826,19539.169811320753,279.61011157101285,442.8145008330692,49.19565217391305,50.62264150943396,0.4010854836782188,0.5624949604676689,46.91990000000001,54.07640000000001,2869.0,4.448107448107426
3124,751.531914893617,751.9074074074074,0.504374939460691,0.3511984075327318,753.063829787234,753.3888888888889,0.7634092673843059,0.6845096486679405,2594.3829787234044,1464.2777777777778,614.8946376056241,318.9610739050557,100.74468085106383,100.74074074074075,0.7931249450990601,0.6780990406090464,1190.5744680851064,1186.5925925925926,20.097311826353877,10.683294168172917,133.04255319148936,133.61111111111111,1.8991696905262263,1.3376502443092655,0.0,0.0,0.0,0.0,16475.106382978724,16658.90740740741,238.55281377165258,285.8583412546325,9029.021276595744,9003.055555555555,34.82033973419047,38.36636531418366,-1302.2340425531916,15.333333333333334,966.313978426716,851.7671973553372,27.659574468085108,26.01851851851852,1.0273773225121374,1.5356240295163206,9454.36170212766,9459.222222222223,26.999537461348766,34.97582273657906,16437.82978723404,16589.14814814815,333.8296440811468,185.03955797443444,27813.191489361703,27683.25925925926,138.92234901710103,310.61237052630105,-2.297872340425532,-90.4074074074074,440.7824522514094,379.9598548068595,0.3829787234042553,0.1111111111111111,0.491368607293056,0.31722063428725766,349.78723404255317,349.1666666666667,5.060229287693725,4.2548529451563475,19436.08510638298,19526.88888888889,271.0639127094518,442.1910569172666,49.40425531914894,50.75925925925926,0.4960528753410615,0.47325389831584047,47.976575000000004,55.18322499999999,2873.5714285714284,4.251231527093679
3126,751.5652173913044,751.8703703703703,0.5012062743707019,0.33904952030451496,753.1521739130435,753.2777777777778,0.96534142041613,0.7627325916003043,2608.9347826086955,1455.2592592592594,609.7757475653166,315.10059401183423,100.65217391304348,100.53703703703704,0.6738740833369651,0.664829754430381,1191.4565217391305,1186.9814814814815,22.209814168754995,10.963904312050575,133.2826086956522,133.1851851851852,1.4856804423601955,1.3041888113403788,0.0,0.018518518518518517,0.0,0.1360827634879543,16495.760869565216,16676.61111111111,188.938342062825,302.1510566029689,9031.978260869566,8996.074074074075,34.808357317322944,42.467679986856716,-1326.5434782608695,-222.53703703703704,840.999635526985,668.5714625147925,28.23913043478261,26.296296296296298,1.0787808470407823,1.5250070167438898,9436.739130434782,9474.296296296296,33.80035159751922,35.87695409424268,16640.652173913044,16606.037037037036,346.7118058683637,184.45943082760377,27789.869565217392,27712.703703703704,170.9317743943019,296.4074598423161,21.347826086956523,-71.83333333333333,412.73366270332554,337.43515100249334,0.41304347826086957,0.16666666666666666,0.49782134039886405,0.3761773969316394,348.8478260869565,348.5925925925926,4.560542810306432,4.384873305622323,19424.956521739132,19540.51851851852,273.7047035297315,443.8142030404213,49.28260869565217,50.629629629629626,0.4552432062223371,0.5247208169200976,47.0098,55.14669999999999,2861.8888888888887,5.973748473748448
3127,751.5434782608696,751.8679245283018,0.5036101551853177,0.3940780793903941,753.1739130434783,753.377358490566,0.6767355572842119,0.7132378795739591,2607.8260869565215,1446.0,605.0891689788035,313.7253821172513,100.65217391304348,100.73584905660377,0.7368820591398079,0.7881561587807915,1190.7826086956522,1187.0566037735848,22.750739224598938,11.10858139239766,133.32608695652175,133.47169811320754,2.0336540493089106,1.4754891442515106,0.021739130434782608,0.0,0.1474419561548971,0.0,16685.67391304348,16699.075471698114,219.99798527843384,275.11884488320453,9021.695652173914,8992.358490566037,30.431613361559,42.84367574711517,-1331.2173913043478,-626.3396226415094,961.6327068075069,655.049732210529,27.130434782608695,26.69811320754717,1.203858530857692,1.2797972444639776,9472.869565217392,9466.207547169812,30.782107859131653,29.640382076436765,16552.304347826088,16516.264150943396,289.9575347885897,168.83402762013907,27795.521739130436,27679.924528301886,161.8104156969494,310.63036709844823,119.6304347826087,85.62264150943396,527.3315363937211,394.75309841503827,0.30434782608695654,0.16981132075471697,0.46521513386061164,0.3790600245041255,349.32608695652175,349.7358490566038,5.159906751207758,4.72778588362389,19441.608695652172,19550.037735849055,271.12329940132696,420.4454580132919,49.869565217391305,50.77358490566038,0.3405026123034995,0.46581233568409197,46.980599999999995,54.0903,2858.259259259259,4.630647130647108
3128,751.6,751.9423076923077,0.4954336943068096,0.307645169843289,753.2222222222222,753.2307692307693,0.794552157704652,0.6140634384863561,2598.688888888889,1442.2884615384614,604.4409446385606,316.8667275078094,100.44444444444444,100.75,0.6590473688161083,0.7637626158259709,1190.4888888888888,1186.8076923076924,22.397871471741308,10.439439661806121,133.2,133.5,1.5608855295516224,1.3932610920384678,0.0,0.057692307692307696,0.0,0.23543547789870936,16721.51111111111,16738.26923076923,213.0008132957394,263.5266192146276,9028.0,8997.134615384615,38.27413083153008,32.077741868444946,-1145.8,-12.096153846153847,884.356098577326,885.0417351323571,27.177777777777777,26.115384615384617,1.4188485871055123,1.5422652826643037,9470.155555555555,9477.576923076924,30.358431175446647,32.216392218896885,16550.844444444443,16534.615384615383,384.3702024419329,210.2459954011062,27803.022222222222,27685.26923076923,161.79932701412065,311.69241470980967,26.11111111111111,40.44230769230769,563.0038843004315,395.38461857580506,0.3333333333333333,0.15384615384615385,0.47673129462279623,0.3643213074786544,349.2888888888889,349.63461538461536,4.7702783519995515,4.224247681732395,19384.933333333334,19536.576923076922,294.6238279569424,432.50865779179105,49.84444444444444,50.76923076923077,0.36652889973838865,0.4692666207899614,45.9922,53.0961,2863.1481481481483,5.20757020757016
3129,751.6,751.8846153846154,0.49543369430689443,0.378534125891658,753.2444444444444,753.3076923076923,0.8830617078086614,0.5437149461664313,2595.0222222222224,1442.5961538461538,614.0508377269193,316.95229180278034,100.64444444444445,100.8076923076923,0.6451058953083703,0.7930695278587477,1190.7777777777778,1187.5,22.73752294105381,11.73481496884126,133.6,133.34615384615384,1.9116865471476867,1.3986634430225446,0.0,0.0,0.0,0.0,16582.666666666668,16655.903846153848,220.27152665414008,299.09374618090095,9027.022222222222,8989.98076923077,34.400375849485485,42.743874866608785,-1188.4666666666667,-395.9423076923077,919.4305203864953,743.4594392317616,27.77777777777778,26.596153846153847,1.125911527464203,1.537244994119579,9461.355555555556,9474.75,33.33313636305449,34.55820608543111,16567.155555555557,16594.653846153848,341.2164039776437,184.56125871973023,27805.733333333334,27688.26923076923,175.11481947568083,321.8861152512658,-107.77777777777777,-0.11538461538461539,359.88059186908146,416.6493637432947,0.28888888888888886,0.21153846153846154,0.45836776730155243,0.412383719156125,350.75555555555553,348.88461538461536,4.686322242613724,4.012987963873066,19431.155555555557,19555.53846153846,252.76488856027623,403.791756732887,49.333333333333336,50.69230769230769,0.47673129462279734,0.5063696835418332,45.9474,53.681599999999996,2856.259259259259,4.82600732600725
3130,751.6222222222223,751.8461538461538,0.4903101471558981,0.4146633590727109,753.1777777777778,753.3461538461538,0.8336363085599509,0.6826883245056431,2602.288888888889,1443.8846153846155,604.3988607106096,318.32950334496076,100.33333333333333,100.5,0.5640760748177648,0.6416889479197492,1191.088888888889,1187.4807692307693,21.535195528823202,12.030175107710274,132.82222222222222,133.44230769230768,2.1029080394116635,1.1784579744677883,0.044444444444444446,0.038461538461538464,0.20840907713999274,0.19418390934515437,16440.222222222223,16593.653846153848,258.8110831623652,271.32181056243405,9016.91111111111,8986.365384615385,38.82526252456007,50.14802748497126,-926.2888888888889,-332.38461538461536,939.0549316448239,713.6228518346604,28.155555555555555,26.76923076923077,1.127256435203218,1.4500221041639674,9443.933333333332,9453.23076923077,29.477572368282125,51.48942986314765,16574.977777777778,16516.23076923077,351.34226312612356,201.80932715037414,27805.37777777778,27698.153846153848,176.73854455469927,285.60107819696566,-10.71111111111111,-97.88461538461539,476.4304118900654,404.6892128218381,0.3111111111111111,0.23076923076923078,0.46817936647391795,0.4254356298115171,349.5111111111111,349.0769230769231,4.065499087231816,3.9647770446236525,19429.866666666665,19554.923076923078,307.7272700416276,436.3030897480348,49.77777777777778,50.67307692307692,0.4204374825912636,0.5502638884280802,45.9474,53.1233,2864.0,4.214896214896184
3131,751.5434782608696,751.8679245283018,0.54595570594165,0.34181280577892326,753.1086956521739,753.2264150943396,0.6047317447362928,0.6972889654269753,2595.521739130435,1442.7169811320755,588.1323259694553,314.84436798559636,100.82608695652173,100.79245283018868,0.7689631641542296,0.7167901357397158,1189.9782608695652,1186.8867924528302,20.274219130527694,10.235046084895899,133.06521739130434,133.0943396226415,2.004463618062266,1.2288855323703243,0.0,0.0,0.0,0.0,16720.32608695652,16590.30188679245,209.52698625956174,259.8448194378311,9015.782608695652,9010.245283018869,34.81564976557288,37.31204469397643,-1420.195652173913,72.33962264150944,854.9803017760822,864.6403419340638,26.956521739130434,26.547169811320753,0.8933463118243922,1.2795136957190627,9492.173913043478,9448.867924528302,27.091863762495198,43.26840992609642,16608.08695652174,16517.811320754718,382.2015655579865,202.7682512513477,27817.391304347828,27684.30188679245,164.5540071102465,296.74448895833336,15.326086956521738,-88.01886792452831,580.529874983874,408.14663138886544,0.32608695652173914,0.1320754716981132,0.5187312653039767,0.3418128057789596,349.5652173913044,349.2641509433962,4.679279022874484,4.641580232388646,19396.304347826088,19534.037735849055,297.8518550155949,453.89315763582533,49.32608695652174,50.679245283018865,0.4739595775584869,0.5104140440579097,47.0196,54.1157,2853.296296296296,5.123931623931562
3132,751.6304347826087,751.8490566037735,0.48802074874715,0.36141955244319995,753.2608695652174,753.4716981132076,0.8009656008342764,0.8458899179358984,2589.021739130435,1438.3207547169811,606.1392025353924,313.34637835818154,100.43478260869566,100.79245283018868,0.7498792173275048,0.7932040809768774,1191.2173913043478,1187.4150943396226,22.446888468835947,10.895365920822622,133.7608695652174,133.33962264150944,1.1960078522353772,1.239469430944844,0.0,0.0,0.0,0.0,16774.065217391304,16582.264150943396,220.9026333703408,266.073959566435,9031.369565217392,8997.283018867925,30.618337784661815,35.91677204020467,-1168.7173913043478,68.28301886792453,797.5417136577589,789.081851495738,26.869565217391305,26.62264150943396,1.0458105979398358,1.2743990302271218,9478.0,9450.471698113208,29.176093714622777,48.27429789697237,16533.521739130436,16507.094339622643,357.20450035303816,160.67959807198605,27817.782608695652,27676.45283018868,167.73430220221962,310.7969016550436,44.45652173913044,73.94339622641509,396.853720967072,427.01006181147983,0.1956521739130435,0.05660377358490566,0.4010854836782195,0.23329531793437602,348.0869565217391,348.9811320754717,4.646748382622088,3.8455297026234345,19437.565217391304,19563.094339622643,269.3092111453472,429.6359041789358,49.30434782608695,50.660377358490564,0.465215133860611,0.5167723880162012,46.9591,54.1482,2843.5555555555557,5.112332112332057
3133,751.4888888888889,751.8461538461538,0.5055250296034182,0.4146633590727137,753.1111111111111,753.25,1.049290284435193,0.6530471562110088,2576.2,1434.3846153846155,613.209574140996,317.10610297341555,100.84444444444445,100.75,0.7371799939189488,0.7890177562056779,1191.5333333333333,1186.9807692307693,22.95905446263365,11.152227219067038,133.04444444444445,133.01923076923077,1.894436298451048,1.3059499527296947,0.0,0.0,0.0,0.0,16728.022222222222,16700.78846153846,201.02786881525643,269.26270695075783,9022.222222222223,9013.115384615385,33.10924677823747,33.20385865017718,-1410.2444444444445,58.07692307692308,857.249198826624,917.9416839556247,26.88888888888889,26.173076923076923,1.1123730207865214,1.7458202616889487,9484.355555555556,9458.711538461539,32.93047466430093,39.81247047634483,16669.11111111111,16593.846153846152,325.28213084407986,185.26328743491436,27830.0,27679.615384615383,190.03970876922185,305.2230398780495,-46.577777777777776,-82.40384615384616,473.64790763186153,405.0580815101481,0.35555555555555557,0.11538461538461539,0.48409031630826316,0.32260253903223585,349.1777777777778,349.0769230769231,4.6529017773315315,4.043130964236373,19410.62222222222,19541.80769230769,298.76589260800904,415.4317875846116,49.86666666666667,50.69230769230769,0.3437758254761643,0.5063696835418333,45.98444,53.1522,2844.925925925926,5.637973137973093
3134,751.531914893617,751.811320754717,0.5457768229098643,0.39499774943785926,753.2553191489362,753.4150943396227,0.7652247497754129,0.6334873644587188,2562.978723404255,1442.0566037735848,618.564062597776,316.34823892801927,100.70212765957447,100.79245283018868,0.7197491597174472,0.7431350060085254,1190.8297872340424,1187.245283018868,21.833678760452035,11.801084794297806,133.0212765957447,133.24528301886792,1.9614697428883348,1.385441617698936,0.02127659574468085,0.0,0.1458649914978945,0.0,16569.44680851064,16621.77358490566,217.7909656479218,255.8630674576242,9032.127659574468,8990.0,30.33911023119671,46.52253382874014,-1341.0,-372.6981132075472,879.0403364143641,730.8745705529691,27.74468085106383,26.81132075471698,0.9661237004780207,1.3164141821569812,9453.36170212766,9454.056603773584,26.25413055031206,36.77343057067349,16564.297872340427,16554.075471698114,238.51350475789945,183.22955852580554,27805.27659574468,27689.20754716981,191.9825288844127,288.5060563616161,-15.27659574468085,-90.49056603773585,544.8198227147593,419.72397626945576,0.2978723404255319,0.16981132075471697,0.46226726774346893,0.3790600245041255,347.9148936170213,349.24528301886795,4.485870509451553,4.384876370405955,19419.021276595744,19529.32075471698,307.7435048134336,432.9817802875283,49.297872340425535,50.64150943396226,0.46226726774346794,0.5223592789024087,47.939479999999996,54.10929999999999,2841.3571428571427,5.233716475095817
3135,751.5434782608696,751.7924528301887,0.5036101551853345,0.40943162132390254,753.3913043478261,753.377358490566,0.881369158867613,0.7132378795739939,2580.608695652174,1440.622641509434,599.6146717595993,317.04993700429395,100.6304347826087,100.71698113207547,0.7988518330752759,0.7936613909491301,1190.608695652174,1186.9056603773586,21.27333047202481,10.767229753968646,133.17391304347825,133.35849056603774,1.9471272038123486,1.3880581292228351,0.0,0.09433962264150944,0.0,0.2950978288503027,16651.239130434784,16403.132075471698,256.6768989114192,276.94827604667427,9017.260869565218,8985.981132075472,31.620973899267597,44.63117682570769,-1388.7826086956522,261.37735849056605,805.5725338207457,736.2010915298966,27.543478260869566,26.735849056603772,0.9593173901647268,1.402620396535692,9475.565217391304,9482.716981132075,27.009177184318467,41.942441034612486,16577.695652173912,16531.20754716981,366.5277233452824,203.41898391956533,27804.391304347828,27721.245283018867,163.74973835580371,325.27721346925347,-33.76086956521739,-9.641509433962264,572.1509973495772,374.93471710417197,0.2391304347826087,0.1509433962264151,0.4312659714888843,0.3614195524432012,349.9782608695652,348.58490566037733,5.25140882868496,4.221893315090499,19403.652173913044,19531.584905660377,272.2996076539652,435.545874734848,49.30434782608695,50.62264150943396,0.46521513386061103,0.5624949604676688,46.929680000000005,54.11950000000001,2841.074074074074,4.616605616605576
3136,751.4888888888889,751.75,0.5486438744852301,0.4372373160976081,753.1333333333333,753.3653846153846,0.8146387933534722,0.6271268487830775,2576.8,1435.8461538461538,595.8896557402065,318.9821670973059,100.68888888888888,100.73076923076923,0.7013695116835271,0.794969098311364,1190.8222222222223,1187.1538461538462,20.350663255763802,10.965873292807307,133.11111111111111,133.03846153846155,1.89763276242009,1.454695419391151,0.0,0.019230769230769232,0.0,0.13867504905630726,16674.444444444445,16339.48076923077,255.55168091046068,220.22150082779814,9028.533333333333,8978.384615384615,34.57705492480068,47.705038927401006,-1461.4888888888888,135.07692307692307,868.8416693878386,836.3510578734466,27.355555555555554,27.173076923076923,1.1312815652161845,1.0612821296303334,9467.555555555555,9482.134615384615,28.642431616202813,34.491845496168125,16499.37777777778,16538.076923076922,394.53098097550617,183.1454844559958,27800.444444444445,27732.346153846152,148.92273096468512,340.285859334983,30.0,-13.615384615384615,594.3084598544308,350.65312472059867,0.24444444444444444,0.15384615384615385,0.5703091488416833,0.3643213074786545,350.5111111111111,349.2307692307692,5.667379634292379,3.750113120465776,19412.977777777778,19583.69230769231,289.6225199123919,414.23179730732096,49.333333333333336,50.61538461538461,0.4767312946227944,0.5654720795051243,45.8985,53.05629999999999,2838.777777777778,4.916971916971881
3137,751.4222222222222,751.8301886792453,0.49949469416099646,0.42678805119004026,753.1333333333333,753.2264150943396,0.9676588429625461,0.750423199421065,2569.9555555555557,1435.1698113207547,619.1646482286934,315.80609531854896,100.82222222222222,100.62264150943396,0.8336363085599703,0.7652655420063632,1191.1777777777777,1186.867924528302,21.855193775153232,10.83625988530574,133.0888888888889,133.1509433962264,1.635156681708937,1.4195913065046708,0.0,0.0,0.0,0.0,16507.266666666666,16552.43396226415,225.0444804517945,274.361602314142,9027.511111111111,8985.66037735849,33.876528628524085,40.572794691585635,-1186.7333333333333,-400.3207547169811,899.9732672797463,632.0098518458304,27.844444444444445,26.79245283018868,0.9989893883219162,1.3917129811030278,9457.044444444444,9455.811320754718,31.126541988496122,35.67700002682954,16637.6,16620.943396226416,322.80295143406795,205.06681979431028,27816.62222222222,27717.622641509435,179.00981294698047,310.25524395339227,-83.8,-38.867924528301884,470.5341065794758,341.09766465925003,0.2,0.1509433962264151,0.40451991747794525,0.3614195524432011,348.97777777777776,349.35849056603774,5.524692047727375,4.759986827804336,19420.48888888889,19532.415094339623,285.66005084096975,439.9995381974115,49.266666666666666,50.64150943396226,0.44721359549995976,0.5223592789024087,45.947379999999995,54.0953,2841.8888888888887,4.681929181929089
3138,751.4893617021277,751.7924528301887,0.505291152639903,0.4094316213238933,753.1914893617021,753.2641509433962,0.9002004093857494,0.7633666171392315,2547.021276595745,1432.7358490566037,617.526816504905,315.7384598624065,100.61702127659575,100.69811320754717,0.7954542451072872,0.7489712344372863,1191.4468085106382,1187.4150943396226,22.744142591042372,11.973422430636496,132.74468085106383,133.41509433962264,2.3356228580530973,1.262384225676391,0.0425531914893617,0.018867924528301886,0.20402970888857871,0.137360563948689,16609.936170212764,16556.905660377357,212.27406446827922,271.4535846534178,9026.574468085106,8979.358490566037,38.74484239496872,40.276971058879596,-1267.276595744681,-672.6792452830189,929.6633963576761,696.4433207261269,27.70212765957447,27.056603773584907,1.0196950442895905,1.498911070636882,9459.27659574468,9452.88679245283,28.718046233395736,42.90806826467565,16501.489361702126,16554.716981132075,288.7073041907011,178.6651764698953,27792.0,27735.20754716981,179.9613485071779,324.4567861762062,16.893617021276597,126.09433962264151,562.1706082538101,377.80679149283856,0.2553191489361702,0.2641509433962264,0.48758879264427674,0.4450990985692622,349.48936170212767,350.0943396226415,5.07711121400456,4.2619251290367846,19417.787234042553,19526.905660377357,280.6232919901701,445.4590658976668,49.340425531914896,50.660377358490564,0.4789751624985074,0.5167723880162011,47.95905,54.0802,2827.035714285714,5.556923918992938
3139,751.4666666666667,751.7884615384615,0.5877538136452861,0.41238371915613636,753.0222222222222,753.2115384615385,0.81153302987973,0.7231884320809094,2567.1111111111113,1424.9615384615386,597.5824485611025,315.512341608677,100.71111111111111,100.82692307692308,0.7574545357560173,0.7063064336961263,1190.088888888889,1187.3076923076924,20.972733621432287,11.925485087414105,133.2,133.03846153846155,1.5608855295516215,1.2827901340061307,0.0,0.038461538461538464,0.0,0.19418390934515434,16733.11111111111,16529.423076923078,213.2476390386433,351.7510453266435,9022.08888888889,8992.615384615385,32.236217789525625,45.38080869583974,-1260.4666666666667,-181.82692307692307,907.098511238393,863.8524229709027,27.4,26.865384615384617,1.1946852000726873,1.2990018212163452,9473.755555555555,9464.384615384615,31.362365660102533,38.87897453166052,16483.51111111111,16509.423076923078,365.00240486270116,176.1863258536198,27810.4,27680.23076923077,165.6209253358123,311.78666760064374,103.55555555555556,-24.923076923076923,569.9492224414523,473.1659264642981,0.28888888888888886,0.1346153846153846,0.45836776730155243,0.3446422500840349,349.31111111111113,349.15384615384613,5.08036425958818,4.675277554451862,19409.022222222222,19583.53846153846,291.8444860544797,409.3356866607856,49.422222222222224,50.63461538461539,0.4994946941609598,0.5250152622934189,45.9179,53.148300000000006,2830.4444444444443,4.80097680097676
3140,751.5869565217391,751.8653846153846,0.49782134039889336,0.34464225008403365,753.1304347826087,753.2307692307693,0.7777087616032183,0.7570682517832927,2538.586956521739,1432.0576923076924,628.7576666583417,319.86543821913483,100.54347826086956,100.9423076923077,0.6898154902783936,0.777463486021389,1191.5869565217392,1187.0961538461538,22.29456943040078,12.183659283831595,133.67391304347825,133.26923076923077,1.9212767494106775,1.3153003774637342,0.021739130434782608,0.15384615384615385,0.1474419561548971,0.3643213074786545,16721.043478260868,16314.653846153846,214.79643660625229,234.3196145217535,9020.673913043478,8975.442307692309,38.31277961888973,49.52654802503489,-1373.9130434782608,217.84615384615384,922.9330257653094,722.080691395967,27.08695652173913,26.923076923076923,1.0713664578268802,1.1520851317630825,9479.804347826086,9484.192307692309,32.865124754376914,38.040246211414406,16623.82608695652,16479.384615384617,354.41214578810053,147.36830662625025,27812.130434782608,27717.46153846154,200.71357244653748,302.65650377287017,-30.717391304347824,-6.519230769230769,410.58390199776477,423.0184481391602,0.34782608695652173,0.25,0.48154341234307685,0.4372373160976032,348.69565217391306,349.84615384615387,5.041470531578353,4.741905860680232,19435.608695652172,19566.884615384617,314.7603305699176,413.108239808756,49.56521739130435,50.69230769230769,0.501206274370741,0.5063696835418331,46.949160000000006,53.109400000000015,2827.296296296296,5.265567765567731
3141,724.9911268855367,775.392464678179,0.5050469916434905,0.33408662996258043,753.1304347826087,753.4423076923077,0.7777087616031986,0.7518203148505822,2610.717391304348,1426.2307692307693,662.6492842469866,314.62262582616285,100.52173913043478,100.71153846153847,0.7223151185146139,0.7231884320808957,1187.7826086956522,1186.9807692307693,14.115260525762391,10.740231100985014,133.32608695652175,133.32692307692307,1.6740416538835599,1.367997733144469,0.0,0.0,0.0,0.0,16396.347826086956,16719.596153846152,224.2999199872356,308.54689538477555,9016.739130434782,8999.884615384615,27.428642598251127,37.14552929906902,-1186.9782608695652,-45.09615384615385,709.2240043919812,852.9692144322858,28.195652173913043,26.134615384615383,1.2223759235810907,1.6453004511822837,9463.021739130434,9460.288461538461,33.83061672537644,32.2790143315155,16665.260869565216,16541.615384615383,324.4798528094267,163.05949279341283,27794.521739130436,27695.23076923077,208.77310800967174,286.7112105418579,-117.43478260869566,5.865384615384615,487.6751036943397,307.7486260204847,0.2391304347826087,0.17307692307692307,0.4312659714888843,0.3820047143818447,349.17391304347825,349.7307692307692,5.078513990118187,4.593752725448345,19400.08695652174,19540.115384615383,307.28805350369225,436.8556837058735,48.95652173913044,50.69230769230769,0.20618457094236317,0.5063696835418333,46.96090000000001,53.15220000000001,2916.3703703703704,5.338827838827814
3142,751.5116279069767,751.8541666666666,0.5057805388588301,0.3566739576374207,753.1860465116279,753.2708333333334,0.6638923447398759,0.6760203740267868,2542.6976744186045,1359.75,602.9161883981538,325.6997377170208,100.67441860465117,100.79166666666667,0.747087367637631,0.713347915274831,1185.3747946405754,1192.6344845630558,35.38954241115424,19.296492166429545,133.8372093023256,133.60416666666666,2.137312871877294,1.4838073989447225,0.046511627906976744,0.0,0.21308263231644636,0.0,16274.162790697674,16557.5,206.0428677348659,247.30186567423522,9150.53488372093,9080.875,50.44060573123396,55.61020302832088,-691.1627906976744,-244.375,830.768460386514,811.5083572149995,29.13953488372093,27.083333333333332,1.245590228209621,1.1998817908680592,9547.232558139534,9521.75,50.84843829099726,38.234160953651674,16597.302325581397,16486.5,277.4430473417425,144.72894694948377,27988.13953488372,27877.625,205.24336093843095,316.4708735883692,-47.883720930232556,54.270833333333336,395.9335688207788,399.9204037605127,0.23255813953488372,0.375,0.4274625743754584,0.48924605479008165,349.72093023255815,349.5416666666667,5.603254077491168,3.9462254161997627,19448.74418604651,19534.458333333332,248.92723100223637,450.4173458704656,46.348837209302324,47.0,0.8418720898838228,0.412568498503518,43.9141,50.011599999999994,2811.576923076923,5.224957264957273
3143,751.5,751.811320754717,0.5477225575052712,0.39499774943783983,752.9782608695652,753.2641509433962,0.9997584249270371,0.6248366985500118,2323.2391304347825,1278.6792452830189,552.9414750940889,288.7974918376666,100.71739130434783,100.79245283018868,0.7199704771188215,0.6609576550511231,1191.195652173913,1187.301886792453,21.821110640048044,10.994027934188006,132.7608695652174,133.18867924528303,1.8035124077285762,1.3453138577696697,0.021739130434782608,0.0,0.14744195615489714,0.0,16704.847826086956,16536.490566037737,307.25573621921757,258.5181605465391,9094.021739130434,9041.264150943396,47.7160532643935,44.53786243333439,-438.3478260869565,-523.622641509434,950.493584463504,646.2905760633314,28.41304347826087,28.962264150943398,1.0451174725364458,1.091263631528983,9473.45652173913,9437.33962264151,42.08388792861684,41.7487647888326,16588.739130434784,16508.867924528302,311.18165004330024,197.64089791412619,27747.565217391304,27604.377358490565,189.53412500408132,324.54371676692307,-99.1086956521739,-38.509433962264154,396.19222204833125,335.6563961187731,0.21739130434782608,0.24528301886792453,0.41702882811414954,0.43437224276306946,349.2185071657121,349.38216590238153,3.9675617063531377,4.945273798921457,19531.521739130436,19697.35849056604,304.154693034131,421.93177968170664,49.869565217391305,50.62264150943396,0.3405026123034995,0.527199243256272,46.92965,54.14820000000001,2560.1111111111113,4.194139194139154
3301,751.5217391304348,751.811320754717,0.5050469916434958,0.3949977494378397,753.0434782608696,753.2830188679245,0.7875848240491122,0.7172961648431392,767.2608695652174,467.49056603773585,170.45448200262325,97.65217368125207,100.78260869565217,100.56603773584905,0.8141264842560701,0.7723449299738523,1233.695652173913,1230.1698113207547,21.480605790358215,12.792329205511287,133.52173913043478,133.43396226415095,1.573942402373837,1.2635334150137478,0.0,0.018867924528301886,0.0,0.13736056394868904,16556.91304347826,16616.54716981132,250.0507349485492,239.88840081922532,8994.217391304348,8976.32075471698,26.906350380927964,34.08742921061478,-664.5,61.264150943396224,654.6854291269291,1005.9355987748115,28.282608695652176,26.77358490566038,0.5441831178017948,1.3249311946425772,9381.5,9380.792452830188,28.35391409390331,34.59844287879376,16509.043478260868,16526.150943396227,278.2337112350568,173.23654307005182,28256.304347826088,28125.622641509435,175.8276769472793,323.2072582495574,188.6086956521739,-40.132075471698116,521.280196706398,377.87090987307016,0.2826086956521739,0.03773584905660377,0.45524320622233805,0.19238024756109728,349.7826086956522,351.1698113207547,4.141459986678113,5.014348063525014,19307.82608695652,19378.603773584906,249.11891888973827,422.28218507490953,49.17391304347826,50.81132075471698,0.48553969175601913,0.44100426361034173,46.96894999999999,54.18794999999999,843.2962962962963,2.234432234432225
3302,751.6086956521739,751.8490566037735,0.5365842946956275,0.4112002326723709,753.1304347826087,753.4150943396227,0.7485896562403782,0.534716397302604,776.3695652173913,468.9433962264151,175.52199719005174,98.23840998273606,100.67391304347827,100.71698113207547,0.8957764558957766,0.6899653974201577,1233.1739130434783,1229.9622641509434,23.241059784428565,11.678320256175853,133.6086956521739,133.64150943396226,1.6796595008058433,1.2724044413665356,0.0,0.018867924528301886,0.0,0.137360563948689,16489.630434782608,16735.11320754717,275.4873950490621,282.57617491554197,8990.782608695652,8980.811320754718,30.4768859910281,37.50438774523755,-1161.0652173913043,102.33962264150944,852.4043746218083,944.9266341768433,28.5,26.60377358490566,1.1105554165971807,1.2761061964716887,9409.847826086956,9390.301886792453,32.41396639399978,38.87385165539163,16531.260869565216,16457.245283018867,254.81264880366118,165.8165002530462,28245.608695652172,28120.037735849055,190.78579940875846,342.1069312287853,79.06521739130434,-49.113207547169814,467.0961072733873,333.85508488986875,0.21739130434782608,0.07547169811320754,0.41702882811414954,0.2666787612158108,350.04347826086956,349.8490566037736,5.525522687147671,4.667383661831807,19295.91304347826,19390.30188679245,247.39817892862126,414.49234867697527,49.15217391304348,50.81132075471698,0.46986481764428945,0.4826451066612381,46.9532,54.187799999999996,854.7407407407408,1.686813186813184
3303,751.5106382978723,751.7169811320755,0.5052911526399606,0.45477629710261785,753.1276595744681,753.2264150943396,0.6794185902089521,0.7756265317089499,773.8297872340426,469.58490566037733,182.48184175882508,100.24612671632528,100.65957446808511,100.69811320754717,0.6684373647831926,0.6380530982358454,1233.4468085106382,1230.2641509433963,21.315241036932584,11.731205825942418,133.2127659574468,133.33962264150944,1.7685190342396897,1.357931065238233,0.0,0.0,0.0,0.0,16676.297872340427,16722.849056603773,254.05536155433654,306.481169971615,8983.063829787234,8977.830188679245,32.09862807261877,30.813793021118506,-1030.4255319148936,133.0754716981132,730.9637100574191,983.2587078191463,28.106382978723403,27.0,1.0264765092547428,1.6290629680421054,9434.148936170213,9411.716981132075,26.784955806185586,40.41866351009071,16579.27659574468,16484.79245283019,197.14899487307434,173.4657313187387,28236.72340425532,28132.528301886792,193.52133936121646,346.46392884583673,48.42553191489362,62.16981132075472,561.1548551940571,399.7496204765147,0.3191489361702128,0.09433962264150944,0.4711864293980077,0.2950978288503027,348.1063829787234,350.0,5.556954289948191,4.57417499917492,19300.85106382979,19386.56603773585,257.8154866602998,425.29128070037996,49.170212765957444,50.62264150943396,0.43334637898719586,0.5624949604676688,48.000080000000004,54.0783,860.6428571428571,1.7712096332786096
3304,751.625,751.8518518518518,0.5696210012862392,0.4078201327262803,752.875,753.2777777777778,0.8660254037844517,0.6845096486679841,779.5625,472.1296296296296,181.81343094010617,99.58120727009519,100.45833333333333,100.68518518518519,0.713347915274831,0.7479298240230657,1233.1041666666667,1230.5740740740741,20.801227033501867,11.377902867171358,133.375,133.90740740740742,1.5928697506554572,1.2924821595574458,0.0,0.018518518518518517,0.0,0.1360827634879543,16649.895833333332,16730.574074074073,291.09881626920696,348.7283963337422,9007.6875,8972.888888888889,30.15432381402136,40.26968833678926,-765.5208333333334,-211.22222222222223,807.702046116895,1045.1762091514045,28.083333333333332,26.90740740740741,0.9186792863702073,1.674092471900042,9418.104166666666,9413.87037037037,29.375224459682364,35.94547563641535,16552.291666666668,16497.925925925927,372.16536923354033,158.1620678055344,28214.75,28138.11111111111,200.03856011258125,337.9843507969674,44.708333333333336,-12.148148148148149,638.7809852861311,375.3901822887355,0.22916666666666666,0.09259259259259259,0.42474439539379416,0.2925824198357195,349.7083333333333,350.22222222222223,5.123821435148847,4.566765366421803,19308.875,19383.51851851852,269.0721349931795,419.76398313503506,49.145833333333336,50.592592592592595,0.4120309497429757,0.5993241010148871,49.01568,55.2183,864.551724137931,1.5709359605911248
3305,751.6521739130435,751.8301886792453,0.48154341234311043,0.37906002450413046,753.2608695652174,753.2075471698113,0.5748345697752507,0.660957655051135,792.5434782608696,472.54716981132077,171.8698094517073,100.0360638888519,100.58695652173913,100.67924528301887,0.7172815023567731,0.6729265849104524,1231.7173913043478,1229.9811320754718,19.38230928046188,10.472474114476212,133.30434782608697,133.43396226415095,1.631217203568362,1.37993079484031,0.021739130434782608,0.018867924528301886,0.14744195615489714,0.13736056394868904,16585.956521739132,16645.43396226415,256.4072244190859,281.26585489901896,8992.369565217392,8974.698113207547,30.24665909606283,33.77276150166658,-930.9565217391304,66.62264150943396,831.2814460290073,939.066582926797,28.456521739130434,27.528301886792452,1.0894753424190622,1.4358563993030247,9445.45652173913,9415.132075471698,31.15317463526101,36.68631988580252,16609.695652173912,16543.056603773584,236.7584676007942,151.40450342534265,28240.521739130436,28121.66037735849,191.44151867466857,351.62189829615915,-106.32608695652173,-85.98113207547169,541.6641868393625,356.3736959648072,0.21739130434782608,0.05660377358490566,0.41702882811414954,0.23329531793437602,349.7391304347826,349.3018867924528,4.887329571265296,4.5682217785158805,19284.956521739132,19382.377358490565,236.71858177279236,421.858717983926,49.130434782608695,50.60377358490566,0.45258249841812903,0.5993465236761412,46.95315,54.077749999999995,868.925925925926,1.607448107448093
3306,751.6304347826087,751.7547169811321,0.4880207487472313,0.43437224276306047,753.1304347826087,753.2452830188679,0.7182910475465378,0.7045364099713686,793.0652173913044,473.24528301886795,170.27956126766136,100.79699813531869,100.58695652173913,100.81132075471699,0.7172815023567704,0.6521150138524063,1231.6521739130435,1229.4528301886792,18.273499198206636,10.483624662623294,133.34782608695653,133.32075471698113,1.4638972535947066,1.397437007052282,0.021739130434782608,0.0,0.14744195615489714,0.0,16594.67391304348,16700.33962264151,276.9961134382638,351.2130595629207,8994.391304347826,8988.415094339623,33.44280574411583,35.28969884686518,-1289.1739130434783,-20.830188679245282,998.7795954029281,911.5908270678215,28.652173913043477,27.037735849056602,1.0794523571257566,1.818307160213156,9445.891304347826,9414.754716981131,33.992958918556695,36.84108579184728,16486.17391304348,16559.056603773584,249.3553737449004,173.4756040368103,28227.608695652172,28109.509433962263,183.89108832988543,340.5761872655898,75.43478260869566,-168.39622641509433,587.9156648580706,359.14114108001525,0.2608695652173913,0.05660377358490566,0.44396108982135163,0.23329531793437605,349.9782608695652,348.8867924528302,4.855645650785312,4.290689281897265,19305.608695652172,19389.509433962263,229.2909338965436,432.38531706024713,49.108695652173914,50.58490566037736,0.4335005251600163,0.6023659207386686,47.01565,54.141,868.5185185185185,1.4829059829059776
3307,751.5652173913044,751.8490566037735,0.5012062743707878,0.361419552443184,753.1521739130435,753.3018867924528,0.6981687571973971,0.6675127673909855,792.5869565217391,474.0943396226415,176.95179206488936,100.60418712630192,100.6304347826087,100.69811320754717,0.678517850487334,0.6675127673909298,1231.9130434782608,1229.9622641509434,20.040876103001224,11.661841562171483,133.2173913043478,133.71698113207546,1.6043419347128844,1.459417145124488,0.021739130434782608,0.018867924528301886,0.1474419561548971,0.13736056394868904,16518.695652173912,16727.056603773584,347.2294706876286,350.04919517417767,8995.978260869566,8980.037735849057,34.55654890847448,34.7396704426993,-1040.9347826086957,83.98113207547169,1072.974399656786,1113.1841455683993,28.391304347826086,26.88679245283019,1.2557115887825916,1.6131714744861423,9422.847826086956,9423.0,29.073827398770966,36.06937759374322,16493.956521739132,16513.622641509435,301.1159951116464,178.855359096404,28229.565217391304,28116.415094339623,183.30444041101734,348.86350835260083,4.5,-22.18867924528302,603.2092966421817,392.93706956535254,0.32608695652173914,0.11320754716981132,0.47395957755848783,0.3198784239297659,348.9130434782609,350.20754716981133,4.68485070060471,5.089047404309488,19297.260869565216,19392.56603773585,243.8671254581634,427.3361813622887,49.130434782608695,50.58490566037736,0.45258249841812903,0.6023659207386686,47.1251,54.09420000000001,874.074074074074,1.6965811965811866
3308,751.5869565217391,751.7735849056604,0.49782134039887455,0.4225157909640133,753.1521739130435,753.1132075471698,0.7591630275609149,0.6095514542075681,794.0434782608696,474.24528301886795,176.91805466834884,100.2653989056386,100.65217391304348,100.79245283018868,0.7060812450686396,0.7431350060085267,1232.608695652174,1229.3962264150944,20.03827255902467,10.268210132850136,133.43478260869566,133.52830188679246,2.2474892056400595,1.3097823304906773,0.043478260869565216,0.0,0.20618457094236217,0.0,16669.978260869564,16575.528301886792,224.45454765130654,312.76198887268754,8984.195652173914,8962.33962264151,29.149895799484106,46.93979097501214,-1198.0652173913043,-177.47169811320754,1041.793270219383,727.2486508376196,28.282608695652176,27.28301886792453,1.408908852477465,1.5238786355189196,9441.326086956522,9469.88679245283,28.238708144693152,37.246920563139774,16567.478260869564,16563.509433962263,308.7826807988957,147.32011490438964,28238.869565217392,28118.79245283019,183.0213841416894,347.8605688010095,24.565217391304348,-131.96226415094338,533.5325732917204,401.9526360475128,0.30434782608695654,0.07547169811320754,0.46521513386061164,0.2666787612158108,347.89130434782606,348.9622641509434,4.59578677036341,4.3763449104288314,19300.869565217392,19386.33962264151,248.40563678482343,434.6164951114138,49.108695652173914,50.490566037735846,0.4335005251600163,0.5414596195411195,46.96885,54.1565,874.7407407407408,1.5122100122099966
3309,751.4565217391304,751.7962962962963,0.5036101551853271,0.4065329539256906,753.0869565217391,753.2222222222222,0.8117494675499672,0.6344412685745623,802.5434782608696,473.72222222222223,176.5394141099927,99.38592904974908,100.45652173913044,100.70370370370371,0.6898154902783898,0.6903548343746967,1233.0652173913043,1230.3333333333333,20.808547574828758,10.999142333630866,133.47826086956522,133.27777777777777,1.7222611807966917,1.4197616949475207,0.0,0.018518518518518517,0.0,0.1360827634879543,16563.58695652174,16670.0,266.9322490892862,440.3416769428371,8980.565217391304,8973.592592592593,30.370784334007354,42.59839598296495,-1194.0434782608695,92.20370370370371,799.4578428610713,963.8586833636235,28.58695652173913,27.27777777777778,1.3593476696403022,1.9173159961077935,9449.282608695652,9422.24074074074,29.12094553064923,40.17270977618621,16545.478260869564,16481.74074074074,300.8803187042567,161.814264033565,28235.08695652174,28081.925925925927,191.76963333784545,321.7522691627674,-16.891304347826086,-31.037037037037038,516.3809200477608,378.5511088328793,0.2826086956521739,0.07407407407407407,0.45524320622233805,0.2643505285727147,350.3695652173913,348.462962962963,4.557575845177023,4.713341013340361,19296.260869565216,19426.85185185185,273.23725423420836,432.13146180245326,49.08695652173913,50.46296296296296,0.4631336239393434,0.6054146548133401,46.968799999999995,55.1562,877.925925925926,1.7576312576312512
3310,751.5434782608696,751.7547169811321,0.5036101551852858,0.43437224276308195,753.1086956521739,753.0566037735849,0.7667611787995187,0.7183071535969543,801.6739130434783,474.0188679245283,175.81392364881762,99.4472203591196,100.58695652173913,100.58490566037736,0.6523832192310771,0.5695464546512463,1231.9565217391305,1230.1509433962265,19.704434381618785,8.80645791541446,133.17391304347825,133.1320754716981,1.865527602774879,1.4680931621174567,0.043478260869565216,0.0,0.20618457094236217,0.0,16698.260869565216,16271.754716981131,224.53828525642228,253.35114774529978,8988.326086956522,8964.67924528302,29.125822332941045,47.82088921771921,-1115.2608695652175,-210.81132075471697,849.3488338403096,726.1010222309019,27.97826086956522,28.358490566037737,1.1252482281164584,1.2724044413665354,9438.717391304348,9434.169811320755,24.61224902223208,38.242010653336145,16489.565217391304,16559.811320754718,319.805194327485,180.0936782518999,28204.434782608696,28101.66037735849,190.14890681590734,338.33068390124816,-31.065217391304348,-69.77358490566037,457.6981733352189,404.8834894856237,0.2391304347826087,0.1320754716981132,0.4312659714888843,0.34181280577895967,351.0869565217391,349.8867924528302,4.298971902709979,4.339710985407323,19303.043478260868,19413.35849056604,274.87976818332965,440.2336396444555,49.06521739130435,49.924528301886795,0.32674651493803997,0.2666787612158107,47.109480000000005,54.09420000000001,876.925925925926,1.6965811965811866
3311,751.5434782608696,751.8703703703703,0.5036101551853807,0.43637859174336174,753.0217391304348,753.425925925926,0.6827763725255612,0.767299893447804,798.4782608695652,476.25925925925924,179.62513300147359,99.84028475429298,100.71739130434783,100.64814814814815,0.6884134248242567,0.648871514083457,1232.5869565217392,1230.2222222222222,20.917378300729837,10.69943864982563,133.3913043478261,133.07407407407408,1.9261736493723052,1.3296595088607577,0.0,0.018518518518518517,0.0,0.1360827634879543,16533.347826086956,16711.222222222223,274.7254967248665,369.31786517117257,8989.108695652174,8981.12962962963,34.068707219296996,40.149741556204816,-1235.2173913043478,204.9814814814815,927.4613358348687,989.6686788972443,28.91304347826087,27.203703703703702,1.1893244946704775,1.916951487359994,9434.173913043478,9435.166666666666,28.456832296441913,33.92208052537198,16621.434782608696,16513.14814814815,232.63692762890935,162.2472382423215,28215.565217391304,28097.185185185186,197.12958537457462,324.7200288477342,-80.26086956521739,0.05555555555555555,498.8475355939087,330.41537132836737,0.2826086956521739,0.07407407407407407,0.455243206222338,0.2643505285727147,349.32608695652175,349.0740740740741,5.613690993459497,4.412041207542267,19305.91304347826,19414.074074074073,264.9642178011489,400.88674596293225,49.130434782608695,50.574074074074076,0.3405026123034981,0.6019418843587434,47.06253,55.156,879.2962962962963,1.8284493284493066
3312,751.5217391304348,751.7358490566038,0.5050469916434951,0.4450990985692477,753.1739130434783,753.2830188679245,0.7973385681569255,0.6615063954155053,792.4130434782609,478.1132075471698,188.72102586586567,101.32746995933505,100.6304347826087,100.56603773584905,0.6095060168210481,0.6357743298912164,1232.0,1229.7735849056603,19.331034346068694,11.30119379234228,133.65217391304347,133.0754716981132,1.7665709572105754,1.1742273499522675,0.021739130434782608,0.0,0.1474419561548971,0.0,16531.543478260868,16694.094339622643,269.60165730793966,386.48386692127355,8990.565217391304,8972.0,33.74456477973768,34.47351268616339,-1187.8478260869565,52.075471698113205,917.2230788246131,873.2095494618732,28.97826086956522,27.20754716981132,1.1640757981197418,1.8745100956499958,9412.652173913044,9428.490566037735,25.826960410740874,36.99772479569635,16518.347826086956,16515.735849056604,247.02615402614109,137.65622606604435,28205.08695652174,28094.56603773585,191.57949624540362,310.98760236444105,-25.543478260869566,-44.54716981132076,441.56196024374606,366.19428250576624,0.2391304347826087,0.11320754716981132,0.4312659714888843,0.31987842392976584,349.19565217391306,348.41509433962267,4.7310772332989455,4.753274022527674,19318.521739130436,19402.905660377357,281.40297235502334,436.3750267898099,49.08695652173913,50.39622641509434,0.35440635538079374,0.6604084587327355,47.4847,54.1251,881.8888888888889,1.8266178266178097
3313,751.5777777777778,751.7358490566038,0.4994946941609377,0.4450990985692688,753.3777777777777,753.1698113207547,0.7473860171195668,0.6998859538031479,803.8222222222222,475.47169811320754,178.92409371890454,99.68404003372643,100.6,100.60377358490567,0.6536610186271861,0.5663521139548541,1232.111111111111,1229.1698113207547,19.621674266231715,8.990883949561622,133.37777777777777,133.0566037735849,1.6554165760931705,1.5740087764834862,0.022222222222222223,0.018867924528301886,0.14907119849998596,0.137360563948689,16444.355555555554,16389.037735849055,273.90883980852584,303.68360067322027,8991.066666666668,8961.547169811322,31.382102600628368,37.41018271382964,-1246.8666666666666,-279.7358490566038,851.4353015510179,715.6860385710451,28.955555555555556,28.339622641509433,1.043498389499901,1.4403978647263664,9425.866666666667,9450.622641509433,33.960270905868455,29.441092694431205,16507.244444444445,16552.188679245282,306.02771380409587,182.44293698028275,28228.977777777778,28123.132075471698,200.68592477809764,333.9724791595769,-25.68888888888889,47.0377358490566,474.8045445818264,418.63100891542217,0.24444444444444444,0.09433962264150944,0.4346134936801766,0.2950978288503027,350.06666666666666,350.1509433962264,4.589513739344979,4.857176397293661,19310.133333333335,19416.188679245282,267.1582438794045,434.73090954696494,49.022222222222226,49.905660377358494,0.33634998607300803,0.295097828850302,46.0,54.0933,881.1481481481482,1.8113553113552994
3314,751.4666666666667,751.7924528301887,0.5477225575051992,0.4094316213239105,753.1555555555556,753.1698113207547,0.7673909622147849,0.6718473114252903,809.1777777777778,476.6981132075472,179.9458616676502,99.82630779078625,100.55555555555556,100.62264150943396,0.6236095644623229,0.765265542006368,1232.6666666666667,1230.2075471698113,19.15605766995249,10.138196036175511,133.33333333333334,133.47169811320754,1.8949694168796216,1.3950981987067537,0.022222222222222223,0.0,0.14907119849998596,0.0,16561.644444444446,16683.22641509434,205.98699821674109,338.1870011552218,8978.466666666667,8980.67924528302,25.601491433827906,38.61086613940257,-1332.0,-162.45283018867926,749.2529916220191,705.9796947951052,28.733333333333334,27.471698113207548,1.1159993483217372,1.6710633830554356,9447.488888888889,9441.11320754717,28.459398688963418,28.462296502673084,16559.2,16538.830188679247,296.9613993893359,170.09338338429797,28214.044444444444,28093.245283018867,194.63041380986095,333.41755443036067,41.666666666666664,-24.79245283018868,530.6378665856269,336.5699926344368,0.24444444444444444,0.1320754716981132,0.43461349368017665,0.34181280577895967,349.7111111111111,350.2641509433962,5.619051287694153,4.852243507255277,19300.977777777778,19401.88679245283,254.9700952954092,425.3068421910426,49.06666666666667,50.528301886792455,0.33028912953790823,0.6386215198169379,45.90628,54.1407,886.3333333333334,1.5378510378510277
3315,751.5,751.7777777777778,0.547722557505224,0.4624245646453345,753.0869565217391,753.3703703703703,0.7838958818766621,0.7083410407769318,800.3478260869565,479.05555555555554,182.42224735076152,101.80492197514211,100.65217391304348,100.77777777777777,0.6738740833369647,0.6635145607498325,1232.4347826086957,1229.888888888889,20.272205574149528,10.715297945595987,133.04347826086956,133.2962962962963,1.9995168498540439,1.461836911503845,0.0,0.018518518518518517,0.0,0.1360827634879543,16745.82608695652,16561.09259259259,239.99780594810275,450.28713139375,8984.608695652174,8977.148148148148,31.167988036780095,39.72994090170593,-1113.5434782608695,-38.75925925925926,775.7775656726393,985.2017691092747,27.891304347826086,27.5,1.100065874180372,1.9303924715817855,9458.108695652174,9422.5,28.034287150535224,40.592196480287946,16559.739130434784,16516.59259259259,256.5624407241601,154.15289133311538,28228.17391304348,28114.62962962963,186.30003332114111,342.99344271724704,102.3913043478261,-35.2962962962963,491.25297752044753,282.66959375091403,0.30434782608695654,0.037037037037037035,0.4652151338606117,0.19062587709298626,349.0652173913044,350.22222222222223,3.5112655136355584,4.939890254172706,19309.217391304348,19396.40740740741,261.01493469774204,434.921529184138,49.08695652173913,50.24074074074074,0.41236914188472457,0.5806692685522011,46.906330000000004,55.15610000000001,883.7777777777778,1.9047619047619047
3316,751.5957446808511,751.6981132075472,0.5380954525023369,0.5032550072500037,753.2553191489362,753.3207547169811,0.8461700185409036,0.7278415113211958,791.936170212766,480.1698113207547,188.9852081001739,101.15253824889656,100.80851063829788,100.54716981132076,0.7412767444354962,0.6952043898642345,1233.2340425531916,1229.7924528301887,20.897485563285226,10.422531972322247,133.48936170212767,133.33962264150944,1.7429652448021857,1.2851727843489957,0.0425531914893617,0.0,0.20402970888857874,0.0,16612.85106382979,16680.32075471698,232.293665219304,366.9858398853311,8992.191489361701,8990.698113207547,37.176803367195255,34.74001511539254,-1228.9787234042553,332.39622641509436,847.9965004378595,877.0807861138572,28.48936170212766,27.11320754716981,0.9058347201562302,1.8151115388326657,9439.255319148937,9411.88679245283,30.950499107520656,36.94104470293917,16532.0,16507.77358490566,304.57782613629763,178.70674748457736,28226.08510638298,28109.77358490566,198.39659772977305,331.70762389544643,72.63829787234043,117.77358490566037,481.05307605257906,433.2252319481365,0.2553191489361702,0.1320754716981132,0.44075454602617337,0.34181280577895956,350.06382978723406,349.2641509433962,4.8740852221731386,4.165568311934569,19312.936170212764,19392.037735849055,261.6342787885184,419.0273518823627,49.1063829787234,50.56603773584906,0.37498072722599246,0.6047705846741347,48.0157,54.12500000000001,882.5,1.893814997263292
3317,751.5434782608696,751.7735849056604,0.5459557059416429,0.5054133660055088,753.2391304347826,753.0754716981132,0.8215103328949328,0.7298328734868537,803.9347826086956,478.77358490566036,181.58480139212736,100.80324352028066,100.54347826086956,100.69811320754717,0.6220582944862421,0.6380530982358456,1232.0434782608695,1229.8867924528302,18.04187292782989,9.320491026513897,132.84782608695653,133.64150943396226,1.8253449147958385,1.2104407910191755,0.0,0.0,0.0,0.0,16612.782608695652,16662.32075471698,236.79329129418406,375.2848545584501,8988.760869565218,8966.547169811322,29.489873804491644,35.019536326575206,-1305.8695652173913,-252.0566037735849,913.0054060615328,839.0362010869362,28.67391304347826,27.641509433962263,1.0552376841490787,1.7769284174864315,9437.108695652174,9449.037735849057,28.024773374736167,32.7431509362884,16534.434782608696,16537.66037735849,273.4805824652037,173.58781233762625,28214.565217391304,28122.867924528302,190.74854327958852,336.0619241092244,-46.91304347826087,-66.47169811320755,380.48500195799556,334.07982715867274,0.2608695652173913,0.05660377358490566,0.44396108982135163,0.23329531793437602,350.8695652173913,349.3207547169811,4.987133203007626,4.041960610062236,19306.91304347826,19401.43396226415,274.4464186594106,431.28544489494567,49.06521739130435,49.905660377358494,0.326746514938038,0.2950978288503003,46.9844,54.12480000000001,885.4814814814815,1.686813186813184
3318,751.4565217391304,751.7924528301887,0.5459557059416938,0.49452737989213685,753.3260869565217,753.188679245283,0.7903402312671501,0.6219264046735501,743.1304347826087,439.54716981132077,168.90452381227453,94.94280991890611,100.5,100.66037735849056,0.6582805886043838,0.6487679514758096,1232.2608695652175,1229.9811320754718,19.93816528125418,9.999020271309908,133.32608695652175,133.52830188679246,1.898003018684953,1.2026217127737349,0.021739130434782608,0.018867924528301886,0.1474419561548971,0.137360563948689,16928.08695652174,16633.245283018867,241.58199216249233,278.34365212672833,9042.565217391304,9025.283018867925,30.82254021827681,37.62536856885252,-850.4130434782609,-24.90566037735849,797.3626688050203,809.787537761293,27.608695652173914,28.11320754716981,1.1638682794804012,1.1034975403146157,9484.130434782608,9426.754716981131,30.782829770760987,54.91143416741441,16560.739130434784,16480.830188679247,275.7014032755652,178.6885704933682,28099.130434782608,28007.396226415094,194.79842672141893,329.9197069930955,108.84782608695652,54.35849056603774,545.7419808497747,450.6270457902829,0.2608695652173913,0.07547169811320754,0.44396108982135163,0.26667876121581074,350.6181379007466,349.5389746521822,5.248096043070737,5.185877327653889,19432.782608695652,19552.075471698114,259.5193774005643,421.81165360568156,49.06521739130435,49.9811320754717,0.38885438080160273,0.3095012139739994,46.9376,54.0938,818.5185185185185,1.548840048840035
3319,751.78,751.8070175438596,0.41845195759643894,0.4407216683718114,753.1431039365618,753.1588934102462,0.7354021529276252,0.6312655864226404,811.24,488.2456140350877,175.87003086115052,98.48046954704022,100.54,100.66666666666667,0.7059513771774815,0.7637626158259722,1227.78,1228.7894736842106,7.92642184502599,3.063243158258372,133.58,133.31578947368422,1.9804143042117544,1.4657749624691692,0.0,0.0,0.0,0.0,16711.36,16745.684210526317,238.9216215089989,358.95011381879584,9002.48,8984.017543859649,34.01514668616978,35.00280153485167,-1252.14,-40.75438596491228,701.8649503796499,1061.7870764608826,28.06,27.12280701754386,1.0382481320346622,1.7224378014749515,9435.48,9440.59649122807,27.665819182167454,34.279241765827976,16478.32,16445.263157894737,305.9057771435443,168.00962199441625,28162.76,28074.877192982458,197.38944826336146,335.1187460212281,72.0,103.19298245614036,498.60896297517917,418.42401762004926,0.28,0.08771929824561403,0.4535573676110727,0.28540083056153326,348.84,350.4035087719298,4.841824584402294,4.087697785179018,19324.28,19445.473684210527,255.78881914579327,410.2512342308911,48.16,48.94736842105263,0.37032803990901986,0.22528177844479194,51.016000000000005,58.21960000000001,891.2,1.2164627363737481
3320,751.531914893617,751.8518518518518,0.5457768229097836,0.3585825031987368,753.2553191489362,753.4444444444445,0.7362680604231558,0.6913663438320188,795.0425531914893,476.81481481481484,176.45469395690913,99.16463803573077,100.44680851063829,100.53703703703704,0.6188527477552755,0.6358166035260131,1231.1489361702127,1228.5740740740741,13.660445475268933,5.890836670088132,133.38837926345826,133.17206720672067,1.5680670944130357,1.3701673221056059,0.0,0.0,0.0,0.0,16590.40425531915,16750.24074074074,340.7418160409578,312.97332065361644,8954.510638297872,8928.425925925925,29.74593310925471,41.0244298371847,-903.3617021276596,-271.35185185185185,984.2438816174514,658.7691254581405,26.127659574468087,26.25925925925926,1.1724560115340892,0.7569847132173336,9439.340425531915,9436.018518518518,30.21536939441702,42.40393838096494,16496.255319148935,16510.37037037037,332.35460816561226,194.72867396459884,28170.85106382979,28041.48148148148,200.39905609464952,304.8286088651592,-16.97872340425532,-33.03703703703704,421.80695612224974,365.3772908106247,0.3191489361702128,0.07407407407407407,0.47118642939800764,0.26435052857271474,350.1489361702128,350.0925925925926,4.925438507974417,5.464356263829921,19319.702127659573,19393.037037037036,244.27104643368898,429.9956543423627,49.02127659574468,49.851851851851855,0.32898802027400775,0.3585825031987434,48.031600000000005,55.15700000000001,872.1428571428571,1.590585659551182
3321,751.5,751.8076923076923,0.5055250296035155,0.39795859172026427,753.2826086956521,753.1538461538462,0.7199704771187938,0.6969011347053143,806.4565217391304,477.84615384615387,182.46457269797628,101.50579711357442,100.52173913043478,100.96153846153847,0.6232221089639317,0.7659810692776324,1232.304347826087,1230.0192307692307,20.11066004245001,10.617208348816199,133.3913043478261,133.25,1.6529873410762823,1.4934497503641495,0.0,0.019230769230769232,0.0,0.13867504905630726,16593.32608695652,16295.173076923076,255.9815144669482,261.5657021014741,8981.0,8968.134615384615,29.257477676655757,46.69090218562958,-1117.0434782608695,-346.59615384615387,947.6499108970509,775.8347878408989,28.52173913043478,28.403846153846153,0.9829463743659795,1.0893353862380508,9450.847826086956,9440.096153846154,30.75275408899146,27.65562710204286,16594.434782608696,16547.384615384617,286.61702300176825,182.48418183891445,28216.82608695652,28104.96153846154,185.13302176757298,338.48925962851496,-42.78260869565217,26.76923076923077,479.45060749169414,410.5578517370311,0.2608695652173913,0.09615384615384616,0.4914731871829905,0.29767829619260583,350.0869565217391,349.5,4.997003933276285,5.093248125762997,19303.304347826088,19395.615384615383,249.29240925870397,429.87458973045227,49.130434782608695,49.94230769230769,0.4525824984181289,0.307645169843286,46.99999999999999,53.063,886.9629629629629,2.030525030525022
3322,751.6444444444444,751.8653846153846,0.5289593366204896,0.3446422500840296,753.1777777777778,753.2884615384615,0.747386017119581,0.6667609284793102,813.8666666666667,477.34615384615387,182.53301071313103,101.73762575724365,100.66666666666667,100.73076923076923,0.603022689155528,0.7171672109392994,1232.3111111111111,1229.9615384615386,19.72287806563539,10.947220147566052,133.35555555555555,133.48076923076923,1.4640472476782822,1.5401856854617801,0.022222222222222223,0.019230769230769232,0.14907119849998596,0.13867504905630726,16750.355555555554,16631.153846153848,232.26475445408423,374.0394959021306,8996.977777777778,8976.23076923077,34.498016338815546,38.91802112163636,-624.3111111111111,14.961538461538462,1011.6520202624072,898.7192621821315,28.11111111111111,27.692307692307693,1.3688452701957858,1.6866077049888937,9443.511111111111,9414.846153846154,28.98951395232295,41.527871394570575,16595.777777777777,16550.153846153848,263.31806630082207,174.92310743389194,28226.266666666666,28083.576923076922,195.18131430684033,343.009594912606,-65.02222222222223,-26.673076923076923,419.47941161358176,328.67945652761455,0.3333333333333333,0.057692307692307696,0.4767312946227962,0.23543547789870933,350.06666666666666,349.34615384615387,5.284626072606535,5.140704977154582,19299.82222222222,19412.30769230769,278.1980400630973,444.1387143525376,49.044444444444444,50.11538461538461,0.3665288997383885,0.5108181117463282,45.9219,53.06250000000001,892.7037037037037,1.6550671550671499
3323,751.5434782608696,751.75,0.5036101551853156,0.43723731609758665,753.3260869565217,753.3076923076923,0.700931057826733,0.7806096546167984,805.5869565217391,478.53846153846155,186.5532484111537,102.38421706234361,100.52173913043478,100.86538461538461,0.623222108963933,0.7417215310091764,1232.891304347826,1229.923076923077,20.981715066928164,10.676795718636626,133.34782608695653,133.34615384615384,1.4939491483885954,1.370338664089513,0.021739130434782608,0.019230769230769232,0.1474419561548971,0.13867504905630726,16586.847826086956,16623.01923076923,262.70887709835705,311.7730754945314,8990.478260869566,8972.903846153846,30.460713590848506,32.992726242567876,-958.6304347826087,35.65384615384615,866.9750825253324,845.0401286356317,28.97826086956522,28.076923076923077,1.0217442696961885,1.6668174894050078,9425.021739130434,9422.23076923077,23.688242869439446,39.6957129036133,16617.391304347828,16519.346153846152,277.8459587821889,162.34251912031246,28228.565217391304,28131.96153846154,202.63669210068284,344.53526308828594,-65.58695652173913,-47.5,550.5491228900249,362.6268270361068,0.2608695652173913,0.057692307692307696,0.44396108982135163,0.23543547789870936,349.6521739130435,349.38461538461536,4.4979866671624364,3.9860238488599418,19284.130434782608,19418.153846153848,259.97586287069333,448.57278617267747,49.08695652173913,49.94230769230769,0.35440635538079673,0.30764516984328644,46.921980000000005,53.04730000000001,890.6666666666666,2.1196581196581152
3324,751.6,751.8269230769231,0.5393598899706701,0.4302828001262483,753.2444444444444,753.0961538461538,0.9806202943118495,0.6343010785267685,817.0222222222222,486.61538461538464,186.5737106211631,99.07951923188627,100.53333333333333,100.67307692307692,0.9438798074485443,0.9014401080918336,1233.0,1229.9423076923076,21.896450521820803,10.928310888872995,133.95555555555555,133.34615384615384,1.7958988070747537,1.3703386640895203,0.022222222222222223,0.057692307692307696,0.14907119849998596,0.23543547789870933,16523.2,16293.48076923077,231.26643430546517,297.8246944807198,8984.0,8956.23076923077,30.97726439004739,37.327178441145165,-1055.9333333333334,-36.32692307692308,812.273532074689,996.3134147633493,28.42222222222222,27.71153846153846,1.1577581959995087,1.5125169059050434,9420.0,9439.923076923076,27.040373854326766,31.44297431039507,16584.577777777777,16554.5,287.1156315120891,129.8178965879127,28247.155555555557,28149.076923076922,210.30777830637018,333.3566568009162,22.08888888888889,-21.73076923076923,429.7967184517806,416.8816597673458,0.3111111111111111,0.038461538461538464,0.468179366473918,0.19418390934515434,349.3777777777778,349.0576923076923,4.8724125482561575,4.416606192135569,19274.4,19376.96153846154,264.6818330132869,420.0801959634924,49.111111111111114,50.61538461538461,0.43808582711518057,0.5654720795051246,45.9689,53.06219999999999,902.5555555555555,1.5702075702075569
3325,751.6666666666666,751.7755102040817,0.5222329678671694,0.42156979070540457,753.2222222222222,753.3673469387755,0.5595813731096798,0.7272630642524515,818.3111111111111,485.9795918367347,194.6308653255535,100.67097599687439,100.62222222222222,100.83673469387755,0.9117637475317422,0.7731682324347379,1233.3777777777777,1230.6326530612246,21.801051777055587,14.443415278179831,133.57777777777778,133.6530612244898,1.9941834611609008,1.4223076965528447,0.06666666666666667,0.0,0.2522624895547565,0.0,16637.2,16698.816326530614,233.86870831146453,322.68371211021133,8971.044444444444,8968.367346938776,28.816784531017188,34.03166042914492,-970.6666666666666,247.0204081632653,903.9659838732872,948.1291334736512,27.6,26.122448979591837,1.321156518151633,1.8100719721098597,9443.111111111111,9431.857142857143,31.03386875819712,38.934774516706604,16544.933333333334,16517.30612244898,290.5657803790259,148.96283150527142,28246.577777777777,28118.04081632653,210.59207540223747,326.89689755739954,80.17777777777778,67.06122448979592,590.875440222883,445.4407652428503,0.3111111111111111,0.02040816326530612,0.46817936647391784,0.14285714285714285,351.24444444444447,348.59183673469386,5.174920094049566,4.751834590217665,19302.666666666668,19396.61224489796,285.82639359010676,420.25650978135707,49.15555555555556,50.69387755102041,0.47460775936822225,0.5478777856668495,45.906650000000006,51.203500000000005,910.8148148148148,1.5744810744810516
3326,751.5454545454545,751.86,0.5479155194831767,0.35050983275382586,753.3181818181819,753.52,0.8289171213579556,0.6141195788629851,823.5,484.82,186.3370913905951,100.61255044040213,100.25,100.7,0.9431515698555165,0.7626484465736632,1232.2045454545455,1230.26,20.12585927150664,11.658070691366484,133.3409090909091,133.22,1.8036549690440478,1.4327082959292503,0.022727272727272728,0.06,0.15075567228888181,0.23989793748209526,16329.022727272728,16329.04,365.5564403746236,280.6381183470754,8967.818181818182,8957.28,38.15346777940459,35.51776790192064,-1271.5,-147.64,914.9142163371458,885.6368804886303,28.977272727272727,28.1,0.9997356944581841,0.8144110179279564,9445.204545454546,9439.22,29.05454337080978,35.94967571026836,16469.545454545456,16576.64,302.6210658789997,200.42666326349556,28241.090909090908,28122.52,193.78168226266916,339.49994680051304,57.27272727272727,-77.48,623.5751521682784,367.7697394083556,0.22727272727272727,0.06,0.5650123013123249,0.23989793748209523,349.1136363636364,348.52,4.606445984582855,4.568034454282302,19312.136363636364,19386.24,286.8006025511069,414.75709931063477,49.13636363636363,50.64,0.46209377337410346,0.5627918743883504,44.9063,51.10980000000001,905.5925925925926,2.2991452991452865
3327,751.5909090909091,751.84,0.4973502728147266,0.4218520874352279,753.1818181818181,753.28,0.6567264579655812,0.6712765785411756,821.5909090909091,482.78,183.1273947451093,100.44214295619474,100.52272727272727,100.76,1.0672424010011603,0.7969328960560762,1232.2045454545455,1231.3,19.871189317825475,14.12083422407031,133.77272727272728,133.36,1.7099386139347081,1.535431867719359,0.0,0.0,0.0,0.0,16609.227272727272,16681.26,198.2648995704771,356.63700232669646,8982.795454545454,8967.24,40.40238281336774,36.969132187460225,-1199.9545454545455,-19.64,1004.4124038240479,975.5273144430604,28.431818181818183,27.26,1.370753099283972,1.7120223153228071,9424.704545454546,9421.88,25.62663906994332,32.79288125835338,16490.727272727272,16519.32,328.1066448606173,134.8411673346207,28258.909090909092,28128.88,192.58122033848812,330.0108000706433,122.6590909090909,-89.86,527.6860387548913,380.2033832740856,0.22727272727272727,0.04,0.42391510578572117,0.19794866372215741,349.5681818181818,350.04,4.474203721660156,4.611255086133029,19274.68181818182,19369.6,264.8200593757579,452.42494021728015,49.15909090909091,50.64,0.4794949774541988,0.5252793231671511,44.937580000000004,51.0471,902.5555555555555,1.597680097680085
3328,751.4565217391304,751.8823529411765,0.5459557059416881,0.3819454842528969,753.0869565217391,753.3725490196078,0.7550154363844062,0.7472826590715198,807.8478260869565,486.88235294117646,190.83197581948653,99.78289373611564,100.6304347826087,100.47058823529412,0.9032950951851267,0.8798395575665057,1233.5652173913043,1230.0,21.95617065773739,13.392535234226617,133.5,133.31372549019608,1.7480147469502516,1.2726381430466638,0.0,0.0,0.0,0.0,16613.456521739132,16708.470588235294,222.27297596741298,315.9595767145659,8987.04347826087,8971.843137254902,31.907474931773237,32.60329587573588,-819.1086956521739,303.94117647058823,881.6342962743395,916.9499967122463,28.565217391304348,27.058823529411764,1.1284635358268404,1.6420933555176738,9426.717391304348,9404.70588235294,29.05065540930459,37.56982518865053,16555.391304347828,16535.607843137255,235.40145173354523,146.9557863347166,28254.608695652172,28150.07843137255,209.13445736185636,323.0682802837338,52.82608695652174,-61.3921568627451,591.9584559127186,352.92974249452953,0.21739130434782608,0.058823529411764705,0.41702882811414954,0.23763541031440183,348.32608695652175,348.52941176470586,4.6142501392778925,3.214672245666549,19291.739130434784,19372.235294117647,264.57701544436895,420.61510140437485,49.15217391304348,50.666666666666664,0.46986481764429083,0.5163977794943189,46.984429999999996,52.64029999999999,898.9629629629629,1.443223443223438
3329,751.6590909090909,751.84,0.47949497745416125,0.37032803990899255,753.2727272727273,753.26,0.8173592294313152,0.6942915931555818,814.5909090909091,480.86,181.7414875242481,100.5594574855887,100.54545454545455,100.5,0.847830211571443,0.863074712399611,1232.0,1230.92,19.100712272120262,13.094382656042074,133.22727272727272,133.5,1.8784411692186804,1.2330483215451447,0.045454545454545456,0.0,0.21070705494148542,0.0,16641.977272727272,16658.52,248.97861014285638,338.83866728722114,8990.204545454546,8964.88,36.824902813591294,37.87500387283604,-772.8409090909091,-29.26,871.1824347211071,843.3890527423949,28.5,27.24,1.1102063499795372,1.9012348296701862,9434.40909090909,9425.12,30.87357429667027,34.1931130432995,16506.363636363636,16558.68,262.297992341667,154.50862732665448,28243.68181818182,28154.28,190.64929116016447,336.90282254195137,78.22727272727273,-136.72,529.6700097597565,313.39432291069517,0.3181818181818182,0.02,0.4711552981879444,0.14142135623730948,349.6363636363636,349.04,5.058223371762747,4.8232430448182715,19265.545454545456,19373.6,258.3240667596246,445.2398573940191,49.13636363636363,50.6,0.46209377337410346,0.5714285714285723,44.968799999999995,51.1098,895.1481481481482,1.6794871794871677
3330,751.6444444444444,751.8,0.4840903163082948,0.4517539514526347,753.1333333333333,753.14,0.7862453931068835,0.6391959234627806,803.8666666666667,478.9,190.81423617558715,99.89489374296552,100.44444444444444,100.66,0.942809041582065,0.9171829096728282,1233.9555555555555,1230.32,21.245272795650706,12.206455301208752,133.17777777777778,133.38,1.6277269271886292,1.5103723017176611,0.022222222222222223,0.0,0.14907119849998596,0.0,16508.222222222223,16696.52,347.5359947930103,285.17608166012076,8979.822222222223,8973.8,39.0589815587144,34.22256088415033,-1077.4,195.72,952.9008438351906,926.1180345277545,29.08888888888889,27.04,1.3787712286706963,1.4702491806021252,9443.422222222222,9419.78,26.468239019014614,44.14276005537043,16515.422222222223,16547.08,260.6849795938744,170.67558915877245,28231.066666666666,28127.84,201.73547035660357,325.52296135195616,16.822222222222223,82.12,468.20888349737515,396.6124742035702,0.15555555555555556,0.1,0.3665288997383894,0.30304576336566325,348.73333333333335,350.54,4.910100906202521,4.180664921238425,19304.933333333334,19382.12,278.9873245735854,428.7766004124107,49.17777777777778,50.72,0.4415308539043404,0.49651849134236226,45.953199999999995,51.0311,894.1111111111111,1.3913308913308693
3331,751.4347826086956,751.8461538461538,0.5437390678561108,0.36432130747865255,753.2826086956521,753.3461538461538,0.7502012612407504,0.7378988555115731,800.4565217391304,481.84615384615387,188.84911161168253,97.6902637522075,100.21739130434783,100.3076923076923,0.9407572240431447,0.7286426149573054,1233.6739130434783,1230.6538461538462,22.37166297680678,13.279624101968862,133.6086956521739,133.30769230769232,1.9261736493723056,1.2608503439122274,0.0,0.0,0.0,0.0,16682.717391304348,16749.05769230769,216.03658774933604,292.77009741377026,8988.608695652174,8972.846153846154,34.508922041742665,32.825375535318784,-858.2173913043479,132.46153846153845,875.2946656359911,998.4599604437582,28.608695652173914,27.057692307692307,1.1828075990731186,1.6734777869661344,9422.739130434782,9410.326923076924,27.802825422055424,35.897851349674006,16566.782608695652,16532.153846153848,356.88516130190686,183.0010591006943,28249.82608695652,28150.115384615383,185.40182239878945,333.11469224584744,5.521739130434782,30.673076923076923,696.6849037208025,390.51904732004897,0.41304347826086957,0.057692307692307696,1.2215852534313625,0.23543547789870933,349.8478260869565,349.90384615384613,4.579992194580181,4.451303467985819,19274.347826086956,19359.115384615383,265.30998367874207,431.13119125435367,49.17391304347826,50.76923076923077,0.43738352486815046,0.4692666207899636,47.078230000000005,53.093700000000005,889.925925925926,1.587912087912065
3332,751.4545454545455,751.82,0.5036862005093361,0.4375255094603781,753.0681818181819,753.34,0.7280981045808931,0.7453255691854619,803.0454545454545,474.38,182.81607920548907,99.04150645057861,100.75,100.7,0.7813226710387118,0.9313146293146649,1233.2045454545455,1229.3,20.95796406925339,11.798045497073716,133.1590909090909,133.66,1.8670108159548018,1.422989093135883,0.0,0.02,0.0,0.14142135623730948,16486.454545454544,16710.02,244.57684905799687,293.4530863316165,8985.318181818182,8969.96,28.50766745270618,39.482344284553974,-1357.6136363636363,32.84,945.6190347489272,1051.7561671328772,28.863636363636363,27.44,0.9786300127743613,1.5140161485133454,9428.454545454546,9408.64,33.163060526880216,28.70451859472918,16496.136363636364,16482.96,294.80727570690163,157.428436608706,28243.727272727272,28110.72,179.26547335327837,302.43117213268914,-31.84090909090909,71.36,431.2802975232146,358.90137125081355,0.1590909090909091,0.06,0.36998942902446824,0.2398979374820952,350.29545454545456,350.1,5.156073616369417,4.334248987508018,19282.545454545456,19405.12,272.58294701267454,411.65631791779276,49.18181818181818,50.76,0.4952202832720592,0.517450579322138,44.95309999999999,51.0781,877.1481481481482,2.778388278388273
3333,751.5555555555555,751.7692307692307,0.5025189076295763,0.46926662079000125,753.4,753.2692307692307,0.7804427647757983,0.7440057087959869,796.6444444444444,477.90384615384613,184.94042720876797,98.34936917077606,100.77777777777777,100.9423076923077,0.8226589066968623,0.9983017253524296,1233.088888888889,1230.1538461538462,21.615253686209456,11.428180881066595,133.57777777777778,133.46153846153845,1.5298379131150004,1.3204505835470497,0.0,0.019230769230769232,0.0,0.13867504905630726,16696.533333333333,16747.48076923077,192.06646576830494,285.9735001012856,8973.977777777778,8970.596153846154,32.58589271510619,37.255482352390125,-1090.5777777777778,259.96153846153845,938.7069803455682,1101.9284870846052,28.4,27.0,1.009049958219024,1.6686262989328062,9434.222222222223,9410.461538461539,27.244589862350345,36.441444590757236,16526.266666666666,16514.423076923078,330.1527470181589,171.08756457186234,28236.48888888889,28153.153846153848,209.45694092344874,326.51945770417456,10.511111111111111,-60.96153846153846,485.14035561522275,365.8092807246057,0.3333333333333333,0.057692307692307696,0.4767312946227962,0.23543547789870936,349.3777777777778,349.5,4.233464564895065,4.860807646923721,19278.48888888889,19362.423076923078,284.1274219768163,424.41181195117593,49.17777777777778,50.75,0.44153085390433777,0.5192377520339401,45.9376,53.1251,883.5555555555555,1.2063492063491843
3334,751.5111111111111,751.7692307692307,0.5486438744851113,0.4254356298114798,752.9333333333333,753.25,0.8366600265340576,0.58994848562081,800.1777777777778,474.84615384615387,179.45147342145535,96.12173340080727,100.68888888888888,100.51923076923077,0.9249624617007727,0.7794010927298091,1233.0222222222221,1229.923076923077,21.253330101516784,11.648186181861114,132.55555555555554,133.34615384615384,2.281900678616558,1.355954412221934,0.0,0.0,0.0,0.0,16671.266666666666,16675.923076923078,230.923974108757,309.80131812488384,8982.955555555556,8967.557692307691,32.15089109153574,42.55350194641474,-853.9111111111112,-48.25,914.0848583598945,796.8874468462761,28.644444444444446,27.423076923076923,1.2089731848209682,1.1605636535609831,9427.266666666666,9403.846153846154,27.770487932335595,45.485349770454235,16609.466666666667,16520.53846153846,300.1303959039377,166.55123000805077,28263.51111111111,28131.423076923078,197.41104121076495,339.50698662445456,-19.91111111111111,53.07692307692308,400.4375914502342,453.6571585418105,0.24444444444444444,0.15384615384615385,0.43461349368017654,0.36432130747865443,348.53333333333336,349.5192307692308,4.585550427950035,4.852694358182537,19282.88888888889,19379.423076923078,248.8842577130464,427.36664454397896,49.15555555555556,50.76923076923077,0.424025918780893,0.46926662078996345,45.890699999999995,53.125,879.4444444444445,1.166666666666662
3335,751.6666666666666,751.7884615384615,0.5222329678671234,0.4123837191561118,753.1111111111111,753.2884615384615,0.7453559924999221,0.6955471386046634,789.7555555555556,475.8076923076923,183.65458630458176,97.94537062027327,100.66666666666667,100.53846153846153,0.7687061147858059,0.8736118055103169,1233.0444444444445,1230.3076923076924,21.433783396943035,12.113092028532852,133.22222222222223,133.53846153846155,1.9873336281296485,1.1625114540702974,0.022222222222222223,0.0,0.14907119849998599,0.0,16641.333333333332,16661.634615384617,201.18399538730782,227.16151538585697,8987.288888888888,8957.884615384615,37.67481810429721,40.74244972572242,-609.0222222222222,-344.2307692307692,937.2808225948296,710.4957290480182,28.666666666666668,27.71153846153846,0.977008420918393,1.3767899360118316,9422.822222222223,9403.48076923077,26.465491157774235,38.68449067784808,16539.155555555557,16541.153846153848,366.89222814159814,136.24219849805598,28244.933333333334,28144.03846153846,204.75377674394392,333.2752475785834,50.666666666666664,-86.98076923076923,425.535171070714,382.20877625001486,0.28888888888888886,0.17307692307692307,0.4583677673015523,0.3820047143818447,348.93333333333334,349.34615384615387,4.735744157708774,4.288080220316211,19272.88888888889,19362.26923076923,253.33935399544248,439.6670806187193,49.17777777777778,50.76923076923077,0.44153085390433777,0.5093396191757926,45.906299999999995,53.04709999999999,877.1851851851852,1.163614163614152
3336,751.4444444444445,751.6938775510204,0.5025189076295996,0.46565731465731897,753.2,753.1632653061224,0.6941312425025857,0.874331620332307,785.0222222222222,469.734693877551,184.77092560653298,97.61825638471446,100.33333333333333,100.59183673469387,0.9045340337332884,0.8396022705954976,1233.4666666666667,1230.142857142857,21.640240294414486,12.279725838416207,133.35555555555555,133.57142857142858,1.7340907436090878,1.428869016623523,0.0,0.02040816326530612,0.0,0.14285714285714285,16690.644444444446,16579.326530612245,234.9368537554847,436.4877522028874,8985.133333333333,8968.836734693878,30.696905381487817,36.45393608078984,-927.3333333333334,-36.46938775510204,859.3872288386121,918.747995508943,28.377777777777776,27.755102040816325,1.2114771015899422,1.7384213653592202,9441.822222222223,9412.469387755102,26.686129261275227,37.424424979335804,16507.777777777777,16507.14285714286,337.7024570460657,187.02584491632854,28230.88888888889,28111.836734693876,198.4235852713074,315.58512764247234,-50.77777777777778,-21.285714285714285,766.3100455159033,337.95568003314673,0.17777777777777778,0.061224489795918366,0.3866457674602808,0.24222607082590245,348.1333333333333,348.6530612244898,4.765405639511796,3.660322278662564,19301.466666666667,19374.163265306124,258.11287171594984,435.9204508345339,49.15555555555556,50.795918367346935,0.424025918780893,0.4555030111835501,45.9845,50.156499999999994,871.2222222222222,1.7258852258852113
3337,751.5333333333333,751.8490566037735,0.5477225575051647,0.41120023267233036,753.2444444444444,753.3018867924528,0.7433204238585474,0.66751276739094,789.9111111111112,471.52830188679246,176.98122938762626,94.18325095537156,100.77777777777777,100.58490566037736,0.8498365855987968,0.9079554856961922,1232.8666666666666,1230.6603773584907,21.35160202633298,12.49452710378311,133.51111111111112,133.43396226415095,1.7401962039617276,1.3659236655417757,0.0,0.018867924528301886,0.0,0.13736056394868904,16618.6,16706.471698113208,231.2022333959455,311.9893738188949,8982.266666666666,8978.905660377359,28.497527803462628,34.70106634968908,-1050.3777777777777,119.98113207547169,879.4136550950734,1022.0736178996041,28.57777777777778,27.22641509433962,0.9167355346031035,1.7720208958001555,9419.866666666667,9413.32075471698,31.508007640194382,32.744802044873275,16514.4,16510.830188679247,228.199513982433,182.1193327980585,28264.222222222223,28128.188679245282,197.36593711001314,308.18532490169235,25.6,-135.45283018867926,560.0287492620357,355.8774403357327,0.26666666666666666,0.09433962264150944,0.4472135954999579,0.2950978288503027,348.46666666666664,349.20754716981133,4.2458535923030585,4.609181850335589,19278.533333333333,19360.30188679245,257.2421568731067,415.50995475002827,49.15555555555556,50.735849056603776,0.424025918780893,0.48638950030681016,45.96878,54.12480000000001,868.074074074074,1.3534798534798265
3338,751.6666666666666,751.8461538461538,0.47673129462282005,0.41466335907269974,753.1111111111111,753.3076923076923,0.7752484124524958,0.8053366495791415,778.8222222222222,470.7692307692308,182.83006129499418,95.1804509885148,100.08888888888889,100.51923076923077,0.848051837561786,0.6413950670030737,1232.7111111111112,1230.2884615384614,20.367780061814894,11.657424695356369,133.0888888888889,133.23076923076923,1.6351566817089382,1.2927457420330164,0.0,0.0,0.0,0.0,16657.911111111112,16576.23076923077,249.65337991104875,255.19639614092998,8980.91111111111,8966.98076923077,28.528950385547006,43.8926901701985,-672.5333333333333,-26.403846153846153,805.2925668238955,762.110054828823,28.666666666666668,27.576923076923077,1.0660035817780535,1.303782639260628,9424.91111111111,9435.01923076923,27.885172193888497,28.488381109150694,16554.48888888889,16539.153846153848,332.2395509145764,168.59806997887992,28255.911111111112,28149.76923076923,198.54239554383045,324.54242995117477,8.0,0.25,436.98788208703115,418.8437808361228,0.37777777777777777,0.07692307692307693,0.5346574472113764,0.269069117598525,348.6222222222222,349.09615384615387,4.593913408417748,4.572979529780208,19286.88888888889,19356.46153846154,276.99312612263907,425.73702927928423,49.17777777777778,50.63461538461539,0.44153085390433777,0.5611209423248588,46.0938,53.06300000000001,867.074074074074,1.200244200244187
3339,751.6057347125368,751.8996669426393,0.6188527477552854,0.44234304049989515,753.1063829787234,753.1851851851852,0.6988824169683169,0.7023968150654571,741.2340425531914,475.0740740740741,161.65290416384988,87.42756610568676,100.53191489361703,100.74074074074075,0.9521386414800346,0.8508638271022835,1238.0,1232.1296296296296,42.1467415832701,25.136642648409204,133.61702127659575,133.05555555555554,2.038255770626928,1.4719601443879693,0.0425531914893617,0.0,0.20402970888857874,0.0,16316.659574468085,16689.185185185186,366.45358426027997,287.0538095683477,8990.212765957447,8981.851851851852,36.790792899625465,36.41293954512952,-970.8085106382979,-86.5,910.815034873756,883.6696802389368,29.02127659574468,27.574074074074073,1.2936191513688091,1.1091702125675922,9429.191489361701,9390.907407407407,35.16213273065705,40.506355671121014,16539.872340425532,16541.0,265.7342262504487,167.231282620185,28273.574468085106,28169.74074074074,182.9511391982847,279.4671604689415,-74.82978723404256,8.574074074074074,405.37971030654035,335.9255646352947,0.2765957446808511,0.09259259259259259,0.49791424351442504,0.2925824198357195,349.531914893617,349.8703703703704,4.442145309320859,5.03589491511555,19276.59574468085,19336.962962962964,248.34160025312127,372.84702528349754,50.95744680851064,52.592592592592595,0.6902251305225063,0.6873113742890583,47.968799999999995,55.62529999999999,816.0,1.6902025177887405
3340,751.5,751.84,0.5498414147691879,0.37032803990902047,753.2272727272727,753.22,0.773504148712937,0.6157789160643603,769.7727272727273,456.44,180.77081257979978,98.13779566902608,100.61363636363636,100.46,0.9696776997732979,0.8134080483135315,1230.7039572075214,1232.0357753893397,12.33334999903638,6.024609395417012,133.54545454545453,133.24,1.5012327562984762,1.3785529236359817,0.022727272727272728,0.04,0.1507556722888818,0.19794866372215741,16477.204545454544,16676.94,298.6432560722961,381.9823914095238,9059.40909090909,8999.64,37.96284485983624,43.86610424964688,-174.63636363636363,-400.04,775.9733300052861,628.786812449342,29.522727272727273,27.84,1.3891378682165851,1.5301060387423877,9443.59090909091,9442.62,31.29107026332106,27.402435464530623,16464.909090909092,16542.12,275.10486949117944,153.153736287352,28324.045454545456,28200.4,223.96822392405392,323.6664950222678,-58.75,93.54,391.4161007846871,412.9554114389769,0.20454545454545456,0.06,0.40803245735839216,0.23989793748209523,348.5,349.32,4.995346671863023,4.542048445540035,19306.272727272728,19343.08,242.98400403245415,450.46157008389747,48.04545454545455,48.74,0.3707030062139596,0.44308749769345696,44.9688,51.1096,847.2592592592592,2.773504273504257
3341,751.5869565217391,751.7450980392157,0.5802714673714253,0.4401425793945325,753.2391304347826,753.2549019607843,0.7655000575860901,0.8448227566750726,856.5869565217391,519.8235294117648,203.2892385069943,103.24063267577412,100.3695652173913,100.58823529411765,0.8526741113090152,0.8288901154733411,1234.195652173913,1229.7843137254902,22.81093262764575,11.948746755187624,133.17391304347825,133.41176470588235,1.5819024808556315,1.3293076481873571,0.0,0.0784313725490196,0.0,0.2715243823233531,16613.717391304348,16432.058823529413,250.18230357911895,270.3373012933812,8922.239130434782,8902.823529411764,27.167942532501158,37.23477185768865,-1027.6739130434783,380.4117647058824,913.232501839186,1138.7087630552526,27.956521739130434,27.41176470588235,1.153863495472309,1.485617320688412,9435.347826086956,9404.29411764706,25.752857352840632,40.67495254706262,16619.08695652174,16441.254901960783,275.15319580084906,138.2004114519577,28311.82608695652,28256.901960784315,182.67339456561658,324.28168341131703,-55.41304347826087,55.411764705882355,296.05304150040837,383.2005311306647,0.21739130434782608,0.13725490196078433,0.4170288281141495,0.3475403771153651,347.9273868220529,349.73216090559936,4.9552587593364565,5.075508281317803,19119.695652173912,19205.49019607843,265.2462059265953,421.61059628756925,49.15217391304348,50.745098039215684,0.36315844747301884,0.48345164204507085,46.9688,52.593700000000005,957.0370370370371,1.4798534798534675
3342,751.5555555555555,751.8367346938776,0.5025189076296105,0.42558483170759775,753.2222222222222,753.2857142857143,0.7035264706814585,0.577350269189648,769.0444444444445,463.8775510204082,179.44142568683858,94.72627949629859,100.26666666666667,100.26530612244898,0.8893306982833161,0.7846312882516243,1234.0,1230.8163265306123,22.179023668978132,13.236114531506466,132.82222222222222,132.79591836734693,2.166783213648644,1.3841301696482953,0.0,0.0,0.0,0.0,16384.755555555555,16317.591836734693,334.0783220332075,321.3746462702163,8973.577777777778,8955.938775510203,31.740774528621134,42.61083985876558,-1242.0444444444445,-139.77551020408163,773.7866735487348,988.1433825046622,29.22222222222222,28.653061224489797,1.0420453856999654,1.071428571428571,9434.511111111111,9426.510204081633,29.19497327702948,31.8983557889864,16482.044444444444,16566.979591836734,266.77552323625923,157.0775405380934,28232.444444444445,28126.0,185.6374222112902,328.9592173304562,-35.22222222222222,54.3469387755102,525.0009908600558,445.6704944528528,0.2,0.08163265306122448,0.4045199174779453,0.27664166758624403,349.8222222222222,348.83673469387753,5.0465509774178186,4.194971884964935,19294.17777777778,19369.632653061224,261.7336683182218,425.34038789918776,49.15555555555556,50.6530612244898,0.424025918780893,0.5224549585117033,46.000049999999995,51.0311,852.074074074074,1.9652014652014684
3343,751.6,751.8269230769231,0.49543369430682027,0.38200471438181194,753.0888888888888,753.3653846153846,0.7926429387074776,0.6271268487830329,774.9111111111112,462.4423076923077,171.47353655119417,95.05631219802177,100.35555555555555,100.82692307692308,1.0903618155864065,0.9014401080918376,1233.0222222222221,1230.1538461538462,20.50774675013509,13.552200624983062,133.66666666666666,132.98076923076923,1.7188791273808284,1.3931257648474336,0.044444444444444446,0.0,0.2084090771399927,0.0,16631.933333333334,16711.44230769231,229.34644298329764,278.38296470457277,8980.333333333334,8968.615384615385,36.628354640037955,33.36497743828063,-938.6888888888889,343.63461538461536,1019.6276687243648,912.8714238190059,29.488888888888887,28.78846153846154,0.8692269873603524,1.3624737948411931,9420.733333333334,9400.01923076923,24.079791602843315,41.25458519239541,16543.555555555555,16552.346153846152,350.2180850137625,167.31499992709394,28246.044444444444,28150.96153846154,197.93777208042445,324.4348305531,-3.2222222222222223,-34.73076923076923,457.1072029070368,257.3989133685655,0.17777777777777778,0.0,0.3866457674602808,0.0,349.24444444444447,348.63461538461536,4.681470027262986,4.7030605227386815,19285.28888888889,19368.96153846154,267.7811710250653,400.9462318623853,49.13333333333333,50.69230769230769,0.4572645941803345,0.5437149461664321,45.9688,53.09420000000001,853.9629629629629,1.2710622710622659
