,250nm_pos1,250nm_pos2,250nm_pos3,261.8nm_pos1,261.8nm_pos2,261.8nm_pos3,266.6nm_pos1,266.6nm_pos2,266.6nm_pos3,272.2nm_pos1,272.2nm_pos2,272.2nm_pos3,278.3nm_pos1,278.3nm_pos2,278.3nm_pos3,284.6nm_pos1,284.6nm_pos2,284.6nm_pos3,288.25nm_pos1,288.25nm_pos2,288.25nm_pos3,308.25nm_pos1,308.25nm_pos2,308.25nm_pos3,309.25nm_pos1,309.25nm_pos2,309.25nm_pos3,324.8nm_pos1,324.8nm_pos2,324.8nm_pos3,327.5nm_pos1,327.5nm_pos2,327.5nm_pos3,336.98nm_pos1,336.98nm_pos2,336.98nm_pos3,364.33nm_pos1,364.33nm_pos2,364.33nm_pos3,388nm_pos1,388nm_pos2,388nm_pos3,394.4nm_pos1,394.4nm_pos2,394.4nm_pos3,395.8nm_pos1,395.8nm_pos2,395.8nm_pos3,415nm_pos1,415nm_pos2,415nm_pos3,532.6nm_pos1,532.6nm_pos2,532.6nm_pos3,544.2nm_pos1,544.2nm_pos2,544.2nm_pos3,556.7nm_pos1,556.7nm_pos2,556.7nm_pos3,580nm_pos1,580nm_pos2,580nm_pos3,611.5nm_pos1,611.5nm_pos2,611.5nm_pos3,613.9nm_pos1,613.9nm_pos2,613.9nm_pos3,616.3nm_pos1,616.3nm_pos2,616.3nm_pos3,618.5nm_pos1,618.5nm_pos2,618.5nm_pos3,639.7nm_pos1,639.7nm_pos2,639.7nm_pos3,643.2nm_pos1,643.2nm_pos2,643.2nm_pos3,644.9nm_pos1,644.9nm_pos2,644.9nm_pos3,652.8nm_pos1,652.8nm_pos2,652.8nm_pos3,660nm_pos1,660nm_pos2,660nm_pos3,669.5nm_pos1,669.5nm_pos2,669.5nm_pos3,670.6nm_pos1,670.6nm_pos2,670.6nm_pos3,674nm_pos1,674nm_pos2,674nm_pos3,725nm_pos1,725nm_pos2,725nm_pos3,740.8nm_pos1,740.8nm_pos2,740.8nm_pos3,748.5nm_pos1,748.5nm_pos2,748.5nm_pos3,753.7nm_pos1,753.7nm_pos2,753.7nm_pos3,770.6nm_pos1,770.6nm_pos2,770.6nm_pos3,773.2nm_pos1,773.2nm_pos2,773.2nm_pos3,781nm_pos1,781nm_pos2,781nm_pos3,783.5nm_pos1,783.5nm_pos2,783.5nm_pos3,787.5nm_pos1,787.5nm_pos2,787.5nm_pos3,791.5nm_pos1,791.5nm_pos2,791.5nm_pos3,ratio_Al_Cl_pos1,ratio_AlCl_BCl_pos1,ratio_Al_Cl_pos2,ratio_AlCl_BCl_pos2,ratio_Al_Cl_pos3,ratio_AlCl_BCl_pos3,Al_asym_pos1_pos3,oes_endpoint_idx
2901,779.5545454545455,830.0545454545455,471.48181818181814,13760.718181818182,13215.636363636364,8165.154545454547,1325.8545454545454,978.2181818181817,610.909090909091,40876.41818181818,37491.92727272728,22336.427272727273,4315.181818181818,3949.9363636363637,2323.572727272727,957.1090909090909,911.3636363636365,573.6,146.46363636363637,119.38181818181819,91.12727272727273,3039.9545454545455,2715.6272727272726,1497.8727272727272,3039.9,2715.6272727272726,1494.1727272727273,239.46363636363637,279.59090909090907,165.28181818181818,150.1818181818182,168.96363636363637,79.59090909090911,99.94545454545455,114.24545454545455,71.34545454545456,40.2,56.76363636363636,51.54545454545455,342.08181818181816,316.27272727272725,340.74545454545455,8609.20909090909,7898.472727272727,4383.172727272727,8550.58181818182,7841.8727272727265,4353.427272727273,422.0636363636364,360.6363636363636,251.9181818181818,2606.409090909091,16269.027272727275,13189.281818181818,16067.772727272728,41262.82727272727,29982.190909090907,3556.6727272727267,6963.4,4430.400000000001,2202.509090909091,4437.845454545455,3954.1,954.9090909090909,1067.2727272727273,1391.0727272727272,1139.6636363636364,1797.7090909090912,1607.9454545454544,4034.681818181818,6352.8,5296.3545454545465,1929.0727272727272,3347.627272727273,1786.5181818181818,2939.3363636363633,4901.881818181818,4357.736363636363,2684.7363636363634,5170.700000000001,5257.690909090909,3541.218181818182,5985.972727272729,5257.690909090909,809.8636363636364,3531.7636363636366,2498.0636363636363,948.9181818181817,1480.6454545454546,1159.5,2443.318181818182,4226.736363636363,3991.281818181818,2443.318181818182,4226.736363636363,3991.281818181818,344.7272727272727,508.13636363636357,601.8272727272727,8513.80909090909,13356.872727272728,13122.045454545454,6045.918181818182,8979.181818181818,9479.863636363634,1026.1272727272726,1688.1636363636362,1718.5727272727272,6151.554545454546,9422.19090909091,9600.336363636363,4218.336363636364,6084.454545454545,6531.945454545454,4003.2454545454543,5619.354545454545,5305.499999999999,3885.772727272728,6132.963636363637,6176.145454545455,3891.4363636363637,6139.245454545454,6184.590909090909,3378.2727272727275,5416.845454545455,5006.809090909091,5932.727272727273,9228.190909090908,8909.09090909091,1.0043191862631728,0.33664197583581196,0.5871039492096679,0.3524928517945196,0.33176437986040147,0.3655532930919611,0.32525973252850954,14.0
2902,818.8090909090909,820.0545454545455,482.79090909090917,14124.29090909091,13597.127272727272,8598.29090909091,1350.418181818182,949.4818181818181,630.3545454545455,41984.27272727273,38120.436363636356,22623.363636363632,4483.709090909091,4033.2636363636366,2383.6272727272726,1042.2545454545455,971.3090909090911,573.8636363636363,154.87272727272727,123.6090909090909,88.11818181818181,3078.0545454545454,2733.8272727272724,1544.809090909091,3077.909090909091,2733.8272727272724,1544.809090909091,263.28181818181815,232.56363636363633,206.6727272727273,155.4,144.38181818181818,75.81818181818183,87.80000000000001,79.9909090909091,62.49090909090909,40.74545454545454,51.96363636363637,43.82727272727273,533.2,351.53636363636366,381.12727272727267,9109.8,7988.345454545453,4529.054545454546,8993.963636363636,7943.136363636364,4491.418181818181,390.6636363636364,486.84545454545446,165.66363636363639,2766.0727272727277,16139.863636363636,13337.454545454542,17571.318181818184,41614.38181818183,30138.945454545457,2867.7727272727275,7416.909090909091,5499.409090909091,1692.6818181818182,4687.563636363636,4335.872727272728,1135.0454545454543,921.5545454545455,1190.9454545454546,1135.0454545454543,1799.1090909090906,1607.2636363636366,3643.2272727272734,6100.863636363636,5594.327272727273,2209.8272727272724,2415.0909090909095,2876.4727272727273,2856.3090909090915,4961.981818181818,4248.118181818181,3612.9272727272732,6114.154545454545,5141.845454545454,3702.3909090909087,6114.154545454545,5141.845454545454,872.0909090909091,2996.718181818182,1513.309090909091,939.9545454545453,1621.3272727272727,1329.0545454545454,2469.9818181818187,4439.5545454545445,3789.4818181818187,2469.9818181818187,4439.5545454545445,4064.1545454545458,341.1,535.9181818181818,587.6818181818181,8825.0,13684.663636363637,13585.636363636364,6125.6727272727285,9691.60909090909,9793.081818181818,1089.5727272727272,1798.709090909091,1668.309090909091,6445.681818181818,9779.209090909091,9799.599999999999,4362.0,6291.809090909091,6728.7181818181825,4194.309090909091,5524.70909090909,5522.163636363636,3956.900000000001,6450.336363636364,6402.945454545454,3966.5545454545454,6450.454545454545,6409.081818181819,3428.9818181818177,5526.963636363636,5208.400000000001,6091.654545454545,9469.427272727273,9266.045454545456,1.0191460211176926,0.3364186156287961,0.5804407455459429,0.3566886575752257,0.33060050052863316,0.3800624455008299,0.33388342393649156,14.0
2903,796.0090909090909,782.9727272727272,422.60909090909087,14526.29090909091,13883.663636363637,9008.709090909091,1380.6999999999998,959.1181818181817,626.2363636363636,42339.41818181818,38390.99090909091,22918.872727272726,4535.99090909091,4055.609090909091,2362.3727272727274,1033.7454545454543,924.6272727272727,552.2545454545453,144.66363636363636,84.64545454545456,78.37272727272729,3133.0454545454545,2741.2363636363634,1690.890909090909,3123.581818181818,2741.2363636363634,1686.7727272727273,172.4181818181818,216.4272727272727,173.28181818181818,156.22727272727275,137.38181818181818,132.95454545454547,78.51818181818182,79.05454545454546,35.32727272727273,30.41818181818182,40.05454545454546,55.03636363636363,345.6545454545454,271.22727272727275,457.4,9254.60909090909,8156.5,4627.109090909092,9147.127272727274,8118.236363636364,4594.045454545455,393.22727272727275,440.4,151.23636363636362,2398.145454545455,16646.300000000003,13647.972727272725,15578.136363636364,41926.790909090916,30986.481818181823,2701.9090909090905,7821.409090909091,5979.218181818182,1765.3909090909094,4687.318181818182,4030.527272727273,995.0090909090908,1079.3545454545456,1366.8181818181818,1126.1727272727271,1926.590909090909,1583.3454545454545,3841.509090909091,6206.3272727272715,5311.963636363636,2048.7727272727275,2367.518181818182,2409.872727272727,3135.3545454545456,5160.20909090909,4730.609090909092,2345.927272727273,6007.1,5573.227272727273,3455.0,6007.1,5573.227272727273,543.5636363636363,3299.3363636363633,1257.3454545454545,938.7636363636361,1596.0363636363638,1486.2363636363639,2495.0636363636363,4338.109090909091,3734.40909090909,2495.0636363636363,4338.109090909091,4031.8999999999996,352.12727272727267,622.7454545454545,592.290909090909,9029.790909090907,14022.863636363636,13798.063636363637,6482.172727272727,10048.89090909091,10096.08181818182,1149.6909090909091,1807.7181818181818,1829.090909090909,6516.981818181818,9878.51818181818,10045.6,4410.227272727273,6486.563636363636,6918.718181818182,4091.6,5684.245454545454,6005.0363636363645,4153.054545454546,6670.690909090909,6545.109090909092,4159.527272727274,6686.781818181818,6552.827272727273,3487.7454545454543,5717.772727272727,5310.700000000001,6201.636363636364,9751.563636363637,9410.199999999999,1.0129943610896057,0.343091415349891,0.5789285679555791,0.361638585188902,0.3329485626112228,0.39306946716402047,0.3313459417583123,14.0
2904,864.4199999999998,788.4100000000001,449.82,15132.220000000001,14219.320000000002,9225.359999999999,1385.79,968.9399999999999,622.5600000000002,42939.689999999995,38526.85,23034.43,4492.87,4086.7400000000002,2414.75,974.7699999999999,897.07,638.8300000000002,113.19000000000001,94.53999999999999,103.61000000000001,3248.38,2873.95,1727.2,3247.1800000000003,2873.95,1727.2,213.88000000000002,185.93,163.53,162.64,171.76,97.14999999999999,95.91999999999999,82.47,90.58,46.199999999999996,80.39999999999999,28.119999999999997,378.53000000000003,455.02,396.71999999999997,9492.51,8359.4,4644.76,9410.509999999998,8259.759999999998,4638.76,291.27,568.98,180.2,2337.9900000000002,17343.81,13410.25,15243.030000000002,42186.89,31032.190000000002,2904.8900000000003,7526.139999999999,5084.99,1242.31,4399.679999999999,4607.59,1023.9900000000001,1061.1,994.0200000000001,1237.3,1786.58,1578.98,3811.7700000000004,5630.7,5711.86,2180.19,2444.0799999999995,1958.11,2496.96,5245.14,4491.0599999999995,2982.3900000000003,6102.42,5366.719999999999,3681.2,6102.42,5366.719999999999,584.9300000000001,3149.2,569.32,987.7499999999998,1753.3699999999997,1452.73,2575.44,4476.04,3971.47,2575.44,4476.04,4295.24,309.6,592.9,514.4599999999999,9206.250000000002,14282.329999999998,14031.99,6670.359999999999,9914.55,10377.51,1102.2600000000002,1855.9100000000003,1737.58,6614.589999999999,10016.600000000002,10131.680000000002,4545.469999999999,6525.009999999999,7124.88,4321.3099999999995,6019.040000000001,5622.629999999999,4174.4400000000005,6664.639999999999,6767.209999999999,4178.1,6677.859999999999,6769.2,3539.22,5723.9,5465.2300000000005,6354.0599999999995,9828.810000000001,9694.73,1.0221871011541068,0.35240636343671794,0.5783202040563409,0.3690755927359751,0.3305846141566521,0.40050307300853544,0.3396439815022417,13.0
2905,818.54,829.9100000000001,491.9599999999999,15213.8,14436.66,9343.02,1417.7500000000002,1025.17,641.39,42970.83,38641.46,23200.489999999998,4568.74,4075.6699999999996,2433.0,1025.27,908.3100000000001,591.3100000000001,135.77,106.67,107.75,3241.2699999999995,2837.38,1808.2400000000002,3240.8399999999997,2837.38,1808.2100000000003,221.51999999999998,262.63,185.52,139.04999999999998,167.82,88.1,120.82000000000001,80.03,72.61,44.1,69.57000000000001,26.660000000000004,360.94999999999993,314.92,458.43,9566.11,8590.539999999999,4852.389999999999,9465.990000000002,8494.96,4842.5199999999995,386.65,360.58,268.13,2676.39,19168.13,13674.319999999998,18109.920000000002,42374.97000000001,31394.409999999996,3000.66,7777.1900000000005,4747.89,1909.4399999999998,4472.199999999999,4177.29,1145.31,790.01,942.7499999999998,1145.31,2003.0899999999997,1565.56,4858.160000000001,5567.75,5262.499999999999,2684.32,3255.05,2354.81,1801.4099999999999,5049.3,4224.009999999999,1824.08,6461.23,5552.99,3634.8799999999997,6461.23,5552.99,559.73,3293.12,1386.88,1117.9199999999998,1537.6799999999998,1496.34,2716.66,4752.99,3766.2200000000003,2716.66,4752.99,4423.4,316.29999999999995,593.45,543.05,9298.919999999998,14385.310000000001,14258.27,6588.139999999999,9980.67,10345.24,1123.15,1791.1799999999998,1798.7899999999997,6706.969999999999,10066.19,10391.850000000002,4499.789999999999,6661.95,7171.660000000001,4252.74,5679.539999999999,5836.29,4264.16,6740.359999999999,6885.039999999999,4275.97,6749.12,6885.7699999999995,3544.15,5827.22,5550.969999999999,6401.4,10000.36,9724.509999999998,1.0179666025732024,0.3540494796120996,0.5905302006004736,0.37360544865540796,0.33962886100487644,0.40270787384231976,0.3231272857900649,13.0
2906,768.5,787.24,492.15,15442.51,14498.86,9440.45,1412.8799999999999,895.8699999999999,632.6699999999998,43358.68000000001,38774.78,23348.3,4553.0,4046.3700000000003,2435.3100000000004,997.6300000000001,914.8800000000001,542.24,126.82000000000001,88.78,70.65,3310.1,2840.1899999999996,1696.86,3298.95,2839.2099999999996,1695.86,177.58999999999997,212.36999999999998,129.11,167.03000000000003,114.75,112.12000000000003,66.81,69.34,65.44,39.86999999999999,41.71,49.6,273.66,378.53000000000003,320.4,9657.23,8435.320000000002,4798.8,9591.35,8346.230000000001,4771.76,408.96999999999997,427.43,301.96999999999997,2702.1000000000004,16839.19,13368.59,16719.989999999998,42583.61,31003.1,2839.1499999999996,7569.729999999999,6142.89,2152.7999999999997,4931.24,4637.12,1061.2800000000002,833.3599999999999,1131.8600000000001,1160.3300000000002,1687.6200000000001,1739.28,3998.4299999999994,5211.9800000000005,6325.749999999999,2905.49,2542.8300000000004,2025.67,3270.71,5011.3099999999995,4620.479999999999,2448.02,6416.910000000001,5568.57,3654.3199999999997,6416.910000000001,5568.57,553.6600000000001,3781.4299999999994,834.43,838.9900000000001,1852.2099999999998,1382.0,2630.0099999999998,4219.81,3759.59,2630.0099999999998,4219.81,4441.900000000001,339.34000000000003,654.01,573.87,9337.18,14429.26,14373.320000000002,6566.55,10101.829999999998,10366.37,1137.34,1783.69,1781.27,6777.5,10175.239999999998,10429.74,4633.79,6679.18,7330.589999999999,3994.4,5666.490000000001,6165.25,4318.4,6850.759999999999,6994.18,4319.530000000001,6868.609999999999,7005.2300000000005,3637.4700000000003,5920.57,5596.0199999999995,6509.72,10027.939999999999,9808.719999999998,1.0272212809434969,0.35615729076623176,0.5784239801625309,0.3739250100193992,0.3319873209529879,0.40433136459613767,0.3355533724938401,13.0
2907,824.45,793.6400000000001,488.43,15754.16,14552.61,9516.990000000002,1397.09,1005.6,657.54,43224.23,38826.29,23282.739999999998,4564.719999999999,4039.8700000000003,2463.9800000000005,1014.96,911.7199999999999,636.9399999999999,139.98000000000002,82.56,137.26,3345.47,2927.4700000000003,1814.3200000000002,3344.91,2927.4700000000003,1814.3200000000002,214.13000000000002,264.98,178.85,148.99000000000004,122.9,89.18,82.78,78.46000000000001,90.01,21.589999999999996,44.08,36.85000000000001,363.39,536.17,391.27000000000004,9753.03,8666.41,4841.64,9696.300000000001,8591.710000000001,4811.869999999999,556.39,494.0100000000001,401.80999999999995,3019.48,16200.929999999998,13375.38,17948.29,42172.9,31012.310000000005,2950.88,7353.18,5911.84,2014.14,5082.2300000000005,3776.0699999999997,1181.94,1224.0800000000002,778.3300000000002,1262.7800000000002,1934.1599999999999,1672.2100000000003,4022.8,5788.000000000001,5883.06,1865.7100000000003,3026.8900000000003,2632.7799999999997,3195.39,5024.67,4437.3099999999995,3032.7,6567.2300000000005,5765.780000000001,3601.54,6567.2300000000005,5765.780000000001,516.52,2799.95,1196.45,1069.5899999999997,1647.4600000000003,1241.06,2615.4200000000005,4393.33,3616.1299999999997,2615.21,4393.33,4289.0199999999995,284.26,613.6199999999999,618.86,9311.469999999998,14590.929999999998,14405.16,6659.089999999999,10162.4,10307.3,1111.42,1810.89,1803.53,6829.5199999999995,10231.7,10474.04,4601.12,6713.539999999999,7264.7,4358.27,5955.280000000001,5903.76,4323.51,6872.030000000001,6948.18,4328.280000000001,6872.030000000001,6962.37,3616.04,5933.499999999999,5513.99,6498.11,10098.52,10022.52,1.0413285979549958,0.36447520291281066,0.588839093875442,0.3748133030480121,0.3340379419596866,0.40875730261988075,0.33666754663062276,13.0
2908,840.1600000000001,829.8399999999999,426.96000000000004,15485.5,14690.51,9391.1,1415.56,917.14,658.74,43250.58,38732.64,23301.760000000002,4577.61,4039.59,2462.8499999999995,1014.2199999999999,856.11,602.61,146.84000000000003,94.91999999999999,143.85,3341.0,2922.7200000000003,1730.8200000000002,3341.0,2922.7200000000003,1730.8200000000002,213.72999999999996,255.06,166.51000000000002,142.10000000000002,120.05999999999999,53.79,96.11,77.53,78.6,33.65,52.07000000000001,44.92,253.56,731.0899999999999,472.6,9835.36,8723.31,4866.07,9711.009999999998,8629.310000000001,4844.49,424.59,568.6,253.81,2616.3700000000003,16082.589999999997,13232.030000000002,18173.250000000004,42021.13,31427.879999999997,3142.28,6858.82,6101.23,1331.92,4936.410000000001,4351.359999999999,1003.1699999999998,1105.6,1435.4500000000003,1194.71,1977.2800000000002,1645.0099999999998,3955.2699999999995,5491.839999999999,6320.370000000001,2484.0699999999997,2497.54,3271.7000000000003,2858.8,4962.9400000000005,4430.840000000001,3321.78,6179.219999999999,5639.210000000001,3651.13,6179.219999999999,5639.210000000001,724.65,3388.3399999999992,1494.25,877.8100000000001,1369.4,1529.4600000000003,2483.4,4558.8099999999995,4238.890000000001,2483.4,4558.8099999999995,4238.890000000001,333.42,718.23,625.53,9421.880000000001,14598.730000000001,14463.970000000001,6775.3,10160.37,10596.759999999998,1133.1600000000003,1793.7100000000003,1858.67,6753.459999999999,10215.119999999999,10463.279999999999,4627.85,6738.35,7265.6799999999985,3946.54,6078.219999999999,5584.49,4314.32,6917.710000000001,6876.2699999999995,4314.32,6917.910000000001,6905.43,3570.3900000000003,5946.129999999999,5616.47,6494.6799999999985,10084.739999999998,9962.820000000002,1.030687081559094,0.3580414412939664,0.5911000477438791,0.37927985285795135,0.3349350143840176,0.40302105935345656,0.3343423448181099,13.0
2909,773.3000000000001,752.0,506.1199999999999,15650.960000000001,14677.409999999998,9749.86,1453.71,927.05,610.47,43195.96000000001,38809.17,23409.230000000003,4609.36,4080.850000000001,2431.9199999999996,1031.04,942.99,548.97,142.60000000000002,100.83000000000001,77.58999999999999,3269.55,2794.95,1792.0400000000002,3266.6000000000004,2794.95,1792.0400000000002,187.95999999999998,243.20999999999998,178.18,144.82,173.20999999999998,92.98999999999998,91.08000000000001,108.22999999999999,74.55,45.15,77.27000000000001,27.22,318.86,371.56000000000006,429.45,9844.43,8592.47,4906.269999999999,9759.619999999999,8499.97,4862.52,491.87000000000006,346.62,210.16,3103.6,16427.91,13024.84,18188.530000000006,41458.869999999995,30994.359999999997,2853.7300000000005,7434.76,5539.9,1710.42,4661.570000000001,4142.95,1339.6599999999999,1292.4,1101.03,1339.6599999999999,1917.3799999999999,1747.8799999999999,4129.63,5694.710000000001,6217.81,1622.33,2661.68,2873.3100000000004,3068.48,5091.5199999999995,4469.910000000001,3689.0199999999995,6409.110000000001,5598.700000000001,3689.0199999999995,6409.110000000001,5598.700000000001,790.52,3531.66,1133.8399999999997,912.7400000000001,1673.31,1413.24,2492.38,4474.120000000001,4194.76,2492.38,4474.120000000001,4194.76,262.12,538.29,503.16000000000014,9384.130000000001,14721.65,14660.180000000002,6606.639999999999,10187.949999999999,10542.000000000002,1104.8,1866.9900000000002,1822.45,6835.1,10252.88,10552.77,4603.27,6690.339999999999,7314.7,4412.839999999999,5494.959999999999,5917.459999999999,4294.4,7036.5599999999995,7057.710000000001,4304.96,7036.5599999999995,7057.879999999999,3643.3299999999995,6040.95,5641.3099999999995,6623.5199999999995,10229.16,10076.990000000002,1.0400132990484998,0.36232462480287503,0.5773788943494784,0.37819438034876807,0.33168214851386546,0.41649639906993946,0.33490993794341994,13.0
2910,910.78,964.89,526.0799999999999,16200.74,14910.220000000001,9771.41,1440.3600000000001,974.8900000000001,619.95,43151.5,38650.4,23287.12,4515.79,4048.87,2486.13,1026.0700000000002,982.22,863.49,168.33999999999997,115.57000000000001,199.09,3135.57,3056.29,2082.45,3133.81,3056.29,2082.45,228.95,578.7,357.84000000000003,168.72,113.25,195.1,104.87,121.73000000000002,144.83,74.19000000000001,272.04,73.7,586.03,1016.96,784.8399999999999,9805.079999999998,9653.98,5161.83,9731.820000000002,9653.98,5153.25,593.33,1101.1299999999999,345.4,2645.4900000000007,16928.39,13594.460000000001,17907.04,42276.52,31083.239999999998,3423.9,7085.56,4509.789999999999,2265.77,5267.58,4715.77,972.1599999999999,1188.1699999999998,1625.97,1245.35,2150.33,1744.48,4524.7699999999995,6400.969999999999,6076.619999999999,1862.4399999999998,3985.0600000000004,2013.69,3056.96,5510.030000000001,4330.94,3187.54,6768.99,5822.65,3847.5,6768.99,5822.65,722.45,3110.8900000000003,1043.5900000000001,916.18,1757.8,1362.36,2434.9399999999996,4465.13,4380.5,2434.9399999999996,4465.13,4734.6900000000005,218.16,556.68,529.26,9312.97,14597.840000000002,15433.830000000002,6676.009999999999,10147.599999999999,11062.099999999999,1113.92,1813.2599999999998,2079.4,6815.42,10211.210000000003,10992.720000000001,4596.34,6659.24,7283.68,4288.08,5629.28,5482.85,4281.7300000000005,6823.83,7070.65,4287.07,6839.68,7070.65,3626.35,5899.36,5445.740000000001,6597.839999999999,10153.52,10035.56,1.0449749113333342,0.37543862901637254,0.6613293473554991,0.3857714279800468,0.33389314253169816,0.4196057734919561,0.3075947912908707,13.0
2911,822.8700000000001,751.9300000000001,477.25,15968.289999999999,14796.349999999997,9672.36,1413.29,1049.0899999999997,644.16,43266.72,38745.9,23314.390000000003,4539.82,4136.48,2502.11,1013.4799999999999,943.46,539.87,135.24999999999997,116.95,66.74,3343.6100000000006,2901.6099999999997,1723.4099999999999,3341.55,2901.6099999999997,1723.4099999999999,210.95,271.23,169.43,145.96999999999997,197.38,100.16,76.28999999999999,147.56,50.47,35.13000000000001,30.689999999999998,47.21,472.73,384.62,445.07,9910.58,8660.72,4965.77,9857.619999999999,8579.880000000001,4936.93,544.7,389.15,254.34999999999997,2858.7799999999997,16711.909999999996,13453.750000000004,16675.52,42105.38,31196.030000000006,2656.5299999999997,7692.58,4882.030000000001,1367.2099999999998,5040.41,4711.42,1072.33,1363.1699999999998,1310.0500000000002,1136.6100000000001,1973.86,1683.53,4054.5199999999995,5311.860000000001,5022.639999999999,1351.3700000000001,2823.5299999999997,2530.17,2908.31,5479.85,4138.83,3646.4100000000008,6076.99,5734.84,3646.4100000000008,6076.99,5734.84,501.0,3190.46,1601.15,956.6299999999999,1565.6399999999999,1332.91,2681.34,4304.88,4028.6200000000003,2681.34,4304.88,4371.1,355.26,584.1400000000001,538.46,9477.86,14640.39,14751.88,6825.889999999999,10626.49,10716.82,1216.32,1861.2400000000002,1879.5399999999997,7335.759999999999,10271.69,10807.689999999999,6216.91,6821.089999999999,7434.730000000001,5197.4299999999985,5963.85,6264.86,4698.06,6861.62,7054.960000000001,4698.06,6863.4,7065.960000000001,3869.4200000000005,5945.289999999999,5665.62,6566.960000000001,10209.02,10223.21,1.0400681166423642,0.36906634013394124,0.5860417652808431,0.38188169586975645,0.33466446310571946,0.4148665266386982,0.3326015323210236,13.0
2912,801.47,783.56,505.51000000000005,16928.909999999996,14979.7,9793.1,1254.7500000000002,949.85,624.3599999999999,43450.99999999999,38815.35,23430.610000000004,4601.98,4112.17,2465.89,1050.22,915.9200000000001,667.2,140.66000000000003,83.2,124.16000000000001,3257.09,2963.96,1768.4900000000002,3251.3799999999997,2963.96,1768.4900000000002,289.0,235.49,200.81,167.98999999999998,151.85,98.35,93.97,85.52000000000001,67.41,26.73,94.61,46.8,347.08000000000004,460.85,573.1899999999999,10070.189999999999,8737.329999999998,5012.2,9944.140000000001,8703.560000000001,4987.449999999999,445.38,592.41,324.12,2416.93,16639.37,13132.369999999999,16742.1,42200.19,31023.57,2669.18,7628.92,5084.37,1937.95,5378.8,4764.610000000001,888.0300000000001,1251.21,1662.22,1192.01,1984.5,1662.22,4159.4,5451.6900000000005,6232.6900000000005,2465.63,2457.3200000000006,2120.9,2212.6600000000003,5314.84,4459.77,3339.2599999999998,6301.83,5472.18,3612.37,6301.83,5472.18,567.5400000000001,2141.88,934.8900000000001,906.2,1657.6299999999999,1315.99,2667.24,4608.209999999999,3964.2599999999998,2667.24,4608.209999999999,4626.82,322.96,627.41,670.0899999999999,9592.320000000002,14697.420000000002,14892.210000000001,6627.26,10151.51,10891.320000000002,1205.47,1906.94,1866.33,6901.4299999999985,10333.44,10804.4,4697.139999999999,6746.7,7481.2,4462.5599999999995,5636.42,5907.320000000001,4487.7,6810.65,7039.889999999999,4487.7,6827.4400000000005,7069.18,3780.1699999999996,5991.460000000001,5658.21,6634.43,10262.8,10118.73,1.0366772584734454,0.38960921497779105,0.5921828456967277,0.3859220643379488,0.33490328164859334,0.41796180295775476,0.3319599587183952,13.0
2913,808.93,826.7299999999999,443.98,16750.4,14837.51,10050.76,1367.65,1036.68,634.88,43402.53,38857.93,23457.55,4637.290000000001,4087.7899999999995,2477.1699999999996,1011.5699999999999,892.04,609.98,108.13,90.66000000000001,98.61,3393.2700000000004,2928.46,1770.3,3386.53,2928.46,1769.0,223.3,210.06,162.56,148.76,194.88,83.22,67.91,108.85999999999999,76.63,47.720000000000006,71.10999999999999,28.279999999999994,439.83000000000004,335.15,489.37000000000006,10008.5,8917.570000000002,5059.05,9953.7,8834.88,5024.99,471.75999999999993,486.02,355.46,2697.09,16045.060000000001,13342.720000000001,16661.09,42490.36,30902.829999999994,2861.69,6843.460000000001,5550.58,1034.06,5457.57,4521.539999999999,1147.91,1377.1,1190.5200000000002,1285.0900000000001,1904.06,1751.15,4174.44,5688.229999999999,6172.09,2008.27,3043.4700000000003,2046.5700000000002,2308.63,5218.67,4614.49,3453.7300000000005,5669.780000000001,5775.09,3796.4,6223.469999999999,5775.09,731.24,2715.38,2426.36,945.9599999999998,1517.78,967.0,2534.87,4446.890000000001,4061.44,2534.87,4446.890000000001,4368.610000000001,309.28,650.78,600.0799999999999,9612.170000000002,14819.969999999998,14954.24,6848.94,10509.09,10916.819999999998,1106.46,1842.6,1871.78,6899.65,10388.789999999999,10781.5,4734.1,6861.0599999999995,7435.850000000001,4325.22,5870.660000000001,5937.280000000001,4509.910000000001,7021.1,7120.040000000001,4509.910000000001,7025.889999999999,7124.140000000001,3784.34,5977.0599999999995,5632.469999999999,6732.43,10295.250000000002,10387.62,1.035530998723493,0.385931419205286,0.5961469557630684,0.3818399487569204,0.336024431866815,0.42846588838135274,0.32904813438291336,13.0
2914,825.35,737.11,490.1,15973.64,14975.85,9812.21,1487.6100000000001,894.7700000000001,675.28,43526.729999999996,38756.3,23367.38,4558.030000000001,4186.72,2472.9199999999996,1020.43,950.8,581.81,131.62,99.33,139.2,3232.42,2948.67,1840.9299999999998,3216.7400000000002,2948.67,1838.7599999999998,231.59,295.46999999999997,209.51999999999998,157.60999999999999,168.84999999999997,113.38000000000002,108.33,113.63,83.58,35.55,38.43,33.12,345.28000000000003,533.64,363.0,10041.380000000001,8821.53,4984.109999999999,9977.06,8731.199999999999,4958.039999999999,588.4300000000001,522.6099999999999,320.22,2569.4299999999994,16866.68,13483.16,17882.04,42061.8,30681.160000000003,3038.18,7406.470000000001,5495.679999999999,1845.3,5073.42,4708.79,806.0099999999999,761.6199999999999,1560.03,1177.2599999999998,2036.8,1697.1299999999999,4548.969999999999,5306.410000000001,6224.4400000000005,2456.68,3351.8,1979.45,2989.6600000000003,5142.589999999999,4693.449999999999,3197.12,6121.089999999999,5621.959999999999,3829.3,6121.089999999999,5621.959999999999,788.2499999999999,2788.07,504.19999999999993,926.6700000000001,1747.7600000000002,1143.5800000000002,2636.96,4374.17,4262.5199999999995,2636.96,4374.17,4262.5199999999995,308.53000000000003,556.0999999999999,613.38,9542.119999999999,14757.169999999998,15002.95,6854.2,10633.53,11015.71,1139.48,1895.22,1863.7100000000003,6913.95,10502.640000000001,10906.97,4729.2300000000005,6875.889999999999,7583.9,4334.34,5720.74,5873.28,4385.1900000000005,6881.469999999999,7064.92,4387.71,6894.67,7064.92,3738.78,5931.1900000000005,5633.410000000001,6655.0,10303.68,10250.14,1.0455810658428106,0.36698460922747933,0.5916581566790923,0.38641072548205063,0.3304710073685508,0.41991057619638994,0.33605533273965366,13.0
2915,1159.5,1117.4333333333334,668.1333333333333,21063.044444444447,19479.588888888888,12946.044444444444,1915.1333333333334,1236.1,858.1666666666666,57246.26666666666,50917.25555555555,30763.533333333333,6124.7555555555555,5353.388888888889,3183.8777777777777,1282.8111111111111,1200.5888888888887,706.4555555555555,147.67777777777778,127.64444444444446,103.74444444444444,4679.855555555555,4204.411111111111,2420.155555555555,4658.033333333333,4200.188888888889,2419.744444444444,262.99999999999994,278.2,239.1555555555555,153.85555555555555,188.97777777777776,126.9888888888889,62.588888888888896,121.63333333333334,78.54444444444444,20.58888888888889,112.0111111111111,61.68888888888888,722.0777777777779,705.1777777777777,679.5,14392.166666666666,12571.355555555556,6993.155555555555,14282.922222222223,12483.244444444446,6919.011111111111,754.7,651.6444444444445,250.33333333333334,3208.8,19575.233333333334,15763.344444444445,23002.022222222222,55014.07777777778,39993.32222222222,3268.3,10305.311111111112,7652.844444444445,1455.0111111111112,5995.288888888889,5183.411111111111,815.8444444444444,1764.0444444444447,2055.3111111111107,1346.0666666666666,2339.1222222222223,2038.7999999999997,5695.522222222222,6285.133333333333,6887.900000000001,2809.8999999999996,3230.0,3321.9444444444443,3650.2000000000003,6342.733333333334,5359.944444444444,4695.3,7578.522222222222,7011.188888888889,4695.3,7578.522222222222,7011.188888888889,549.6555555555556,3024.0444444444443,1307.5,1108.7444444444445,1787.1,1582.3999999999999,3129.466666666667,5546.277777777777,5418.044444444445,3129.466666666667,5546.277777777777,5418.044444444445,352.6111111111111,733.9000000000001,689.7666666666667,11907.066666666668,18177.74444444444,18132.977777777778,8517.522222222224,13287.611111111111,13377.91111111111,1393.8666666666666,2265.688888888889,2365.3888888888887,8444.933333333332,12894.277777777777,13200.044444444444,5812.31111111111,8374.500000000002,9248.133333333335,4889.022222222222,8265.433333333332,7161.511111111111,5558.722222222223,8881.755555555554,9007.666666666666,5569.222222222223,8881.755555555554,9007.666666666666,4881.455555555555,7975.433333333334,7324.155555555555,8582.2,13570.3,13169.133333333333,1.1995332370319773,0.36793743366864884,0.6867323106338217,0.382573425773799,0.3815705945214612,0.4208243670897506,0.3473226236181816,12.0
2917,802.38,799.01,464.61,16903.1,15161.609999999997,9949.66,1409.1699999999998,954.2000000000002,665.86,43668.0,38649.68000000001,23142.610000000004,4667.05,4070.3599999999997,2444.98,1019.26,929.1700000000001,624.5600000000001,129.6,150.21999999999997,97.45,3429.2300000000005,3063.78,1783.6200000000001,3418.85,3062.9800000000005,1783.6200000000001,242.82,351.24,184.69,140.57999999999998,165.82999999999998,116.52000000000001,58.33,124.87,62.84999999999999,52.36,83.58,41.86,469.5200000000001,366.43999999999994,462.4500000000001,10235.82,8924.710000000001,5057.339999999999,10152.22,8845.369999999999,5029.72,510.91999999999996,470.09000000000003,264.32,3158.8900000000003,16951.55,13615.690000000002,18148.52,41785.87,31231.43,2871.1500000000005,7576.33,5878.789999999999,1454.94,5107.3099999999995,4594.96,986.2800000000001,945.0699999999999,1535.6599999999999,1180.8700000000001,1945.7599999999998,1677.03,3865.9,5432.29,5609.460000000001,2308.1,2486.7599999999998,2988.33,2509.79,5296.08,4495.92,3216.12,6219.82,5994.14,3897.63,6219.82,5994.14,944.97,2656.13,1380.33,925.6600000000001,1546.6299999999999,1343.3899999999999,2785.24,4327.12,4419.680000000001,2785.24,4327.12,4419.680000000001,279.61,659.7900000000002,663.8,9605.78,14812.51,14926.029999999999,6930.32,10656.21,10802.220000000001,1165.8700000000001,1851.6899999999998,1883.7600000000002,6913.4800000000005,10373.69,10813.07,4715.250000000001,6866.039999999999,7474.280000000001,4284.88,6112.21,6134.780000000001,4456.3,6931.030000000001,7141.2300000000005,4469.49,6942.76,7141.910000000001,3799.6899999999996,6029.42,5672.39,6681.9,10319.400000000001,10296.21,1.056886582869897,0.3870820738298067,0.5971553774478464,0.39228293740077524,0.3369764096682105,0.4299281714551642,0.33740747229932405,13.0
2918,593.825,592.3000000000001,447.775,16344.8625,15176.5625,10025.724999999999,1072.3,750.375,521.5875,33844.58750000001,31864.475,18994.774999999998,3573.2,3350.9624999999996,1947.3625000000002,763.675,714.2875,550.6624999999999,109.76249999999999,75.8,155.25,2586.3875,2486.3875,1481.3375,2581.5125,2486.3875,1481.3375,228.65,256.35,205.4,127.5875,183.875,151.55,82.3875,79.975,63.824999999999996,30.237500000000004,43.912499999999994,39.987500000000004,376.65,751.625,449.90000000000003,8135.6625,7466.3625,4226.012500000001,8039.5,7448.225,4218.9,440.775,344.0375,219.4375,2248.6125,14230.662499999999,11846.9875,14296.2,34250.8625,25516.55,2209.1375,6362.3,3765.6875,1113.0124999999998,3506.475,3170.4874999999997,790.8875,544.5125,1103.8874999999998,927.1875,1550.0625,1365.2,2958.6,4309.35,3729.8375,1653.025,2013.725,2255.6124999999997,1808.0375,4353.275,3635.4750000000004,2796.675,4851.025,4502.9375,2796.675,4851.025,4502.9375,408.4,1830.0375000000001,1018.375,739.35,1047.6374999999998,1042.3875,2067.75,3759.3125,3507.7375,2067.75,3759.3125,3507.7375,274.8375,578.025,468.4375,7507.125,12078.275000000001,12218.925,5357.487499999999,8180.6625,8655.0375,911.95,1493.375,1569.025,5436.7375,8528.45,8960.4625,3727.6875,5577.0875,6082.7625,3303.8125,4619.75,4725.2125,3574.0875,6036.5375,5873.0,1773.0,5518.262500000001,5883.637500000001,2904.8625,4988.612499999999,4603.7875,5119.987499999999,8285.587500000001,8108.075000000001,1.0709159631683234,0.4829387416821078,0.6166629754662813,0.4762847183266004,0.3452758732867253,0.5278148859357376,0.31167199634536324,11.0
2919,819.7111111111111,819.8444444444444,457.6333333333333,17165.17777777778,15258.28888888889,10124.422222222222,1419.9333333333334,1033.7777777777778,650.2555555555556,43431.62222222222,38576.322222222225,23354.41111111111,4622.3,4050.4444444444443,2419.777777777778,979.1555555555556,881.3777777777777,560.5333333333333,123.95555555555555,87.98888888888888,78.4,3432.7444444444445,2913.266666666667,1675.177777777778,3427.8888888888887,2913.266666666667,1675.177777777778,216.6,233.7555555555556,183.0111111111111,163.35555555555555,127.85555555555555,102.46666666666667,104.26666666666667,69.4111111111111,75.9,38.511111111111106,51.84444444444444,53.56666666666666,540.1666666666666,604.7333333333333,397.8666666666666,10357.922222222223,9098.755555555555,5174.7,10218.144444444444,9041.122222222222,5140.677777777778,568.3111111111111,572.3444444444444,168.10000000000002,2861.5666666666666,16837.07777777778,13574.422222222223,17955.033333333336,42015.1,31265.033333333333,2994.3333333333335,7717.855555555555,5939.688888888889,2060.9,4876.055555555556,4773.411111111111,1076.1888888888889,1346.3666666666666,1317.4333333333332,1097.988888888889,2010.5333333333333,1757.5666666666666,4435.68888888889,7512.9333333333325,5521.555555555557,2139.133333333333,2536.266666666667,2853.9444444444443,3026.8555555555554,5737.144444444445,4782.888888888889,3769.5333333333338,6435.011111111112,5674.4,3769.5333333333338,6435.011111111112,5674.4,618.4222222222221,3222.266666666667,901.7333333333332,976.4555555555556,1662.5666666666666,1237.6999999999998,2644.2555555555555,4533.844444444444,3549.2777777777774,2644.2555555555555,4533.844444444444,4343.633333333333,241.29999999999998,607.2555555555556,676.2444444444445,9835.755555555555,15160.044444444444,15418.78888888889,7182.622222222222,10455.666666666666,11264.077777777778,1177.9888888888888,1872.3666666666666,1942.4777777777776,7131.200000000001,10783.233333333332,11223.28888888889,4883.144444444445,6952.822222222222,7835.788888888889,4608.700000000001,5555.366666666667,6000.0777777777785,4529.944444444444,7307.933333333334,7415.266666666667,4541.344444444444,7308.055555555556,7430.577777777779,3838.6222222222223,6138.81111111111,5906.133333333334,6754.611111111111,10581.3,10461.044444444444,1.0388774290626714,0.395223040252801,0.5963783454167534,0.3955350849931262,0.33340347382810726,0.4335122034999812,0.3305895851389068,12.0
2920,799.7666666666667,812.7777777777778,463.6666666666667,17497.37777777778,15356.177777777779,9919.822222222221,1355.0444444444445,963.4111111111112,681.1333333333333,43387.71111111111,38443.63333333333,23330.711111111108,4603.4333333333325,4048.6555555555556,2437.1111111111113,1029.1444444444444,966.6333333333334,603.5999999999999,120.55555555555556,134.04444444444445,76.42222222222223,3367.8777777777777,2907.233333333333,1719.9888888888886,3366.633333333333,2907.233333333333,1717.2888888888888,206.95555555555558,246.27777777777777,157.4333333333333,141.06666666666666,138.84444444444443,101.47777777777777,95.64444444444445,89.1888888888889,75.95555555555556,50.91111111111112,71.72222222222223,44.42222222222222,393.40000000000003,422.1333333333333,470.5,10275.677777777779,8882.422222222223,5103.4,10163.677777777779,8805.455555555554,5072.877777777778,556.2,488.1555555555555,256.9888888888889,2923.155555555555,17220.144444444442,13590.21111111111,17958.655555555553,41988.13333333333,31559.966666666667,2906.233333333333,7764.7444444444445,6187.2444444444445,1249.111111111111,4984.677777777779,4789.111111111112,887.4000000000001,1869.5222222222224,1370.0555555555557,1052.9111111111113,2032.6555555555553,1780.8111111111111,4517.455555555556,6206.7555555555555,6370.700000000001,3077.222222222222,2785.0777777777776,2008.2111111111108,3179.1222222222223,5672.155555555555,4721.288888888888,2811.266666666667,6487.6,5962.444444444444,3828.3777777777777,6487.6,5962.444444444444,516.7555555555556,3380.9444444444443,1683.988888888889,1098.8444444444444,1810.2444444444445,1171.7333333333331,2769.477777777777,4528.911111111111,3462.8888888888887,2769.477777777777,4528.911111111111,4643.133333333333,280.8888888888889,641.8888888888889,682.5666666666667,9878.37777777778,15038.599999999999,15201.088888888888,7223.0777777777785,10438.777777777777,11164.933333333334,1214.2777777777778,1867.255555555556,1887.4555555555553,7070.688888888889,10658.466666666665,11033.577777777778,4836.9222222222215,6841.322222222222,7761.911111111112,4303.7,5716.2444444444445,6198.977777777777,4445.922222222222,7159.033333333334,7422.988888888888,4456.0666666666675,7160.4111111111115,7422.988888888888,3835.1555555555556,6145.2555555555555,5889.622222222222,6771.522222222223,10433.722222222223,10499.3,1.028881260305898,0.4032795768591927,0.5855236229140715,0.3994465779191296,0.33371805236174606,0.42518302056802576,0.3341175097900517,12.0
2921,790.07,758.66,461.57,17463.46,15273.720000000001,9978.42,1352.6299999999999,1019.5899999999999,679.97,43132.89,38262.54,23241.91,4571.33,4031.7,2393.5600000000004,1041.6300000000003,884.7,592.2900000000001,138.67000000000002,98.51,110.92999999999998,3336.0800000000004,2960.88,1757.19,3335.1699999999996,2955.63,1755.4100000000003,265.90000000000003,265.41,195.65000000000003,178.41,165.02,95.61,68.38,50.35,92.32000000000001,41.49,63.86999999999999,36.9,515.99,427.96000000000004,272.72999999999996,10249.52,9016.86,5070.1,10190.060000000001,8917.6,5032.67,467.85999999999996,589.65,245.47000000000003,2604.2799999999997,16808.079999999998,13510.12,18020.84,41971.469999999994,30592.130000000005,2705.4,7355.789999999999,4937.0199999999995,2067.0899999999997,5398.51,4793.9,1130.09,1292.7900000000002,907.7700000000001,1130.09,2064.41,1621.16,4378.4,5926.25,6241.07,2531.73,3085.46,1989.5499999999997,2771.5899999999997,5593.36,4544.17,3383.35,6699.08,5764.95,3656.9399999999996,6699.08,5764.95,502.00999999999993,2926.64,1840.0400000000002,994.25,1476.01,1466.29,2716.5800000000004,4798.93,4018.5399999999995,2716.5800000000004,4798.93,4359.69,305.01,561.8299999999999,612.24,9665.71,15110.37,15270.209999999997,7007.82,10800.460000000001,11280.26,1186.35,1907.3700000000001,1912.6,7027.65,10660.9,11214.029999999999,4838.95,6868.93,7714.709999999999,4219.66,5975.249999999999,5968.45,4498.4,7155.58,7331.5700000000015,4498.4,6610.6900000000005,7366.62,3759.5,6162.960000000001,5892.6900000000005,6686.610000000001,10476.19,10510.25,1.0542484721763845,0.4048757224475336,0.5901642382019765,0.3991820720736261,0.32957438044401494,0.42932874277544314,0.33879534091454033,13.0
2922,766.0444444444444,808.911111111111,453.9333333333334,16627.477777777778,15319.433333333332,10228.21111111111,1393.0444444444445,975.9666666666667,618.7555555555555,42908.18888888889,38214.03333333333,23166.1,4446.488888888889,4012.7888888888897,2477.488888888889,985.1222222222223,866.0999999999999,605.2888888888889,114.76666666666668,83.92222222222223,93.46666666666665,3373.211111111111,2888.922222222222,1676.7666666666664,3358.3777777777777,2888.922222222222,1676.7666666666664,210.91111111111113,286.1666666666667,179.58888888888887,150.23333333333335,133.44444444444446,90.75555555555555,131.7111111111111,83.65555555555555,113.3111111111111,50.300000000000004,90.54444444444444,52.82222222222222,376.6888888888889,277.8222222222222,456.21111111111117,10101.033333333333,8780.311111111112,5058.922222222222,10055.71111111111,8707.000000000002,5037.088888888889,509.27777777777777,425.43333333333334,370.3888888888889,2687.188888888889,16317.83333333333,13344.955555555554,16224.955555555556,41949.01111111111,31045.722222222223,2791.1111111111113,7076.666666666667,5032.066666666667,1652.6,4833.9,4747.077777777778,1076.7444444444445,1423.0777777777776,1557.3000000000002,1076.7444444444445,2029.3000000000002,1698.0111111111112,4096.466666666667,6178.388888888889,5685.833333333333,2381.066666666667,2469.1111111111113,2028.4444444444443,3480.055555555556,5728.377777777778,4829.488888888889,3370.722222222222,6646.244444444445,5742.266666666666,4172.577777777778,6646.244444444445,5742.266666666666,605.7222222222222,2110.311111111111,1556.8222222222223,2084.722222222222,1798.6444444444444,1206.6555555555556,3274.4666666666662,4611.2555555555555,3510.5555555555557,3274.4666666666662,4611.2555555555555,4327.933333333333,514.9666666666667,583.1,627.4444444444445,9661.11111111111,14894.400000000001,15219.066666666668,7045.68888888889,10452.077777777777,11085.133333333331,1177.0111111111112,1718.7666666666667,1892.0,7047.0,10625.78888888889,11077.577777777777,4814.933333333334,6860.666666666667,7648.611111111111,4042.1555555555556,6547.177777777779,5901.733333333333,4546.877777777779,7012.455555555555,7344.022222222222,4556.644444444445,7036.622222222222,7344.022222222222,3877.0555555555557,6131.733333333334,5818.333333333333,6727.588888888889,10430.355555555558,10478.62222222222,1.0408441633122485,0.38751292488328437,0.5845821248254378,0.40088501519075453,0.3309722599429371,0.441516315267184,0.3325176390214023,12.0
2923,769.8111111111111,792.6888888888889,469.69999999999993,16296.922222222222,15316.31111111111,10113.888888888887,1376.6222222222223,981.4555555555554,630.6555555555556,42644.61111111111,38193.600000000006,23094.222222222226,4496.299999999999,4033.3999999999996,2372.777777777778,954.9666666666667,899.6444444444445,557.7,101.23333333333332,84.07777777777777,104.14444444444445,3332.933333333333,2887.8333333333335,1765.7666666666667,3327.5,2887.8333333333335,1765.7666666666667,217.76666666666665,214.96666666666667,189.76666666666668,146.14444444444445,133.6888888888889,106.9,79.88888888888889,64.82222222222222,71.54444444444444,37.32222222222222,46.63333333333333,58.85555555555556,466.4222222222222,435.6,616.8333333333334,10102.677777777779,8938.166666666666,5039.7444444444445,10038.477777777778,8832.999999999998,5012.333333333333,454.09999999999997,646.9000000000001,274.1444444444444,2601.0888888888885,16901.61111111111,13212.466666666667,16418.922222222223,43457.955555555556,30598.288888888892,2779.7444444444445,8566.6,5227.522222222222,2092.233333333333,5371.333333333333,4727.4111111111115,1122.0666666666666,1548.4888888888888,1390.4777777777776,1122.0666666666666,2034.7333333333331,1646.5444444444443,4222.522222222222,5858.4333333333325,6194.066666666667,1467.9777777777776,3670.644444444444,2135.411111111111,3061.2888888888892,5960.044444444445,4753.644444444445,3482.5888888888885,6558.477777777777,6018.777777777777,3871.488888888888,6558.477777777777,6018.777777777777,438.3777777777778,2216.1777777777775,465.12222222222226,1138.8333333333333,1560.1888888888889,1360.6333333333334,2893.6111111111113,4552.333333333333,4612.411111111111,2893.6111111111113,4552.333333333333,4612.411111111111,441.00000000000006,567.0,580.8888888888889,9850.7,14974.777777777777,15225.600000000002,7098.522222222223,10654.066666666668,11162.333333333334,1130.3333333333333,1868.988888888889,1918.877777777778,6917.866666666666,10663.133333333333,11196.588888888888,4813.666666666667,6782.677777777778,7563.766666666666,4242.166666666668,5489.466666666666,6337.511111111111,4575.11111111111,7014.044444444446,7463.277777777777,4211.7,7023.944444444445,7463.277777777777,3807.144444444444,6166.066666666667,5895.700000000001,6786.066666666667,10439.522222222222,10473.355555555556,1.0190623790977065,0.3821566617118484,0.5898585028158458,0.4010177388649174,0.3292043225444864,0.4379402255494398,0.3339450882307562,12.0
2924,811.9333333333334,816.0999999999999,497.29999999999995,16950.266666666666,15104.68888888889,10099.277777777777,1358.711111111111,960.3444444444444,656.1555555555556,42967.31111111111,38238.03333333333,23147.74444444444,4508.033333333334,4048.6777777777775,2380.7666666666664,968.1333333333334,898.7222222222222,590.9000000000001,92.16666666666667,73.71111111111111,151.66666666666666,3285.555555555556,2959.944444444445,1772.877777777778,3285.188888888889,2956.466666666667,1772.7,212.14444444444445,305.34444444444443,191.16666666666666,149.0,167.14444444444442,64.37777777777778,70.95555555555556,76.83333333333333,62.86666666666666,32.788888888888884,73.9111111111111,47.05555555555556,564.8111111111111,503.37777777777785,595.9555555555556,10166.299999999997,8959.12222222222,5018.777777777777,10086.133333333331,8886.255555555554,4994.4,456.81111111111113,664.111111111111,171.1222222222222,3164.6555555555556,16788.666666666668,13194.466666666667,17995.755555555555,42586.711111111115,31487.288888888885,2922.8888888888887,7275.177777777778,5447.988888888889,2241.233333333333,5146.011111111112,4711.277777777777,1046.0222222222224,1719.7111111111112,1316.0555555555557,1134.4333333333334,2050.011111111111,1585.2777777777778,3765.6444444444446,6596.177777777778,5674.8,3301.2,3011.9444444444443,2517.355555555556,2278.4999999999995,5992.144444444444,4631.888888888889,3496.8777777777777,6073.311111111111,5782.455555555556,3828.8222222222225,6700.033333333334,5782.455555555556,687.7444444444445,3219.5222222222224,1276.5777777777778,1065.8,1544.9333333333334,1257.6000000000001,2794.266666666667,4725.311111111111,4060.8555555555554,2794.266666666667,4725.311111111111,4415.733333333334,243.3444444444445,553.0333333333333,666.0111111111112,9825.68888888889,14991.277777777777,15293.577777777778,7005.599999999999,10932.566666666668,11435.333333333332,1255.6555555555556,1853.8666666666666,1928.3444444444447,7032.811111111111,10635.466666666667,11327.833333333334,4887.266666666666,7029.855555555555,9446.5,4675.855555555556,6981.788888888888,7630.888888888889,4571.411111111111,7184.477777777778,11562.400000000001,4571.411111111111,7196.522222222222,11562.400000000001,3808.1333333333337,6158.722222222223,7336.799999999999,6761.411111111111,10476.177777777777,11031.833333333334,1.026506481875175,0.39449214363994545,0.5927617169984026,0.3950174099493146,0.32656845066411316,0.43629640900937317,0.3376361578724006,12.0
2925,737.5,781.6666666666666,476.62222222222215,17209.31111111111,15223.744444444443,10181.5,1355.611111111111,982.2555555555555,663.2111111111111,42760.7,37946.788888888885,23031.044444444444,4489.433333333333,3969.1000000000004,2399.6,983.188888888889,884.5999999999999,625.7000000000002,121.80000000000001,122.32222222222224,150.55555555555554,3289.8999999999996,2876.011111111111,1780.0555555555554,3286.5444444444447,2876.011111111111,1780.0555555555554,258.0333333333333,235.5333333333333,187.2111111111111,127.92222222222222,140.1222222222222,87.92222222222222,67.41111111111111,112.19999999999999,57.58888888888888,45.61111111111111,63.155555555555566,39.53333333333333,519.9333333333334,576.6777777777778,537.5,10154.266666666666,8975.455555555554,4996.799999999999,10042.777777777777,8879.311111111112,4996.111111111111,622.388888888889,497.5666666666667,357.23333333333335,2321.333333333334,16831.466666666667,13543.599999999999,17783.933333333334,41449.96666666666,30463.322222222225,2961.3888888888887,7751.222222222223,5340.211111111111,1496.3555555555554,5165.166666666667,4426.200000000001,858.1555555555556,1566.9444444444446,1147.8000000000002,1136.8111111111111,1890.2000000000003,1755.3777777777777,4213.455555555555,6250.422222222222,5765.733333333334,2069.7999999999997,2617.5222222222224,2012.111111111111,2940.188888888889,5399.966666666667,4801.944444444444,3024.0222222222224,6662.7555555555555,5701.577777777778,3782.5,6662.7555555555555,5701.577777777778,319.1888888888889,2361.4444444444443,1260.2333333333333,983.1333333333334,1638.2666666666669,1459.6,2701.788888888889,4537.022222222223,4765.81111111111,2701.788888888889,4537.022222222223,4765.81111111111,322.3888888888889,554.8222222222222,615.3111111111111,9576.711111111112,15103.31111111111,15303.244444444446,7052.177777777778,11045.28888888889,10992.71111111111,1143.7111111111112,1883.377777777778,1936.8222222222223,7036.422222222222,10605.08888888889,11146.955555555556,4886.5,6876.200000000001,7577.18888888889,4265.633333333333,6193.8,6152.0,4514.944444444444,7083.522222222222,7321.544444444446,4516.377777777778,7083.522222222222,7321.722222222223,3786.711111111111,6149.444444444445,5795.466666666667,6718.4222222222215,10473.266666666668,10403.533333333333,1.0486666728545173,0.40245625331463497,0.5879049332817382,0.40118663239255203,0.32647397937401795,0.4420772155843755,0.3355744366457332,12.0
2926,753.7777777777778,804.2555555555557,469.68888888888887,16886.077777777777,15244.966666666667,10217.422222222222,1334.8777777777777,971.9333333333333,654.7777777777778,42694.87777777778,38095.64444444445,23131.255555555555,4461.666666666667,4016.5888888888885,2427.3444444444444,974.1777777777778,900.1666666666666,615.411111111111,110.4111111111111,104.98888888888888,107.04444444444444,3308.244444444444,2885.822222222222,1693.5777777777778,3304.4444444444443,2885.822222222222,1693.5333333333335,194.64444444444447,297.17777777777775,177.2111111111111,211.1222222222222,177.81111111111113,91.24444444444445,107.23333333333333,55.03333333333333,59.28888888888889,27.899999999999995,54.388888888888886,46.54444444444445,460.4888888888888,340.1,465.3333333333333,10183.844444444445,8855.533333333333,5025.9111111111115,10085.555555555555,8742.011111111111,5001.266666666667,580.4222222222221,606.7444444444444,310.8555555555556,2493.5666666666666,16900.600000000002,13558.566666666668,17725.74444444444,41839.177777777775,30610.011111111107,3045.6999999999994,7796.522222222222,5729.466666666666,1404.1888888888889,5443.044444444444,4798.333333333332,885.8888888888889,1451.8999999999999,1067.1555555555556,1052.6888888888889,2101.766666666667,1652.4666666666665,3594.7777777777774,5654.133333333333,5822.955555555556,2302.1888888888884,2999.5222222222224,2065.6222222222223,3164.4555555555553,5626.366666666667,4974.522222222223,2039.3333333333333,6696.555555555555,5948.522222222223,3812.022222222222,6696.555555555555,5948.522222222223,388.27777777777777,1412.6777777777777,536.1666666666666,1082.8333333333333,1585.7666666666667,1534.2222222222222,2750.8777777777777,4544.188888888889,3966.1111111111113,2750.8777777777777,4544.188888888889,4367.0777777777785,344.0777777777778,604.4666666666667,624.5222222222222,9671.733333333334,15071.255555555554,15290.133333333331,6887.288888888888,10760.6,11248.522222222222,1154.8333333333333,1838.1777777777777,1906.9444444444443,7128.144444444445,10571.844444444445,11175.833333333334,4798.2555555555555,6981.144444444445,7697.833333333333,4034.988888888889,6401.4333333333325,6216.811111111111,4557.455555555555,7173.7,7415.655555555555,4557.455555555555,7190.799999999999,7419.31111111111,3786.011111111111,6141.777777777777,5729.81111111111,6701.122222222222,10512.544444444446,10515.355555555556,1.042786769233597,0.39550594021296853,0.5800453106833982,0.40017610645486446,0.32709110886323217,0.4417149859281309,0.33700197523372116,12.0
2927,751.9444444444445,790.2888888888888,434.79999999999995,16468.25555555556,15253.533333333333,10136.011111111111,1431.6,1022.5555555555555,635.3777777777777,42484.63333333333,38006.4,23022.28888888889,4501.944444444444,4016.7999999999997,2420.0666666666666,988.4111111111112,869.4333333333334,581.9222222222222,141.96666666666667,90.21111111111111,82.12222222222222,3191.6222222222223,2884.9,1709.3555555555556,3189.411111111111,2884.9,1709.3555555555556,266.26666666666665,338.77777777777777,234.67777777777778,191.1777777777778,112.07777777777778,99.95555555555556,99.84444444444443,114.24444444444445,73.44444444444446,39.23333333333333,71.48888888888888,41.01111111111111,433.14444444444445,275.3666666666666,427.71111111111117,10105.58888888889,8870.766666666666,5140.455555555555,10038.400000000001,8790.755555555555,5116.222222222223,483.90000000000003,363.61111111111114,258.5444444444445,3629.222222222222,17464.777777777777,13131.055555555555,16240.222222222223,41511.03333333334,30866.055555555555,2803.811111111111,7453.700000000001,5128.466666666666,1288.4666666666665,5293.200000000001,4759.622222222221,919.3222222222222,1040.3555555555554,1140.8666666666668,1130.888888888889,1887.2444444444445,1703.1222222222223,4231.7,6496.7555555555555,5837.544444444445,1374.8444444444444,3298.211111111111,2070.1,2814.4444444444443,5551.2444444444445,4920.288888888888,3603.5444444444447,6673.577777777778,5989.444444444444,4049.9444444444443,6673.577777777778,5989.444444444444,706.4000000000001,1675.6444444444444,917.4000000000001,1163.2444444444445,1481.4888888888888,1412.6888888888889,2692.4333333333334,4268.200000000001,4265.033333333334,2692.4333333333334,4268.200000000001,4265.033333333334,270.0777777777778,500.1666666666667,569.2666666666667,9663.844444444445,15017.133333333335,15297.566666666668,7138.666666666667,11001.622222222222,11284.47777777778,1183.9666666666665,1793.6666666666667,1854.0333333333333,6960.144444444444,10598.022222222222,11344.188888888888,4851.2444444444445,6951.477777777777,7658.111111111111,4296.522222222223,6050.933333333333,6196.0666666666675,4536.766666666666,7132.877777777777,7390.655555555555,4543.144444444444,7151.544444444444,7407.177777777779,3817.9333333333334,6185.7555555555555,5882.966666666666,6764.366666666666,10473.144444444444,10519.655555555555,1.0387584421198834,0.3876285203251268,0.5853817343449186,0.40134117762622434,0.3344468001810019,0.4402694779841371,0.32479712826889634,12.0
2928,768.9888888888888,735.6444444444444,482.6555555555555,16951.88888888889,15021.488888888889,10097.422222222223,1385.5,958.4333333333333,627.8777777777779,42730.37777777777,38020.73333333334,23025.67777777778,4529.211111111112,4004.5777777777785,2426.5222222222224,1055.0,874.1222222222223,587.7111111111111,148.04444444444442,97.3111111111111,88.07777777777778,3291.8222222222225,2805.2888888888892,1776.788888888889,3283.2777777777783,2805.2888888888892,1776.788888888889,204.5111111111111,284.5222222222222,178.85555555555555,137.87777777777777,197.53333333333336,124.16666666666667,93.84444444444445,93.53333333333333,102.06666666666666,23.2,59.41111111111112,47.111111111111114,432.4222222222222,406.97777777777776,400.07777777777784,10162.71111111111,8845.188888888888,5001.533333333334,10100.388888888889,8775.166666666664,4964.3,663.8333333333334,397.6777777777778,245.73333333333332,3034.4333333333334,16850.433333333334,13654.577777777778,17810.92222222222,41596.81111111111,30218.899999999998,2870.766666666667,6906.322222222222,5490.4111111111115,1900.0777777777778,5020.18888888889,4606.066666666667,777.1999999999999,1364.3555555555556,1208.122222222222,1074.4555555555555,2101.2222222222226,1766.1888888888889,3952.3111111111107,6262.444444444444,6471.577777777778,2418.2666666666664,2538.4555555555553,2099.133333333333,3111.633333333333,5352.911111111111,4774.5,3030.8,6642.622222222222,5788.666666666667,3748.1888888888884,6642.622222222222,5788.666666666667,383.3888888888889,2711.9222222222215,1815.522222222222,1030.7,1493.7333333333331,1473.8444444444447,2595.7,4371.68888888889,4346.166666666667,2595.7,4371.68888888889,4346.166666666667,311.05555555555554,575.8444444444444,530.411111111111,9773.722222222223,15011.766666666666,15345.844444444441,7072.622222222223,11061.955555555556,11221.166666666666,1209.4666666666667,1905.888888888889,1857.3444444444442,7152.166666666667,10603.344444444445,11196.133333333335,4758.388888888888,6863.544444444444,7650.033333333334,4666.0,6498.911111111111,6264.988888888889,4522.91111111111,7050.6,7438.799999999999,4167.977777777777,7073.666666666667,7438.799999999999,3730.1777777777775,6154.488888888889,5904.777777777777,6675.977777777778,10468.066666666666,10440.18888888889,1.033422953838808,0.3967175056829204,0.5845525621012848,0.39508677429215516,0.3234947426954529,0.43852877294962006,0.34093560954166546,12.0
2929,786.8555555555555,773.5555555555555,452.55555555555554,17072.266666666666,15192.177777777779,10200.755555555555,1361.2666666666669,1024.3333333333333,623.8333333333334,42628.57777777777,37996.67777777778,22985.57777777778,4528.711111111111,4009.722222222222,2452.9555555555553,995.0999999999999,845.2555555555555,541.3444444444444,129.23333333333332,116.11111111111111,92.86666666666666,3303.811111111111,2820.866666666667,1746.4333333333334,3303.633333333333,2820.866666666667,1741.5333333333335,221.61111111111111,230.34444444444443,194.23333333333335,130.7111111111111,152.1888888888889,131.96666666666667,44.65555555555555,51.488888888888894,62.42222222222223,28.022222222222226,60.8888888888889,35.988888888888894,574.5666666666667,309.1666666666667,475.2444444444444,10156.388888888887,8862.333333333334,5048.5,10061.411111111109,8754.477777777778,5018.611111111112,597.0666666666667,506.8888888888889,209.33333333333334,2392.022222222222,17460.222222222223,13590.811111111112,17681.92222222222,40404.544444444444,31078.433333333334,2772.566666666667,7043.855555555556,5510.611111111111,1711.9333333333334,5174.4,4808.766666666666,960.9444444444445,1711.377777777778,1039.1222222222223,1102.1000000000001,2040.9888888888886,1712.4555555555555,4504.933333333333,5724.466666666667,7101.666666666666,2129.4222222222224,3000.7444444444445,2606.0111111111114,2677.8777777777777,5443.388888888889,5128.011111111112,3865.3777777777773,6818.088888888889,5939.4222222222215,3865.3777777777773,6818.088888888889,5939.4222222222215,411.21111111111117,2853.055555555556,461.83333333333326,992.6444444444444,1599.8000000000002,1465.5777777777776,2840.4555555555557,4504.466666666666,4545.211111111112,2840.4555555555557,4504.466666666666,4545.211111111112,295.4888888888889,545.4777777777778,664.2000000000002,9807.533333333333,15157.022222222224,15437.655555555555,7025.9,10578.744444444446,11214.6,1184.8555555555554,1860.3111111111111,1885.6888888888889,7137.000000000001,10625.666666666666,11164.777777777777,4860.488888888889,6967.955555555555,7796.5,3909.9666666666662,6458.833333333332,6113.855555555555,4618.633333333333,7022.055555555556,7487.833333333333,4620.355555555555,6420.044444444446,7487.833333333333,3846.3888888888887,6127.577777777778,5948.9,6770.299999999999,10505.944444444445,10487.344444444445,1.0258859969320633,0.40048876966208385,0.5775856002205065,0.39982910786644793,0.3250889419737742,0.44378939064205475,0.33440269024065666,12.0
2930,778.8555555555556,822.7222222222222,450.68888888888887,16632.288888888885,15231.31111111111,10123.277777777777,1340.4222222222222,863.2333333333333,602.811111111111,42605.433333333334,37848.644444444435,22923.18888888889,4443.222222222223,3960.4444444444443,2415.833333333333,977.4777777777776,896.6555555555556,609.811111111111,142.77777777777777,135.2888888888889,129.34444444444443,3275.288888888889,2917.5222222222224,1735.5777777777778,3269.011111111111,2917.5222222222224,1735.5777777777778,232.34444444444443,211.11111111111111,232.7888888888889,158.43333333333334,149.44444444444446,146.29999999999998,72.18888888888888,117.52222222222223,98.03333333333333,48.08888888888889,54.211111111111116,60.699999999999996,295.7888888888889,455.6333333333333,420.4333333333333,10133.833333333334,9098.388888888889,5050.811111111111,10073.0,9029.022222222224,5037.733333333334,479.5,540.9000000000001,311.62222222222226,2594.8999999999996,17713.56666666667,13440.755555555555,17875.98888888889,41158.07777777778,30567.355555555558,2823.088888888889,7527.555555555556,5782.166666666667,1356.0333333333333,5312.266666666666,4735.277777777777,1044.7222222222222,1601.911111111111,1521.2111111111112,1105.3,2088.3888888888887,1790.6111111111113,4267.7444444444445,5748.633333333334,6565.644444444445,2059.8999999999996,3217.1222222222223,2049.633333333333,2708.833333333334,5567.388888888889,4686.7444444444445,3707.1444444444446,6795.555555555556,5977.022222222223,3707.1444444444446,6795.555555555556,5977.022222222223,824.8000000000001,2918.511111111111,2205.9555555555553,1088.5333333333333,1621.5222222222224,1478.6222222222223,2659.0222222222224,4421.122222222222,4260.711111111112,2659.0222222222224,4421.122222222222,4260.711111111112,330.11111111111114,658.588888888889,655.411111111111,9759.866666666665,15050.411111111109,15588.933333333336,7079.933333333333,10922.433333333332,11185.922222222223,1200.1222222222223,1850.6444444444444,1867.0555555555557,7154.9222222222215,10643.0,11214.68888888889,4867.877777777779,6883.700000000001,7807.144444444445,4564.844444444444,6020.355555555555,6047.033333333333,4581.711111111111,7116.9,7539.622222222221,4218.388888888889,7141.288888888889,7539.622222222221,3805.9555555555553,6192.444444444444,5898.088888888889,6738.722222222223,10529.199999999999,10483.855555555556,1.0320837716362248,0.3903795264505908,0.5999186437875084,0.40242685926224286,0.3231608748086249,0.4416173433306496,0.3332245070832653,12.0
2931,790.9333333333333,771.0444444444445,461.64444444444445,16747.188888888886,15148.02222222222,10156.733333333332,1348.0888888888887,907.8777777777777,610.3555555555555,42638.71111111111,37834.22222222222,23038.166666666668,4483.388888888889,3970.6111111111113,2346.655555555555,936.4000000000001,868.6555555555556,533.5555555555554,89.5,79.65555555555555,108.9,3227.3999999999996,2951.9444444444443,1735.1555555555558,3219.755555555555,2951.9444444444443,1735.0,189.8,239.61111111111111,141.02222222222224,158.24444444444444,130.7111111111111,91.34444444444445,59.58888888888888,54.98888888888889,53.14444444444444,23.788888888888888,46.75555555555556,32.68888888888889,549.5444444444444,431.59999999999997,485.0777777777778,10167.822222222221,8819.933333333332,5058.2555555555555,10052.822222222221,8768.988888888889,5020.033333333334,461.28888888888895,579.7555555555555,342.5777777777778,2389.0666666666666,17279.433333333334,13176.733333333332,17801.688888888886,41236.600000000006,31827.57777777778,3120.0666666666666,7345.611111111111,5280.0777777777785,1570.8666666666668,5587.933333333333,4573.6,950.3444444444444,1766.4444444444443,1159.322222222222,1096.5222222222224,2054.2555555555555,1742.5666666666666,4118.18888888889,6030.799999999999,6423.777777777777,3152.4888888888886,2444.9222222222224,3901.511111111111,2781.8333333333335,5485.7444444444445,4629.466666666666,3643.355555555556,6743.111111111111,5979.566666666667,3643.355555555556,6743.111111111111,5979.566666666667,726.0999999999999,2643.9333333333334,1592.122222222222,1101.122222222222,1634.4,1320.0666666666666,2648.9555555555553,4449.833333333333,3425.988888888889,2648.9555555555553,4449.833333333333,4212.977777777778,253.61111111111111,560.2777777777778,566.9888888888888,9849.466666666667,15086.01111111111,15545.97777777778,7113.411111111111,11278.755555555554,11227.766666666666,1159.0666666666668,1797.9111111111113,1896.9666666666662,7117.444444444444,10695.944444444445,11171.322222222221,4871.188888888889,6946.788888888888,7759.222222222223,4672.700000000001,6040.81111111111,6029.355555555555,4598.888888888889,7156.122222222222,7361.822222222223,4604.133333333334,6545.844444444444,7362.2444444444445,3881.4444444444443,6186.733333333334,5844.500000000001,6697.844444444444,10478.188888888888,10542.933333333334,1.0206463519739364,0.39276958548882546,0.5812662356075275,0.4003788457246232,0.32291525210522476,0.44086552025985853,0.3338975067026302,12.0
2932,807.4777777777778,789.2777777777778,454.9888888888888,16898.444444444445,15080.855555555554,10070.677777777777,1335.6666666666667,1001.2666666666667,657.1666666666667,42507.34444444445,37822.211111111115,22889.88888888889,4458.4,4005.6222222222223,2390.066666666667,1029.4666666666665,933.4000000000001,581.1222222222221,121.92222222222222,137.95555555555558,86.84444444444445,3212.222222222222,2935.2666666666664,1708.9888888888888,3207.4111111111106,2935.2666666666664,1708.9888888888888,190.2111111111111,288.0777777777778,159.88888888888889,177.04444444444445,201.95555555555555,70.14444444444445,68.0,77.41111111111111,60.1888888888889,30.055555555555557,90.28888888888888,83.75555555555556,619.3333333333334,328.31111111111113,427.81111111111113,10136.866666666667,8912.711111111112,5011.988888888889,10034.766666666666,8824.877777777778,4966.966666666666,418.2888888888889,581.0,323.9555555555555,2657.3444444444444,16860.955555555556,13639.033333333333,17673.466666666664,41096.34444444444,30735.68888888889,2656.5333333333333,7418.333333333333,6121.177777777777,1923.7444444444445,4915.722222222223,4884.488888888889,881.688888888889,1602.8666666666663,1304.4333333333334,1050.4666666666667,2086.788888888889,1547.5,3762.4222222222224,5902.644444444444,6051.644444444444,2623.088888888889,3042.2444444444445,2415.3,3240.3333333333335,5418.555555555555,4633.544444444445,3404.311111111111,6869.655555555556,5601.611111111111,3714.0555555555557,6869.655555555556,5601.611111111111,573.0,2823.722222222222,1370.8111111111111,997.7555555555555,1611.7333333333331,1548.9111111111113,2579.9333333333334,4436.166666666667,3937.9111111111115,2579.9333333333334,4436.166666666667,4333.466666666666,290.0,582.2111111111112,638.9444444444445,9898.977777777778,15124.422222222222,15543.077777777778,7236.466666666666,10736.533333333333,11356.933333333334,1242.7888888888888,1846.4555555555553,1946.488888888889,7192.2555555555555,10730.177777777779,11270.999999999998,4839.166666666667,6925.877777777777,7787.122222222223,4331.299999999999,5851.866666666667,6388.455555555555,4612.111111111111,7131.533333333334,7538.444444444444,4612.799999999999,6498.855555555555,7545.722222222223,3840.1888888888884,6124.8,5919.288888888888,6769.611111111112,10531.0,10494.277777777777,1.0137174657764887,0.3975417581432333,0.5834852828170479,0.39873014063752654,0.3195613338413599,0.43996184632710217,0.3378142970145672,12.0
2933,788.9888888888889,766.311111111111,401.70000000000005,16436.32222222222,15196.244444444446,10169.722222222224,1352.7444444444445,967.5555555555555,627.7888888888889,42325.07777777778,37798.42222222222,22932.933333333334,4463.022222222222,3971.766666666667,2391.744444444444,970.8555555555556,893.2222222222222,649.9111111111112,150.53333333333336,83.23333333333333,158.57777777777778,3195.2333333333336,2796.6666666666665,1688.6888888888889,3182.9,2796.6666666666665,1688.6888888888889,213.91111111111113,306.00000000000006,205.3777777777778,159.07777777777778,134.4,85.8888888888889,73.92222222222223,69.45555555555556,45.43333333333333,42.388888888888886,67.13333333333334,58.03333333333333,470.1666666666667,332.3666666666666,400.47777777777776,10009.322222222223,8999.322222222221,5031.955555555555,9942.244444444445,8888.666666666666,5005.533333333334,391.4777777777778,469.05555555555554,251.2111111111111,2486.288888888889,16782.83333333333,13460.833333333334,17552.899999999998,41088.31111111111,31150.722222222223,2837.5777777777776,7321.044444444444,5400.033333333333,1129.588888888889,4757.833333333333,4902.922222222222,686.0666666666667,1912.3000000000002,1328.2333333333333,1077.3111111111111,2055.9333333333334,1722.988888888889,4559.566666666667,6039.200000000001,5863.18888888889,1838.1555555555553,2553.4555555555553,2064.211111111111,2933.077777777778,5622.466666666667,4776.733333333334,3619.8,6682.277777777777,5929.988888888889,3619.8,6682.277777777777,5929.988888888889,481.37777777777785,2365.911111111111,1003.877777777778,1057.8555555555554,1593.7555555555557,1535.1666666666667,2876.5666666666666,4490.733333333334,4580.966666666666,2876.5666666666666,4490.733333333334,4580.966666666666,368.5555555555556,528.9444444444445,570.3,9840.299999999997,15079.222222222223,15609.28888888889,7161.144444444445,10755.5,11260.844444444445,1213.3666666666668,1837.388888888889,1900.7888888888888,7103.522222222222,10567.166666666666,11172.766666666666,4884.188888888889,6840.655555555555,7797.888888888889,4207.844444444444,6404.833333333333,6000.0777777777785,4531.88888888889,7184.355555555555,7463.811111111111,4533.233333333334,7187.877777777778,7463.811111111111,3781.3777777777777,6123.544444444445,5885.0666666666675,6712.088888888889,10563.333333333334,10403.8,1.0103598919183812,0.38833531053431153,0.5894645317692483,0.4020338297483317,0.32067657719477577,0.4434549246013982,0.3302638816620828,12.0
2934,777.2333333333333,829.588888888889,438.1000000000001,16195.799999999997,15250.266666666666,10043.611111111111,1384.6111111111109,838.8444444444444,694.8222222222223,42398.75555555555,37636.03333333333,22865.42222222222,4493.122222222223,3937.4333333333334,2357.844444444445,997.9000000000001,890.1111111111112,594.6666666666666,142.33333333333334,120.56666666666666,113.95555555555558,3202.7555555555555,2823.055555555556,1770.7666666666669,3202.7555555555555,2823.055555555556,1770.7666666666669,206.4111111111111,302.94444444444446,227.38888888888889,179.83333333333334,141.33333333333334,120.30000000000001,82.06666666666666,79.01111111111112,42.43333333333334,23.37777777777778,73.1888888888889,30.622222222222224,447.1333333333333,538.3777777777779,542.9888888888888,10115.28888888889,8876.833333333332,5028.099999999999,10034.1,8765.0,5002.733333333333,542.9444444444445,484.9555555555556,315.6888888888889,2364.2111111111108,16929.98888888889,13874.733333333334,17699.366666666665,41832.92222222223,30887.155555555557,2826.633333333333,7306.211111111112,4497.777777777777,1880.5222222222224,4999.166666666667,4848.488888888888,885.5222222222222,1620.211111111111,1141.1888888888889,1072.1333333333334,2261.855555555556,1551.611111111111,3937.5,6992.677777777778,6114.155555555556,2190.4444444444443,2921.3222222222225,2059.9555555555553,2716.2,5338.866666666666,4763.799999999999,2905.0666666666666,6678.877777777778,5899.233333333334,3630.0,6678.877777777778,5899.233333333334,412.84444444444443,3089.9444444444443,825.6222222222223,986.6222222222223,1583.1444444444444,1374.9222222222224,2762.4777777777776,4182.766666666666,4176.322222222222,2762.4777777777776,4182.766666666666,4593.966666666666,252.68888888888893,592.8444444444444,682.2555555555556,9760.644444444444,15145.344444444445,15411.322222222221,7029.433333333333,10766.955555555556,11236.466666666665,1182.1555555555553,1851.8222222222223,1885.9888888888886,7173.633333333334,10581.577777777777,11251.333333333332,4877.555555555556,6844.544444444445,7777.266666666666,4393.700000000001,5575.988888888889,6055.455555555555,4510.844444444445,6993.355555555556,7469.022222222222,4511.144444444445,6361.7555555555555,7469.022222222222,3770.9666666666662,6111.9111111111115,5825.666666666668,6689.455555555555,10549.722222222223,10446.911111111112,1.028016137367979,0.38198762647121715,0.578725695684996,0.4052038781982869,0.3246141545285248,0.43924888040554205,0.3346028086587381,12.0
2935,777.9,749.3333333333334,438.1555555555555,16703.45555555556,15133.800000000001,9866.08888888889,1341.4111111111113,908.4222222222222,650.4111111111112,42206.566666666666,37582.61111111111,22795.177777777775,4490.811111111111,3900.1555555555556,2380.722222222222,912.5,899.4,645.6,118.66666666666667,115.73333333333332,151.76666666666665,3284.788888888889,2842.5222222222224,1719.5333333333333,3280.866666666667,2842.5222222222224,1715.6555555555556,233.89999999999998,275.4222222222222,146.26666666666665,180.76666666666668,115.42222222222222,110.36666666666666,76.07777777777777,67.26666666666667,60.544444444444444,45.8,42.36666666666666,38.3,224.54444444444442,278.76666666666665,436.74444444444447,10053.699999999999,8862.71111111111,4968.677777777779,10002.833333333334,8777.733333333334,4948.988888888888,510.2444444444445,579.2666666666667,258.0888888888889,2579.1666666666665,17063.38888888889,13397.688888888888,17685.23333333333,40591.61111111111,31189.81111111111,2724.522222222222,6972.388888888889,5749.533333333334,1646.4555555555555,5334.0888888888885,4703.177777777778,1151.8555555555556,1687.811111111111,1129.9444444444443,1151.8555555555556,2000.3666666666666,1807.8111111111111,4034.233333333333,5292.122222222222,6093.511111111111,2061.8444444444444,2436.6777777777775,2509.9444444444443,3015.9111111111106,5529.677777777778,4569.611111111111,3822.1666666666665,6767.722222222223,5818.666666666667,3822.1666666666665,6767.722222222223,5818.666666666667,701.1777777777778,1920.8222222222223,529.1999999999999,1054.1444444444446,1218.7444444444445,1411.5111111111112,2902.9666666666667,4161.700000000001,4713.266666666667,2902.9666666666667,4161.700000000001,4713.266666666667,333.75555555555553,629.5777777777778,541.8777777777777,9796.977777777778,15092.81111111111,15422.666666666666,7205.0,10801.022222222222,11395.922222222223,1242.0333333333335,1810.2222222222222,1949.2222222222222,7107.333333333334,10664.488888888889,11281.0,4866.344444444445,6896.566666666667,7789.577777777778,4385.266666666666,5903.055555555556,6283.522222222222,4510.644444444445,7016.844444444443,7533.111111111111,4510.644444444445,7031.81111111111,7533.111111111111,3812.366666666667,6091.177777777779,5910.844444444444,6794.977777777777,10433.5,10475.433333333332,1.0210121488713073,0.3957548996456845,0.5815837267632199,0.4026809088718631,0.32089060833981725,0.43281473761994504,0.3380085964995721,12.0
2936,833.3,767.9444444444445,490.6000000000001,18283.5,15978.777777777777,10605.866666666667,1469.9666666666665,998.2777777777778,711.1777777777777,45146.25555555556,39950.42222222222,24264.588888888888,4763.533333333334,4171.2444444444445,2554.6777777777775,1031.0333333333333,911.4222222222221,595.7333333333332,111.26666666666668,88.26666666666668,94.55555555555556,3527.0111111111114,3068.511111111111,1845.8888888888894,3525.9333333333334,3068.511111111111,1845.8888888888894,179.35555555555555,264.1,239.35555555555558,194.16666666666666,149.22222222222223,78.14444444444445,116.44444444444444,83.84444444444443,81.4111111111111,37.800000000000004,90.7,49.63333333333334,255.0222222222222,442.1222222222222,953.6444444444444,10905.811111111114,9422.62222222222,5771.7444444444445,10802.022222222224,9369.522222222222,5761.088888888889,530.2666666666667,718.8333333333334,269.75555555555553,2837.188888888889,17004.38888888889,14048.322222222221,18673.033333333333,43198.12222222222,31770.07777777778,3372.7111111111108,8593.644444444442,5412.9222222222215,1694.9222222222222,4942.233333333334,5306.133333333334,1156.7222222222224,1365.3,1413.011111111111,1269.1,2029.1777777777777,1706.5444444444445,4581.200000000001,6396.122222222222,5893.933333333333,2309.3222222222225,3855.8333333333335,2531.611111111111,3381.922222222222,5610.711111111112,4904.677777777779,4075.022222222222,6398.0888888888885,5864.655555555555,4075.022222222222,7057.388888888888,5864.655555555555,602.3222222222223,3139.1777777777775,886.7888888888889,1162.3333333333333,1637.7888888888888,1424.3111111111111,2810.933333333333,4905.644444444445,4361.666666666667,2810.933333333333,4905.644444444445,4785.722222222223,344.0222222222222,621.1222222222221,638.411111111111,10259.577777777777,16062.277777777777,16114.933333333332,7537.911111111111,11586.177777777779,11747.244444444445,1233.0555555555557,1964.4111111111113,1978.2111111111108,7415.922222222222,11212.888888888889,11808.21111111111,5095.7444444444445,7293.655555555555,8155.4333333333325,4235.988888888888,6492.0,6373.911111111111,4729.9111111111115,7471.911111111111,7793.833333333333,4370.988888888889,7471.911111111111,7793.833333333333,4059.266666666666,6464.677777777779,6126.944444444445,7140.888888888889,11067.4,11123.68888888889,1.0528720046958833,0.4049837528053883,0.5833246287886387,0.399965179063606,0.357500013789832,0.4370923700884646,0.30434700941852044,12.0
2937,803.7555555555555,710.7000000000002,504.20000000000005,15310.522222222224,14043.311111111112,9223.088888888888,1437.5888888888887,860.5444444444444,707.9333333333333,43316.955555555556,38297.177777777775,23597.722222222226,4513.655555555556,4009.8666666666663,2463.577777777778,987.8222222222222,923.3444444444444,611.7888888888888,110.26666666666668,116.15555555555554,92.03333333333335,3028.7999999999997,2760.9444444444443,1679.488888888889,3020.2555555555555,2760.9444444444443,1679.488888888889,170.57777777777778,248.7888888888889,202.5222222222222,140.4333333333333,123.36666666666666,102.85555555555555,67.48888888888888,58.94444444444444,68.6888888888889,28.422222222222224,98.6888888888889,56.022222222222226,546.2,339.5111111111112,268.6666666666667,9435.022222222222,8283.08888888889,4825.877777777778,9359.466666666667,8220.044444444446,4788.444444444444,537.0777777777778,489.44444444444446,184.57777777777778,3090.3333333333335,16816.533333333336,13514.011111111111,16423.066666666666,41316.06666666667,31860.57777777778,3002.855555555556,7293.522222222222,5901.444444444444,1159.0222222222224,4590.422222222222,4905.111111111111,975.5666666666667,1059.5333333333333,1450.1333333333332,1023.2555555555557,1854.4777777777776,1740.9888888888888,4362.722222222223,5893.7444444444445,6275.088888888889,2529.211111111111,2408.8999999999996,3154.088888888889,3040.188888888889,5203.9111111111115,4545.822222222222,3528.5111111111114,6285.466666666666,5478.044444444444,3916.2000000000003,6285.466666666666,5478.044444444444,459.05555555555554,3507.3777777777777,782.9222222222222,1111.1,1524.5777777777776,1288.0,2459.1555555555556,3865.7000000000003,4124.322222222222,2459.1555555555556,3865.7000000000003,4124.322222222222,241.29999999999998,519.4555555555556,570.811111111111,9487.633333333333,14580.411111111109,15005.966666666665,6698.7,10546.922222222223,10802.4,1144.2666666666667,1876.6000000000001,1859.6999999999998,6856.055555555556,10290.12222222222,10865.466666666667,4624.177777777778,6605.700000000001,7500.088888888889,4010.1777777777775,6096.444444444444,5899.488888888889,4365.000000000001,6679.055555555556,7155.833333333333,4365.000000000001,6706.422222222222,7166.455555555555,3597.9,5742.611111111111,5643.788888888889,6454.355555555555,9888.888888888889,10061.2,0.9864911867729571,0.35345333082298286,0.563773159878894,0.36669310706388003,0.3191026976676685,0.3908465741750026,0.32308813550802945,12.0
2938,979.2800000000001,898.89,544.18,17305.41,15218.789999999999,10076.869999999999,1579.8899999999999,1103.65,828.15,50386.479999999996,42664.659999999996,27031.090000000004,5332.710000000001,4477.21,2806.1899999999996,1215.1399999999999,1048.46,694.7,189.56,126.75999999999999,116.59,3893.9800000000005,3192.56,2061.85,3889.6400000000003,3192.56,2061.85,196.24,211.6,214.15,140.65,164.22,111.78,96.78,80.35999999999999,91.57,31.230000000000008,58.46999999999999,34.14,666.82,421.08000000000004,497.50999999999993,11801.350000000002,9829.8,5799.78,11716.87,9765.92,5755.99,617.28,489.44000000000005,299.87,2496.5800000000004,18128.93,15493.26,19061.5,45974.06999999999,36453.92,3218.78,8238.390000000001,6589.17,2315.13,6311.48,5825.68,1029.1,1855.2400000000002,1468.16,1256.55,2360.5000000000005,1910.8800000000003,5322.65,7394.590000000001,7609.9800000000005,2710.76,2858.37,3036.72,3724.8700000000003,6083.070000000001,5728.509999999999,4322.35,7716.7,7046.969999999999,4663.95,7716.7,7046.969999999999,513.8100000000001,2450.5299999999997,920.3299999999999,1200.02,1654.55,1750.02,3465.15,4744.78,4992.5,3465.15,4744.78,5396.83,447.9,727.78,705.01,11581.859999999999,17064.769999999997,18133.510000000002,8492.86,12053.100000000002,13393.84,1410.77,2002.2299999999996,2205.63,8293.36,11988.26,13221.76,5849.51,7983.159999999999,9239.97,5071.679999999999,6544.74,7184.87,5441.24,7938.170000000001,8661.66,5449.25,7975.68,8661.66,4553.74,6971.13,6973.910000000001,8120.279999999999,12016.52,12732.119999999999,1.011657022274488,0.34345344227260965,0.5722854746943558,0.3567071670089484,0.3174228265790792,0.3727881487575972,0.3411507904258376,13.0
2939,771.8700000000001,766.8599999999999,419.07,16084.189999999999,14450.8,9538.779999999999,1336.3200000000002,952.18,694.2299999999999,42194.5,37789.469999999994,23132.09,4447.36,3950.97,2369.23,885.51,902.97,533.38,112.96,116.45,106.1,3099.33,2690.4100000000003,1724.9099999999999,3094.24,2690.4100000000003,1723.2199999999998,196.07999999999998,293.13,241.45,195.81,154.8,101.69999999999999,65.17,116.3,84.7,68.72,83.86,44.05,753.3,435.9,320.40999999999997,9736.68,8580.22,4804.569999999999,9663.39,8485.4,4795.42,468.41,403.50000000000006,203.68,2651.98,16800.81,13694.990000000002,15007.01,40532.469999999994,30752.329999999998,2909.1000000000004,7171.889999999999,5366.9,709.5699999999999,3989.22,4362.120000000001,1033.08,989.1899999999999,1613.92,1091.2199999999998,1975.31,1613.92,3819.6500000000005,7246.75,5601.99,2997.7599999999993,3030.88,1943.8400000000001,2995.3599999999997,5232.920000000001,4598.9400000000005,3823.8299999999995,6169.64,5933.4,3823.8299999999995,6169.64,5933.4,653.9300000000001,2984.2799999999997,1807.7899999999997,942.65,1696.1799999999998,1346.0700000000002,2624.42,4294.65,4442.85,2624.42,4294.65,4442.85,304.67999999999995,659.3800000000001,629.18,8977.070000000002,14046.329999999998,14500.89,6489.9,10194.970000000001,10794.880000000001,1094.29,1668.5,1822.48,6536.030000000001,9940.31,10570.5,4483.55,6469.92,7329.15,4202.349999999999,5340.08,6188.139999999999,4222.410000000001,6603.68,6896.95,4226.88,6636.390000000001,6913.9400000000005,3460.79,5755.57,5487.21,6218.67,9793.86,9919.5,1.0764525619160814,0.38119162450082356,0.6041008576617523,0.3824028227969326,0.33069832265467847,0.412361356021008,0.33667846800670315,13.0
2940,744.8222222222223,853.8333333333334,512.3444444444444,16502.355555555558,14891.488888888889,9765.744444444445,1320.3333333333333,897.9222222222223,660.6444444444445,42231.18888888889,37280.18888888889,22763.266666666663,4483.2555555555555,3934.5333333333338,2374.7444444444445,1018.1555555555557,848.8444444444444,611.0555555555555,151.06666666666666,72.98888888888888,102.83333333333331,3251.177777777778,2814.088888888889,1799.6333333333334,3241.5888888888894,2814.088888888889,1799.6333333333334,244.39999999999998,219.82222222222222,169.73333333333332,160.25555555555556,207.17777777777778,90.14444444444445,91.17777777777776,121.56666666666666,85.13333333333334,54.01111111111111,80.57777777777778,51.400000000000006,567.8333333333334,248.68888888888893,396.0666666666667,10102.788888888888,8894.355555555556,4975.977777777778,10036.91111111111,8828.3,4953.855555555556,570.7111111111111,365.4555555555555,255.64444444444447,2632.5222222222224,16566.644444444442,13457.266666666668,16237.611111111111,41453.57777777778,30759.87777777778,3084.2,7843.544444444446,5810.666666666667,1598.7222222222222,5766.833333333334,4855.711111111111,773.1555555555556,892.8444444444444,655.9333333333333,1083.3444444444444,1897.1999999999998,1694.7555555555557,3615.788888888889,5184.299999999999,5330.011111111112,1999.4222222222224,2469.5555555555557,2438.9666666666667,3131.022222222222,5336.888888888889,4627.266666666666,3521.4444444444443,6633.733333333333,6128.044444444445,3889.3888888888887,6633.733333333333,6128.044444444445,548.1777777777777,2480.266666666667,1228.5666666666666,950.8888888888889,1370.2444444444443,1279.3333333333333,2623.422222222222,4601.2555555555555,4251.511111111112,2623.422222222222,4601.2555555555555,4251.511111111112,318.79999999999995,685.5444444444445,601.6444444444445,10031.233333333332,15135.122222222222,15545.566666666668,7059.555555555556,10947.855555555556,11235.611111111111,1150.8777777777777,1837.877777777778,1945.4111111111113,7115.177777777778,10684.044444444446,11321.466666666667,4883.333333333334,6933.966666666666,7867.988888888888,4667.966666666667,5774.799999999999,6073.166666666667,4496.022222222222,7029.633333333333,7393.188888888889,4501.966666666666,7029.633333333333,7413.222222222223,3796.022222222222,6051.188888888889,5909.855555555556,6771.677777777778,10448.744444444445,10527.155555555557,1.000566009940065,0.39076227758999604,0.5832988905129423,0.3994477853444352,0.3186667724488797,0.4290133128715172,0.3390790923894634,12.0
2941,777.3333333333333,731.1111111111111,453.1666666666667,16721.966666666667,15026.222222222223,10046.355555555558,1375.411111111111,943.4555555555556,594.4333333333333,42029.600000000006,37099.36666666666,22541.066666666666,4463.799999999999,3891.7999999999997,2325.4,1005.8444444444444,836.9777777777778,577.9333333333334,165.07777777777778,83.33333333333331,104.8111111111111,3190.4444444444443,2923.766666666667,1684.7333333333333,3185.0888888888894,2919.6111111111113,1684.2333333333333,239.4555555555556,349.14444444444445,234.5444444444444,168.56666666666666,181.36666666666667,153.13333333333333,55.05555555555555,118.90000000000002,85.82222222222222,68.64444444444445,57.36666666666666,54.92222222222222,471.0222222222222,623.6333333333333,460.5,10041.5,8736.933333333332,4975.277777777777,9960.77777777778,8682.377777777778,4952.155555555556,450.7666666666667,499.688888888889,301.4555555555556,2399.633333333333,16583.444444444445,13325.8,17231.600000000002,41114.55555555556,30719.833333333332,2942.033333333333,7108.7444444444445,5709.7555555555555,1654.1444444444444,4915.366666666667,4171.977777777778,997.7777777777778,899.8000000000001,1252.1111111111113,1121.5222222222224,2016.488888888889,1676.0111111111112,3697.711111111111,5916.566666666666,6458.377777777778,2312.3111111111116,2496.0444444444443,1980.511111111111,2490.711111111111,5561.68888888889,4952.988888888888,3772.477777777778,6826.655555555556,5975.233333333334,3772.477777777778,6826.655555555556,5975.233333333334,695.1222222222223,3065.4333333333334,1160.788888888889,1163.3333333333335,1688.611111111111,1286.0111111111112,2676.4111111111106,4491.844444444444,4366.7444444444445,2676.4111111111106,4491.844444444444,4366.7444444444445,264.68888888888887,575.0333333333333,627.1888888888888,9725.611111111111,15161.977777777776,24234.38888888889,7014.200000000001,10963.544444444446,11586.444444444445,1200.2777777777778,1873.7444444444445,2025.377777777778,7047.355555555556,10780.477777777776,11314.188888888888,4978.866666666666,7009.611111111111,7773.733333333333,4338.9,6182.977777777778,6413.600000000001,4517.411111111111,7089.9222222222215,7332.477777777778,4533.444444444444,7108.188888888889,7348.655555555555,3777.0666666666666,6080.5777777777785,5945.055555555556,6689.855555555555,10491.733333333332,10581.533333333333,1.0241801429216104,0.3978616657466801,0.5726415052858833,0.4050263811032414,0.20434414823746788,0.4456912223418394,0.33585761501575073,12.0
2942,719.2444444444445,751.1444444444445,479.77777777777777,16867.977777777778,15015.833333333334,10066.944444444445,1338.8333333333333,940.1777777777778,633.4555555555555,42028.14444444445,37252.044444444444,22628.0,4490.877777777778,3908.4333333333334,2362.766666666667,1041.6333333333332,855.4666666666667,602.9222222222222,149.74444444444444,93.38888888888889,114.85555555555555,3320.5222222222224,2881.4333333333334,1632.6222222222223,3290.8888888888887,2881.4333333333334,1632.6222222222223,273.0111111111112,266.26666666666665,172.63333333333333,161.87777777777777,194.94444444444446,111.96666666666668,89.62222222222222,67.64444444444445,91.3,35.78888888888889,84.37777777777778,55.22222222222222,460.0444444444444,337.24444444444447,385.94444444444446,10029.933333333332,8750.144444444442,4981.655555555555,9977.08888888889,8711.544444444444,4974.377777777778,526.7555555555556,549.7,282.24444444444447,2233.511111111111,16958.955555555556,13434.62222222222,17740.266666666666,40732.17777777778,30704.055555555555,2437.711111111111,7049.400000000001,5534.533333333334,1801.5888888888887,4238.988888888889,4814.855555555556,913.311111111111,1244.5777777777776,1073.9777777777776,1114.322222222222,1879.1555555555553,1789.6444444444446,3653.5777777777785,5716.799999999999,6126.933333333333,2324.3444444444444,2480.288888888889,2073.5666666666666,3268.6111111111113,5341.111111111112,4823.055555555556,2973.5444444444447,6825.422222222222,6082.177777777778,3843.4555555555553,6825.422222222222,6082.177777777778,865.6555555555556,1744.1777777777777,1436.6222222222223,1043.588888888889,1571.9777777777776,1415.0222222222221,2818.722222222222,4220.144444444444,4504.377777777778,2818.722222222222,4220.144444444444,4504.377777777778,263.5111111111111,552.9444444444445,665.1111111111111,9885.666666666666,15163.955555555556,15417.655555555555,7214.2555555555555,10946.177777777779,11381.544444444446,1166.2555555555555,1834.5444444444443,1957.7888888888888,7130.711111111111,10763.533333333333,11275.888888888889,4865.555555555556,7046.711111111112,7801.955555555556,4519.622222222222,5848.888888888888,6076.844444444444,4482.455555555556,7115.588888888889,7462.011111111112,4495.922222222222,7130.788888888888,7462.011111111112,3806.0666666666675,6130.977777777778,5893.6,6772.266666666666,10547.633333333333,10679.433333333334,1.009247957199537,0.4013495718345352,0.574490238548136,0.4030874964655184,0.32264164677004503,0.444888829964842,0.33459668022163563,12.0
2943,797.9555555555556,709.088888888889,416.1666666666667,16535.75555555556,14965.044444444444,9934.5,1341.6222222222223,883.5777777777779,651.311111111111,41787.188888888886,37140.044444444444,22559.98888888889,4404.344444444445,3916.1111111111113,2322.9888888888886,915.1555555555556,857.1777777777778,604.3111111111111,112.25555555555555,85.38888888888889,117.94444444444444,3245.6111111111113,2785.6444444444446,1736.4666666666667,3232.3,2785.6444444444446,1736.4666666666667,205.04444444444445,266.25555555555553,137.85555555555553,145.37777777777777,134.47777777777776,110.59999999999998,84.4111111111111,108.93333333333334,51.01111111111111,49.86666666666666,66.26666666666667,95.23333333333332,613.8777777777777,406.9111111111111,486.0,10007.966666666667,8871.366666666665,5016.388888888888,9951.033333333333,8790.744444444445,4994.2,501.2444444444444,812.5666666666666,401.01111111111106,2639.4666666666667,16904.477777777778,13524.988888888889,17466.333333333332,40322.36666666667,30510.599999999995,3018.8,7233.9,5445.188888888889,1718.9666666666667,5238.955555555555,4603.455555555555,1191.3777777777777,1502.7111111111112,1611.111111111111,1191.3777777777777,1814.8444444444444,1755.4777777777776,4847.333333333332,5725.211111111111,5708.0888888888885,3005.7888888888892,2608.011111111111,1988.622222222222,5573.2555555555555,5583.777777777777,4704.522222222223,8265.422222222222,6903.288888888888,5799.4222222222215,8335.355555555556,6903.288888888888,5799.4222222222215,1416.8333333333333,1450.1333333333334,867.0111111111112,1309.4111111111108,1411.5,1448.3000000000002,2814.4666666666667,4373.211111111112,4456.888888888889,2814.4666666666667,4373.211111111112,4456.888888888889,329.7888888888889,551.9444444444445,528.7777777777778,9986.077777777778,15116.166666666666,15465.900000000001,7206.4111111111115,11055.688888888886,11413.033333333333,1215.3,1805.0666666666666,1932.4444444444443,7126.444444444444,10806.400000000001,11287.066666666668,4907.555555555556,7040.777777777777,7892.100000000001,4290.588888888889,6083.322222222222,6105.7444444444445,4540.000000000001,7173.111111111111,7525.388888888889,4549.466666666667,7194.533333333333,7525.955555555556,3824.8888888888887,6168.211111111112,5952.233333333333,6754.522222222222,10543.199999999999,10576.666666666666,0.9964906697880492,0.3957135187897834,0.5815458798710725,0.4029355556326744,0.3229168687240962,0.44035925943619947,0.33166650682380333,12.0
3101,1559.5100000000002,1394.93,773.79,25136.47,20309.390000000003,12917.439999999999,2213.21,1462.78,982.9199999999998,67748.64,54556.990000000005,32963.3,6972.469999999999,5591.03,3372.05,1508.0700000000002,1248.2700000000002,779.35,198.05,142.54000000000002,156.01999999999998,4958.15,3916.3199999999997,2357.83,4935.959999999999,3913.5099999999998,2357.83,409.52,419.78000000000003,356.69000000000005,285.37,273.37,154.16000000000003,85.94,90.46,77.78999999999999,33.27,55.94000000000001,49.190000000000005,451.10999999999996,288.02,541.0699999999999,11003.12,9240.240000000002,5333.42,10919.429999999998,9155.619999999999,5300.39,538.02,438.0699999999999,396.89,3709.15,16948.19,13629.75,28749.0,59533.030000000006,43981.549999999996,4066.3700000000003,8352.89,5973.2699999999995,1452.01,4922.67,3932.9700000000003,496.64,709.4400000000002,1498.7,1032.54,1773.02,1615.85,4051.7000000000007,5714.070000000001,4746.76,3086.8200000000006,3826.5,2255.46,3171.4700000000003,4736.74,3660.2400000000002,3488.1399999999994,5484.3,5184.2,3836.66,5484.3,5184.2,803.2,1587.74,764.16,733.2800000000001,1412.2500000000002,1219.52,2483.3599999999997,3718.05,3171.4199999999996,2483.3599999999997,3718.05,3814.29,261.90999999999997,460.48,573.37,8112.67,12464.679999999998,13218.999999999996,5994.550000000001,8540.93,9659.59,1180.6299999999999,1788.77,1904.2800000000002,5967.4800000000005,8617.259999999998,10008.22,4028.8100000000004,5551.67,6760.539999999999,3569.6,4460.45,5417.1,4694.280000000001,6360.25,7498.45,4697.0,6953.68,7505.24,3711.16,5698.860000000001,5719.22,6110.45,9248.26,10037.7,1.3459724110557927,0.3710254552711317,0.7345250740492335,0.3722600898619957,0.40096754671306467,0.3918733864631271,0.3464304782667131,13.0
3102,1448.7700000000002,1389.1699999999998,812.1999999999999,25092.129999999997,20839.32,13335.51,2133.3,1471.3899999999999,1047.01,67235.31999999999,55947.55,34092.66,6946.629999999999,5819.99,3437.7799999999997,1523.54,1289.8700000000001,765.9399999999999,219.59,169.94,96.47999999999999,4672.12,3810.2200000000003,2316.3399999999997,4670.219999999999,3808.79,2312.59,335.31,326.6700000000001,185.73999999999998,203.28,214.96999999999997,132.73,108.03999999999999,92.48,85.58000000000001,27.53,39.489999999999995,56.629999999999995,629.6600000000001,348.79,529.28,10934.41,9598.649999999998,5549.950000000001,10848.14,9526.039999999997,5521.65,460.14,480.07000000000005,311.82,3957.6899999999996,16923.18,13754.61,29490.039999999997,60217.009999999995,45096.06999999999,4188.48,8594.7,6470.570000000001,1753.7,5088.73,3804.2400000000002,643.4100000000001,1016.5899999999999,1346.56,1034.47,1642.25,1756.72,3449.0199999999995,5549.5,5140.160000000001,1898.94,5418.54,2672.2200000000003,2742.0199999999995,5056.7,3982.4199999999996,3335.72,5438.6,5532.35,3612.8300000000004,5438.6,5532.35,841.86,2837.23,1305.8799999999999,886.2000000000002,1577.49,1336.31,2442.1099999999997,4341.42,3924.3,2442.1099999999997,4341.42,4208.33,241.70999999999998,454.1,659.3799999999999,8391.789999999999,13079.630000000001,14148.6,5944.97,9030.869999999999,10022.35,1149.01,1871.36,1999.86,6049.27,8981.820000000002,10513.02,4083.4500000000007,5857.0199999999995,7168.63,3608.2899999999995,5321.35,5741.699999999999,4645.41,7211.1900000000005,7900.029999999999,4651.21,7211.1900000000005,7900.029999999999,3679.249999999999,5960.26,6026.66,6244.24,9691.189999999999,10404.04,1.2927087069624001,0.3731986402384937,0.7283111219506971,0.37247958132214903,0.39026122725923407,0.3911548702858621,0.32538535925017975,13.0
3103,1527.4900000000002,1349.72,768.1700000000001,24810.66,21491.799999999996,13936.38,2245.7000000000003,1450.2199999999998,962.1200000000001,68603.24,56795.15,34242.13,7082.259999999999,5862.31,3525.3399999999992,1528.26,1237.6599999999999,759.8199999999999,219.33,139.6,118.55,4851.61,4164.91,2426.5699999999997,4841.870000000001,4159.72,2426.5699999999997,318.68,326.26,329.93,191.77,169.57,121.97,59.73,139.23,64.2,21.94,63.519999999999996,36.56,584.7,416.15999999999997,406.03000000000003,11242.55,9809.72,5598.8,11131.23,9737.05,5568.139999999999,469.63,355.23,373.01000000000005,3589.05,17253.44,13699.15,29994.899999999994,60468.71,45065.94,4155.69,9561.92,6705.1,1406.31,5524.7,4141.82,758.16,1059.52,1429.3700000000001,1133.1299999999999,1744.9099999999999,1705.85,4265.39,5559.82,4298.99,3347.0099999999998,5040.42,3439.0799999999995,2824.45,5356.87,4600.34,3668.05,5908.200000000001,5564.48,3682.3,5908.200000000001,5564.48,969.3399999999998,2764.87,809.0699999999999,1163.69,1095.3000000000002,1531.17,2804.63,4397.86,3502.1099999999997,2804.63,4397.86,4484.18,313.35,446.65,716.6400000000001,8701.92,13491.9,14382.34,6306.660000000001,9341.0,10478.8,1206.8799999999999,2023.2999999999997,1948.0199999999998,6246.65,9483.59,10449.869999999999,4171.64,6164.860000000001,7147.44,3690.0199999999995,5169.999999999999,5916.27,4854.51,7559.979999999999,7923.58,4857.58,7565.12,7944.33,3804.96,6111.39,6178.4800000000005,6429.120000000001,10032.3,10636.53,1.2791694246786915,0.3616543475206127,0.7216959805512937,0.37840907190138584,0.38715118680270383,0.4069951255952828,0.3331317289215102,13.0
3104,1522.32,1354.0200000000002,824.29,26422.05,21704.82,14104.26,2214.5099999999998,1462.68,1084.76,69518.23,56631.909999999996,34619.18,7133.32,5872.46,3524.4399999999996,1515.08,1273.55,862.2500000000002,200.82,144.51,156.44,4865.280000000001,4064.850000000001,2456.8,4849.1,4064.850000000001,2456.6699999999996,312.88,342.32,244.57000000000002,178.45999999999998,199.88000000000002,124.92000000000003,81.45000000000002,75.92,108.24000000000001,32.81999999999999,68.82000000000002,37.519999999999996,420.44000000000005,416.1,454.86,11458.130000000001,9762.680000000002,5736.2,11373.32,9718.05,5671.36,458.18,559.5999999999999,329.3,3703.3599999999997,16472.5,13778.84,27360.180000000004,60369.39999999999,45527.42,4214.72,9463.44,6864.969999999999,1805.8399999999997,5485.820000000001,4449.07,830.57,1026.91,1499.55,1220.72,1874.9099999999999,1617.81,4208.34,5940.410000000001,4257.5599999999995,3190.4900000000002,5178.219999999999,3224.1,3406.2100000000005,5143.7300000000005,4393.07,3093.05,5830.16,5860.6,3651.7899999999995,6360.08,5860.6,982.1299999999999,2448.1800000000003,1049.2600000000002,886.0600000000001,1238.98,1510.7200000000003,2653.71,3995.0299999999997,3781.1399999999994,2653.71,3995.0299999999997,4403.789999999999,288.2,464.60999999999996,720.01,8777.710000000001,13508.320000000002,14682.179999999998,6309.55,9857.349999999999,10360.630000000001,1204.6599999999999,1933.5,2118.0099999999998,6379.15,9427.0,10857.06,4276.61,6115.57,7525.1900000000005,4000.3300000000004,5489.34,6208.78,4977.56,6788.6,8370.619999999999,4977.780000000001,7509.19,8374.4,3870.2799999999997,6221.5700000000015,6339.989999999999,6572.639999999999,10108.130000000001,11049.959999999997,1.2957046883526566,0.38007368714652257,0.7194121844907434,0.38326130974568934,0.3862750626950494,0.40741172956725147,0.3345301877183966,13.0
3105,1560.49,1330.1299999999999,846.8399999999999,26778.639999999996,21872.590000000004,14399.86,2183.5299999999997,1279.1100000000001,1021.2300000000001,69517.43000000001,56783.719999999994,34643.78999999999,7134.93,5852.02,3487.6800000000003,1506.94,1322.58,757.26,172.45999999999998,175.05,124.60999999999999,5070.4400000000005,4235.710000000001,2404.94,5036.110000000001,4234.500000000001,2404.94,305.86,312.18,254.4,208.83,203.63,127.33,65.5,61.15999999999999,100.24000000000001,29.589999999999996,55.510000000000005,42.16,485.25999999999993,434.91999999999996,405.46999999999997,11513.75,9889.22,5756.61,11395.91,9816.460000000001,5719.449999999999,375.27,624.65,227.43,3659.71,16988.47,13709.64,29703.719999999994,60523.95,45638.89,4296.68,9174.45,6499.46,1693.8400000000001,5651.5,4379.0599999999995,828.05,1378.4900000000002,1749.0700000000002,1143.34,1823.45,1865.94,3694.1099999999997,5855.24,4930.53,2854.0,5765.460000000001,2853.21,3436.72,5165.02,4660.08,3423.85,6281.329999999999,5934.129999999999,3753.8700000000003,6281.329999999999,5934.129999999999,546.7,2983.35,832.65,984.15,1230.86,1726.94,2648.5299999999997,4154.09,3920.59,2648.5299999999997,4154.09,4250.6,325.36,495.78000000000003,857.6200000000001,9041.640000000001,13655.929999999998,14800.960000000001,6432.879999999999,9666.369999999999,10955.259999999998,1236.3999999999999,1967.73,2157.3,6499.4,9577.880000000001,10937.84,4450.530000000001,6154.249999999999,7574.740000000001,3923.9700000000003,5385.42,6170.29,5001.640000000001,7600.290000000001,8613.310000000001,5001.640000000001,7606.280000000001,8613.310000000001,3958.7,6205.49,6476.14,6633.45,10073.630000000001,11074.48,1.260380860109449,0.38520756592986816,0.718842290492116,0.385191213256194,0.38642425896698585,0.41565486916991484,0.3316588140711034,13.0
3106,1571.54,1358.5,824.3700000000001,26725.829999999998,21908.77,14218.62,2238.23,1524.35,1063.5800000000002,69926.88000000002,56808.259999999995,34714.14,7176.37,5811.62,3581.05,1538.5800000000002,1241.4,792.95,199.20999999999998,123.14000000000001,128.28,5048.139999999999,4132.789999999999,2493.74,5030.64,4131.089999999999,2487.9599999999996,286.15,338.76000000000005,209.9,191.20999999999998,155.10999999999999,119.78,51.44,56.95,78.17999999999999,23.970000000000002,73.47,38.54,443.8299999999999,417.66,566.73,11625.22,9917.579999999998,5797.129999999999,11512.990000000002,9851.39,5768.3099999999995,445.2700000000001,693.3799999999999,282.19,3858.04,17029.28,13653.26,27607.769999999997,60481.630000000005,45404.08,4954.18,8983.05,6726.9800000000005,1907.4100000000003,5352.9400000000005,4249.26,904.2700000000001,988.8799999999999,1176.0899999999997,1077.2000000000003,1896.2599999999998,1666.4099999999999,4166.7699999999995,6317.610000000001,5254.219999999999,2693.43,4726.469999999999,2469.0199999999995,3182.2799999999997,5081.37,4631.7699999999995,3870.13,5954.1,5757.35,3898.6800000000003,5954.1,5757.35,428.78999999999996,2622.04,977.7699999999999,956.5200000000001,1162.99,1639.28,2903.2799999999997,4166.62,3459.4,2903.2799999999997,4166.62,4480.3,330.74,505.3,648.97,9127.93,13727.920000000002,15024.02,6327.240000000001,9745.56,10928.310000000001,1264.2199999999998,1907.4699999999998,2196.43,6517.969999999999,9541.48,11054.74,4472.61,6179.58,7707.55,3936.1,4989.87,6238.87,5080.750000000001,7647.110000000001,8362.38,5090.090000000001,7647.110000000001,8369.81,3976.0200000000004,6289.57,6441.18,6701.74,10199.609999999999,11042.810000000001,1.2612925383958906,0.3821968032893787,0.7176170898431807,0.3856616977883146,0.38393918538447097,0.40959159581657506,0.3324217506784791,13.0
3107,1539.9777777777779,1342.3666666666666,795.8222222222222,26232.58888888889,22253.322222222225,14535.099999999999,2314.788888888889,1551.3666666666666,1061.5777777777776,69768.86666666665,56850.322222222225,34781.23333333333,7160.488888888889,5876.988888888888,3587.977777777778,1474.8333333333333,1284.511111111111,853.1666666666667,202.45555555555555,153.16666666666669,136.88888888888889,5082.488888888889,4168.833333333333,2529.6666666666665,5068.911111111111,4168.833333333333,2529.6666666666665,320.1666666666667,346.3222222222222,154.64444444444445,181.2,191.2888888888889,148.25555555555553,76.5,79.66666666666666,59.5,51.24444444444444,47.22222222222222,39.43333333333334,637.1111111111111,275.0111111111111,607.5444444444444,11709.033333333333,9994.333333333334,5764.033333333333,11577.433333333334,9926.944444444445,5734.988888888889,494.0777777777778,449.5222222222222,354.3666666666666,3696.1444444444446,17346.277777777777,13843.488888888889,29787.488888888893,60948.455555555556,45324.444444444445,4383.711111111112,9249.766666666666,6427.088888888889,1915.0,5563.722222222223,4649.533333333334,521.8555555555555,943.4111111111112,1439.8777777777777,1171.1333333333334,1955.5666666666666,1710.4777777777779,4264.555555555556,5267.977777777778,5547.422222222222,2724.3333333333335,5394.2,2403.866666666667,3220.7222222222226,5980.777777777777,4236.077777777778,4070.6666666666665,6064.322222222222,5814.688888888889,4070.6666666666665,6064.322222222222,5814.688888888889,418.52222222222224,1341.8333333333333,1419.7111111111112,892.411111111111,1297.0444444444445,1119.0444444444445,2725.777777777778,4071.466666666667,3906.0555555555557,2725.777777777778,4071.466666666667,4664.2444444444445,316.6555555555555,450.5777777777778,649.1777777777778,9152.822222222221,13907.533333333333,14966.677777777779,6425.922222222222,9761.922222222223,11167.488888888889,1314.2222222222222,1900.0,2187.4777777777776,6632.288888888888,9630.333333333334,11130.744444444445,4392.322222222222,6234.822222222222,7781.711111111111,4118.733333333334,5229.733333333334,6142.644444444445,5095.777777777777,7686.622222222223,8565.066666666668,5111.900000000001,7704.966666666666,8579.0,4030.9333333333334,6323.455555555555,6548.111111111111,6738.588888888889,10305.666666666668,11240.433333333332,1.2649031142792633,0.3759927621329986,0.7137818192857909,0.39143704648209754,0.38318382837132264,0.41790064948818184,0.337471231318809,12.0
3108,1550.44,1345.92,808.2099999999999,26635.760000000002,22172.22,14411.829999999998,2242.5699999999997,1348.1100000000001,1018.1299999999999,69745.60999999999,56773.57000000001,34645.159999999996,7196.660000000001,5844.759999999999,3537.8,1575.6399999999999,1247.3600000000001,752.86,222.53000000000003,124.55999999999999,128.72,5116.6900000000005,4197.389999999999,2512.79,5109.84,4197.389999999999,2510.07,288.71,359.56000000000006,187.15000000000003,252.01,212.0,148.17,56.38000000000001,89.22999999999999,53.6,40.54,39.57,45.870000000000005,541.56,472.09,528.02,11642.310000000001,9969.51,5793.85,11538.440000000002,9842.939999999999,5761.280000000001,493.59,601.17,348.3,4007.1,17561.31,13399.84,29907.98,60410.37999999999,45984.399999999994,4327.35,9341.41,7011.1900000000005,2324.4900000000002,5185.99,4540.609999999999,932.25,1003.26,1810.5,1156.7000000000003,1897.2099999999998,1810.5,4109.55,6152.76,4477.68,3831.1700000000005,5859.090000000001,2825.37,3343.3900000000003,5192.000000000001,4437.91,3173.3,6051.68,5307.21,3814.71,6051.68,5307.21,800.3899999999999,1739.2,1486.98,898.1200000000001,1060.08,1483.8899999999999,2730.67,4337.33,2051.57,2730.67,4337.33,4538.67,342.19000000000005,455.07,667.4100000000001,9150.859999999999,13888.16,15120.469999999998,6743.259999999999,9857.58,11020.579999999998,1298.02,1935.36,2094.82,6556.139999999999,9638.09,11205.81,4428.54,6245.470000000001,7800.7300000000005,3883.31,5465.120000000001,5979.890000000001,5092.25,7682.5599999999995,8663.62,5092.68,7693.44,8663.62,3992.5,6265.780000000001,6567.1900000000005,6709.210000000001,10281.420000000002,11208.79,1.260913181930442,0.3818987316907832,0.7087288740913122,0.3905377097124595,0.38102519299995313,0.4159839354183961,0.33394528928791917,13.0
3109,1500.0333333333335,1346.177777777778,806.2,26591.23333333333,22219.155555555553,14509.177777777777,2254.511111111111,1429.288888888889,1073.6999999999998,69677.28888888888,56642.11111111111,34595.56666666667,7141.5888888888885,5802.18888888889,3558.8333333333335,1509.4333333333334,1211.6666666666667,839.7555555555556,186.46666666666667,84.4888888888889,161.98888888888888,5043.5777777777785,4229.066666666667,2479.566666666667,5030.500000000001,4226.666666666667,2479.566666666667,331.27777777777777,331.62222222222226,253.33333333333334,146.5111111111111,141.65555555555557,124.1222222222222,100.1,95.85555555555555,56.111111111111114,36.488888888888894,54.08888888888889,33.166666666666664,429.8,432.4777777777778,478.73333333333335,11635.344444444443,9943.611111111111,5807.7555555555555,11538.3,9858.911111111112,5771.588888888889,638.7666666666667,463.0222222222222,232.4888888888889,4077.022222222222,18057.455555555556,13824.988888888889,29527.855555555558,60887.92222222223,45312.211111111115,4246.044444444445,9403.58888888889,6563.277777777777,1889.3666666666666,5087.033333333334,4620.9,989.4666666666667,1974.8777777777775,1596.3000000000002,1216.1333333333332,1974.7444444444445,1596.3000000000002,3477.9666666666662,4817.677777777779,4665.155555555556,2814.9,5023.577777777778,2430.4333333333334,3226.922222222222,5244.555555555556,4630.033333333334,3962.477777777777,6083.611111111111,5825.722222222222,3962.477777777777,6083.611111111111,5825.722222222222,631.9888888888889,1929.0888888888887,718.7888888888888,951.6333333333332,1327.333333333333,1411.2777777777778,2782.4222222222224,4216.177777777778,2689.255555555556,2782.4222222222224,4216.177777777778,4634.777777777777,318.3888888888889,476.46666666666675,611.2555555555555,9243.066666666668,13907.366666666667,15224.788888888887,6617.977777777778,9826.18888888889,10933.022222222222,1272.411111111111,1926.1777777777777,2198.233333333333,6528.7444444444445,9668.666666666666,11306.722222222223,4386.555555555556,6269.9333333333325,7858.533333333334,3994.9555555555553,5905.766666666666,6137.266666666666,4958.522222222222,7763.488888888888,8567.511111111111,4963.955555555555,7770.611111111111,8568.644444444446,3947.1222222222223,6302.066666666667,6478.644444444445,6703.7,10301.922222222223,11166.766666666668,1.248319461073525,0.3816341559404977,0.7088984814602654,0.3922727299476832,0.3790915546356783,0.4193941356005473,0.3331454724017741,12.0
3110,1540.7333333333333,1322.588888888889,801.0111111111112,27346.88888888889,22177.01111111111,13959.41111111111,2218.0666666666666,1409.2111111111112,1073.1666666666667,69502.1888888889,56559.71111111111,34640.944444444445,7208.677777777778,5852.788888888888,3569.977777777778,1534.822222222222,1278.3666666666666,799.1333333333333,191.52222222222224,184.56666666666666,128.12222222222223,4948.422222222222,4105.066666666667,2518.0000000000005,4927.677777777778,4100.233333333334,2518.0000000000005,319.8111111111111,264.6666666666667,219.99999999999997,169.38888888888889,132.7111111111111,119.04444444444445,57.6888888888889,68.1888888888889,58.733333333333334,41.27777777777778,62.82222222222222,62.099999999999994,539.8555555555556,439.85555555555555,433.38888888888886,11633.866666666667,9945.91111111111,5807.599999999999,11538.08888888889,9853.077777777777,5791.099999999999,550.7111111111111,646.4888888888888,404.4555555555556,3643.722222222222,17494.100000000002,13797.855555555556,24830.411111111112,60054.200000000004,45296.58888888889,3837.8222222222225,9110.011111111111,6942.444444444443,1781.5999999999997,5621.333333333333,3835.233333333333,970.0111111111112,1322.888888888889,1787.5555555555557,1183.5777777777778,1968.6000000000001,1787.5555555555557,3746.8888888888887,5678.066666666667,4697.633333333333,2333.6222222222223,5035.211111111112,2515.8888888888887,3127.911111111111,5763.7444444444445,4595.322222222221,3977.8111111111116,6293.033333333333,5417.488888888889,3977.8111111111116,6293.033333333333,5417.488888888889,558.8,3173.3,1486.0111111111112,809.8333333333334,1298.1555555555556,1479.6555555555558,2805.8888888888887,4232.433333333333,3245.2111111111108,2805.8888888888887,4232.433333333333,4395.222222222223,355.14444444444445,526.4888888888889,662.2,9261.655555555557,14002.111111111111,15103.755555555557,6602.122222222222,9809.322222222221,11060.433333333334,1215.888888888889,1997.9222222222222,2155.2444444444445,6554.455555555555,9722.522222222222,11313.711111111112,4448.533333333333,6317.988888888888,7857.111111111111,4408.288888888888,6010.155555555555,6657.733333333334,5126.0,7730.666666666667,8699.388888888889,4747.055555555556,7730.666666666667,8699.388888888889,4023.711111111111,6366.4222222222215,6588.711111111112,6756.788888888888,10293.833333333334,11247.2,1.2457911892402245,0.39346802346912496,0.703685158587197,0.3920990874147951,0.38342119472861047,0.4029743222936249,0.3316363463828211,12.0
3111,1550.6444444444446,1301.5333333333333,759.911111111111,26905.8,22213.98888888889,14404.822222222223,2205.6222222222223,1503.7888888888888,1010.2111111111111,69629.05555555556,56474.78888888889,34513.01111111112,7130.288888888888,5834.7444444444445,3582.3,1510.3333333333333,1273.6999999999998,779.2555555555556,201.05555555555554,143.9888888888889,113.35555555555555,5019.099999999999,4154.977777777778,2486.733333333333,4987.433333333333,4145.644444444445,2481.8333333333335,282.12222222222226,315.7888888888889,202.9111111111111,150.45555555555558,199.54444444444442,106.67777777777778,75.49999999999999,103.41111111111111,80.92222222222222,35.68888888888889,71.34444444444445,35.288888888888884,520.7111111111111,464.35555555555555,521.5222222222222,11689.877777777778,9910.811111111112,5812.9,11544.78888888889,9840.91111111111,5783.855555555556,441.32222222222225,320.72222222222223,202.84444444444446,3474.388888888889,16697.433333333334,13701.611111111111,29537.666666666668,60331.08888888888,45435.72222222222,4362.644444444444,9340.866666666667,6830.666666666667,2006.3444444444442,5664.377777777778,4647.611111111111,876.8222222222222,1022.9555555555554,1437.5111111111112,1149.6999999999998,1834.8555555555556,1775.4666666666667,3959.733333333333,6019.444444444444,4844.133333333333,2463.3111111111116,6579.644444444445,2418.788888888889,3085.3222222222225,5365.366666666667,4843.366666666666,3215.8888888888887,6136.544444444445,5323.5,3527.1888888888884,6136.544444444445,5323.5,562.411111111111,2384.2444444444445,694.0333333333333,950.5777777777779,1328.5111111111112,1467.7777777777778,2719.655555555555,4227.455555555555,3637.1555555555556,2719.655555555555,4227.455555555555,4379.7444444444445,327.9777777777778,537.4777777777776,644.588888888889,9297.08888888889,13949.18888888889,15168.422222222222,6597.788888888888,9726.755555555555,10975.577777777777,1249.6666666666667,1906.5555555555557,2190.5444444444447,6570.900000000001,9734.777777777777,11274.555555555555,4482.344444444445,6357.966666666666,7881.088888888889,3948.1000000000004,5600.8,6627.2,5076.48888888889,7759.044444444444,8539.966666666667,5086.133333333334,7772.599999999999,8551.144444444444,3965.8333333333335,6312.7,6532.711111111111,6787.677777777779,10352.888888888889,11182.355555555558,1.2417638496160088,0.38641627098521286,0.7054826764120892,0.39334346043495116,0.3813089766898777,0.4173736732459352,0.3324514708466008,12.0
3112,1564.7111111111112,1357.0777777777776,812.9777777777779,26886.75555555556,22262.555555555555,14205.644444444444,2273.477777777778,1491.011111111111,1060.9222222222222,69523.83333333333,56423.87777777778,34590.97777777778,7233.81111111111,5773.311111111111,3545.2777777777774,1538.8666666666666,1226.2444444444443,788.5666666666666,206.2111111111111,135.36666666666667,113.37777777777777,5028.188888888889,4069.6999999999994,2515.5555555555557,5011.200000000001,4069.6999999999994,2513.488888888889,327.0,379.7,198.93333333333334,180.7555555555556,188.93333333333334,199.26666666666665,61.82222222222223,50.4,113.44444444444444,22.744444444444447,53.7,46.488888888888894,636.5666666666667,559.8666666666667,443.0,11623.111111111111,9926.811111111112,5737.344444444444,11558.1,9791.6,5694.911111111111,619.7666666666667,570.8333333333334,199.2222222222222,3360.355555555556,17412.777777777777,13991.28888888889,29684.511111111107,60156.38888888889,45386.555555555555,4099.222222222223,9306.400000000001,7359.944444444444,2648.1,5273.5666666666675,4304.766666666667,961.9888888888888,1082.2555555555555,1849.0333333333333,1130.8000000000002,2074.422222222222,1849.0333333333333,3749.5333333333338,6531.655555555555,4807.799999999999,2134.277777777778,5054.766666666666,2473.4333333333334,3154.0222222222224,5188.188888888889,4721.2444444444445,3435.3222222222225,6320.366666666666,5835.888888888889,3755.1666666666665,6320.366666666666,5835.888888888889,740.6777777777777,2849.422222222222,1705.6333333333332,921.3333333333334,1321.877777777778,1208.111111111111,2836.1777777777775,4202.977777777777,2266.9444444444443,2836.1777777777775,4202.977777777777,4537.544444444446,382.8666666666667,508.53333333333336,710.588888888889,9278.122222222222,13969.37777777778,15282.488888888889,6575.31111111111,9992.5,11076.355555555556,1257.4444444444443,1975.888888888889,2187.0333333333338,6583.7555555555555,9829.755555555555,11322.177777777777,4503.044444444445,6286.711111111112,7799.466666666666,3870.2000000000003,5467.022222222223,6028.277777777777,5096.711111111112,7751.133333333333,8616.533333333333,5114.177777777778,7777.599999999999,8647.199999999999,3991.466666666667,6318.944444444444,6457.911111111111,6787.733333333333,10318.31111111111,11253.511111111111,1.2457369846149424,0.3867271734952603,0.7009331521963914,0.3945591198682827,0.3726429086594388,0.41067484520690684,0.3398356872970967,12.0
3113,1506.9666666666667,1372.8555555555556,805.7666666666668,27616.98888888889,22086.122222222224,14485.677777777779,2186.311111111111,1394.2666666666667,1084.8333333333333,69442.83333333333,56365.35555555556,34573.82222222222,7225.322222222223,5811.9111111111115,3583.6,1466.4555555555555,1265.6888888888889,793.0333333333333,161.14444444444445,155.10000000000002,102.12222222222222,4981.388888888889,4027.8999999999996,2491.2000000000003,4936.511111111111,4027.8999999999996,2491.2000000000003,280.41111111111115,290.64444444444445,258.6444444444444,177.75555555555556,236.82222222222222,115.04444444444445,54.27777777777777,79.2888888888889,68.96666666666665,29.311111111111114,52.52222222222222,34.79999999999999,649.8555555555555,471.7444444444444,669.1777777777777,11641.566666666666,9969.822222222223,5872.7,11545.577777777778,9873.877777777778,5830.955555555556,566.9333333333334,590.5999999999999,372.56666666666666,3455.1111111111113,17576.833333333332,13620.088888888888,29626.022222222222,59862.7888888889,45354.96666666667,4530.988888888889,9285.688888888888,6538.155555555556,1719.6333333333332,5389.455555555555,4864.455555555555,1131.3222222222223,1373.1888888888889,1800.3,1131.3222222222223,1900.7333333333331,1800.3,4530.222222222222,5278.644444444445,4589.611111111111,2825.8888888888887,6864.033333333333,3452.022222222222,3177.711111111111,5259.388888888889,4676.822222222222,3854.3555555555554,5313.133333333333,5480.9,3854.3555555555554,5810.9,5480.9,623.6555555555556,1902.3111111111114,409.76666666666665,829.311111111111,1384.4555555555557,1842.7777777777778,2595.644444444444,3858.8999999999996,3389.222222222222,2595.644444444444,3858.8999999999996,4670.266666666666,347.77777777777777,406.1111111111111,753.811111111111,9234.266666666666,13967.666666666666,15287.300000000001,6536.61111111111,10005.166666666666,11315.4,1294.1333333333334,1912.5999999999997,2199.322222222222,6628.7444444444445,9695.888888888889,11448.422222222222,4527.611111111111,6279.7444444444445,7773.011111111112,4267.233333333334,5420.900000000001,6234.633333333334,5201.166666666668,7344.777777777777,8602.866666666667,4857.088888888889,7763.466666666666,8602.866666666667,4021.9333333333325,6383.388888888889,6586.388888888889,6728.222222222223,10374.011111111111,11296.855555555556,1.2502972022082004,0.3976938664977028,0.7069096086994567,0.39183860377592067,0.38142481377061715,0.41897819930557617,0.328870098114443,12.0
3114,1566.9444444444443,1311.4888888888888,806.5999999999999,26415.8,22210.977777777778,14654.011111111111,2309.722222222222,1431.6,1047.1,69388.08888888889,56397.555555555555,34539.544444444444,7167.3,5761.122222222222,3529.3444444444444,1455.4333333333334,1207.7888888888888,742.2,171.41111111111113,109.02222222222221,106.81111111111112,5105.4222222222215,4165.955555555554,2535.5333333333333,5088.388888888888,4165.955555555554,2529.1666666666665,300.1333333333333,337.2,218.96666666666667,178.11111111111111,160.45555555555555,109.01111111111112,47.12222222222222,61.333333333333336,88.61111111111111,32.35555555555556,47.38888888888889,35.53333333333333,542.188888888889,541.5111111111112,677.6333333333333,11670.488888888889,9958.322222222221,5830.788888888888,11522.833333333334,9876.433333333334,5788.311111111111,570.9000000000001,400.70000000000005,330.59999999999997,3971.344444444445,17721.844444444447,13245.844444444445,29653.533333333333,60719.25555555556,45433.588888888895,4283.722222222223,9410.177777777779,6702.5888888888885,1915.8444444444442,5392.966666666667,4452.666666666667,1072.9666666666667,1020.188888888889,1666.911111111111,1131.1333333333334,1975.511111111111,1798.6888888888889,3882.288888888889,6225.188888888889,5032.833333333333,3764.244444444444,5989.611111111111,2757.922222222222,3369.3222222222225,5124.033333333333,4657.077777777778,4109.055555555556,6066.377777777778,5644.533333333334,4109.055555555556,6066.377777777778,5644.533333333334,702.9333333333334,1403.1222222222225,1152.6666666666667,876.0333333333333,1407.488888888889,983.2666666666667,2573.322222222222,4222.355555555556,3867.3000000000006,2573.322222222222,4222.355555555556,4642.0666666666675,326.6666666666667,508.4333333333333,589.1888888888889,9253.533333333333,14074.900000000001,15369.066666666668,6619.399999999999,9920.555555555555,10917.644444444444,1310.9111111111113,1952.6888888888889,2197.911111111111,6690.355555555555,9832.777777777777,11391.044444444444,4579.344444444445,6328.344444444444,7851.400000000001,3921.8777777777777,5773.388888888889,6039.222222222223,5175.6,7791.9333333333325,8551.288888888888,4834.211111111112,7803.233333333333,8569.722222222223,4024.733333333334,6328.455555555555,6578.366666666667,6823.177777777779,10344.3,11280.922222222223,1.2452360539757787,0.3806964627934862,0.7017053999199521,0.39382873174172245,0.3766208603717713,0.42426764298184466,0.33126187818637065,12.0
3115,1523.4333333333334,1376.2888888888888,780.8555555555556,26484.63333333333,22250.63333333333,14431.188888888888,2212.6000000000004,1442.4222222222222,1092.5333333333333,69421.16666666667,56332.911111111105,34531.12222222222,7178.033333333333,5713.822222222221,3561.911111111111,1528.322222222222,1214.7666666666667,769.0999999999999,209.2,112.3,120.8111111111111,4973.344444444444,4088.0,2496.944444444444,4950.511111111112,4083.8333333333335,2496.944444444444,275.41111111111115,379.12222222222226,248.75555555555553,252.68888888888893,200.5222222222222,89.92222222222223,77.66666666666666,100.13333333333333,48.52222222222222,27.07777777777778,42.12222222222223,26.533333333333335,589.2,616.3222222222223,599.7111111111112,11657.31111111111,10226.766666666668,5779.877777777777,11563.177777777779,10182.599999999999,5766.700000000001,591.6555555555556,502.4333333333334,327.9333333333333,3676.1888888888884,17601.711111111115,13436.400000000001,29280.26666666667,60068.555555555555,45513.27777777778,4610.144444444444,9058.533333333333,7121.200000000001,1647.2444444444445,5491.2444444444445,4853.333333333333,1045.6222222222223,1235.4888888888888,1733.9333333333334,1107.611111111111,1804.511111111111,1733.9333333333334,4371.833333333332,6588.5,4869.599999999999,3426.811111111111,5399.366666666667,3647.0555555555557,3428.833333333333,5274.944444444444,4507.500000000001,3290.8888888888887,5465.411111111111,5830.855555555556,3599.133333333333,6065.811111111111,5830.855555555556,910.311111111111,2578.733333333333,643.6444444444444,845.2888888888888,1340.0333333333333,1444.1111111111113,2589.1888888888893,4498.133333333333,3535.577777777778,2589.1888888888893,4498.133333333333,4356.466666666666,316.08888888888885,520.0666666666667,674.8555555555556,9274.744444444446,14057.677777777777,15437.122222222222,6680.144444444444,9997.277777777777,11285.822222222221,1311.0555555555557,2001.7111111111112,2165.711111111111,6627.055555555555,9869.688888888886,11381.933333333332,4519.9111111111115,6369.355555555555,7914.511111111112,3935.0666666666666,5822.2,6689.577777777778,5095.166666666667,7823.7444444444445,8786.28888888889,5106.011111111112,7840.344444444443,8786.28888888889,4029.8222222222225,6302.033333333333,6532.7444444444445,6794.144444444444,10329.866666666667,11360.033333333333,1.246738155109395,0.3815066010126594,0.7243443875272587,0.39498461724170714,0.37356055856697534,0.41791832874756135,0.33447886084982326,12.0
3116,1559.5,1314.9699999999998,808.31,26846.71,21919.870000000003,14658.86,2196.37,1474.9099999999999,1044.94,69266.95999999999,56252.77999999999,34502.75,7089.15,5796.780000000001,3503.3899999999994,1504.5700000000002,1278.0800000000002,778.4399999999999,206.19999999999996,148.57,145.82999999999998,4847.26,4144.66,2517.96,4827.1,4144.66,2517.93,303.86999999999995,319.5,201.73999999999998,150.25,255.69,134.23,59.330000000000005,69.56,72.30000000000001,22.85,67.92000000000002,42.160000000000004,327.78999999999996,363.99999999999994,593.4899999999999,11634.39,9972.05,5830.42,11509.96,9865.880000000001,5817.41,589.1800000000001,577.23,360.54,3618.63,17477.329999999998,13033.84,27394.170000000002,60317.68000000001,45677.35,4701.4,8784.790000000003,6411.07,2554.19,5574.759999999999,4187.65,1183.2100000000003,1220.9299999999998,1604.65,1183.2100000000003,1949.83,1744.25,3628.2400000000002,4922.099999999999,4924.02,2947.4800000000005,5538.22,2469.22,3279.8100000000004,5266.83,4860.43,3291.3600000000006,6244.159999999999,5810.179999999999,3894.6699999999996,6244.159999999999,5810.179999999999,499.41,2479.29,1026.87,794.35,1243.2199999999998,1572.48,2627.35,4092.8900000000003,3358.31,2627.35,4092.8900000000003,4466.9,338.12,543.0100000000001,766.51,9288.79,14116.15,15731.75,6636.37,9964.35,12457.27,1276.12,1943.1,2491.86,6612.040000000001,9816.27,11576.47,4448.7300000000005,6358.2699999999995,7831.0,4051.6399999999994,5712.24,6624.55,5025.070000000001,7758.43,8551.630000000001,5040.3099999999995,7758.43,8551.630000000001,4006.22,6305.08,6580.4,6782.74,10303.530000000002,11308.46,1.239123717943887,0.3875831998401547,0.6989072799594791,0.3896673195529182,0.3697878494128117,0.42486062705146693,0.32852937289386674,13.0
3117,1503.7,1337.0222222222221,765.1222222222223,26671.933333333334,22210.11111111111,14720.977777777776,2268.733333333333,1381.0666666666666,1079.888888888889,69381.1,56375.87777777777,34669.211111111115,7189.4111111111115,5792.822222222221,3530.8111111111116,1501.0888888888887,1256.5666666666666,766.4444444444445,175.0,153.43333333333334,116.8111111111111,5001.344444444444,4180.38888888889,2314.077777777778,4991.466666666666,4177.4111111111115,2314.077777777778,250.06666666666666,305.77777777777777,195.63333333333333,190.45555555555555,214.26666666666668,138.03333333333333,91.32222222222222,75.56666666666668,65.47777777777779,28.833333333333332,87.43333333333334,54.711111111111116,649.5666666666666,406.4888888888889,566.2555555555555,11625.355555555556,9913.788888888888,5752.833333333333,11509.144444444444,9840.566666666668,5739.022222222223,562.8444444444444,507.21111111111105,267.6222222222222,3288.2,17055.411111111112,13710.455555555556,29559.466666666667,60480.36666666667,44947.23333333333,4180.622222222222,9174.488888888889,6297.688888888889,1761.5444444444447,5291.777777777777,4748.033333333333,542.6333333333333,1458.2222222222222,1740.0222222222221,1090.388888888889,1928.0888888888887,1898.0333333333333,4099.088888888889,5448.688888888889,4360.777777777777,3678.4555555555553,6267.977777777777,3354.3444444444444,3074.9333333333334,5479.722222222223,4862.522222222223,2962.433333333333,6260.144444444445,6000.111111111111,3621.633333333333,6260.144444444445,6000.111111111111,630.6999999999999,2828.688888888889,961.8777777777777,905.1222222222223,1301.288888888889,1485.0222222222224,2730.8999999999996,4223.622222222222,4148.822222222221,2730.8999999999996,4223.622222222222,4525.566666666666,284.9888888888889,481.90000000000003,774.0666666666666,9282.355555555556,14175.511111111111,15502.566666666668,6604.222222222223,9734.477777777778,11257.11111111111,1248.322222222222,1980.1999999999998,2234.2666666666664,6666.922222222222,9937.655555555555,11404.777777777776,4477.655555555557,6378.7444444444445,7959.388888888889,4054.8555555555554,5821.033333333333,6381.566666666667,5155.333333333333,7845.111111111111,8733.099999999999,5174.066666666667,7858.766666666666,8745.377777777778,3990.1222222222223,6380.522222222222,6583.466666666667,6819.522222222222,10402.788888888888,11323.833333333334,1.2398948063949284,0.3844264984748488,0.6941948399273866,0.39396479463537304,0.37019819657103376,0.42461242428039725,0.3345353934556651,12.0
3118,1488.6333333333334,1307.9777777777779,843.9777777777778,26786.122222222228,22015.844444444447,14717.5,2226.688888888889,1484.5,988.0111111111112,68874.77777777778,56048.7,34341.322222222225,7071.777777777777,5755.711111111112,3530.755555555555,1506.9333333333334,1263.677777777778,789.3111111111111,203.7111111111111,141.23333333333332,89.75555555555555,4948.666666666667,3994.1666666666665,2391.988888888889,4928.488888888889,3994.1666666666665,2391.988888888889,340.29999999999995,295.3,188.46666666666664,169.6222222222222,184.1,152.57777777777778,92.24444444444445,60.20000000000001,67.52222222222221,29.200000000000003,74.67777777777778,53.644444444444446,463.85555555555555,437.32222222222225,331.0,11639.266666666668,10014.277777777777,5774.400000000001,11528.62222222222,9869.433333333332,5748.9111111111115,552.5333333333334,538.5444444444444,230.3777777777778,3483.1000000000004,16507.92222222222,10531.077777777777,29417.966666666667,60223.811111111114,47939.64444444444,4586.844444444444,8671.655555555555,7001.366666666666,2135.5444444444447,5568.266666666666,4198.788888888888,790.1777777777777,1073.9,1408.2666666666667,1183.4999999999998,2002.4222222222222,1693.7333333333331,4116.822222222222,5994.233333333334,5039.5,3551.1111111111113,3440.911111111111,3178.511111111111,2950.9777777777776,5331.466666666667,4702.799999999999,3303.3444444444444,6342.299999999999,5656.4,3672.9333333333334,6342.299999999999,5656.4,612.8222222222223,3440.1555555555556,522.8555555555555,783.9777777777776,1263.711111111111,1537.9333333333334,2530.133333333333,4194.18888888889,3974.8000000000006,2530.133333333333,4194.18888888889,4759.222222222223,277.51111111111106,473.62222222222226,735.3,9279.499999999998,14087.41111111111,15378.588888888888,6692.233333333334,9610.744444444443,11090.577777777778,1241.5444444444447,1957.0888888888887,2216.7111111111108,6574.999999999999,9849.333333333334,11500.62222222222,4518.311111111111,6366.200000000001,7915.7444444444445,3908.9333333333334,5638.511111111111,6500.733333333334,5091.533333333333,7905.077777777778,8696.444444444445,4691.2,7912.688888888889,8696.444444444445,3982.722222222222,6353.055555555556,6595.855555555556,6740.577777777778,10346.266666666668,11383.544444444444,1.2423753674467615,0.3889104703705437,0.7005853137592507,0.3927984849683302,0.3738256580397133,0.42856532735586766,0.3345217745845921,12.0
3119,1569.8666666666666,1341.9222222222224,762.8444444444444,27279.07777777778,22112.0,14553.288888888888,2266.8222222222225,1252.388888888889,1051.511111111111,69356.31111111112,55869.48888888889,34391.01111111112,7139.022222222222,5746.166666666668,3504.511111111111,1490.8444444444444,1191.6888888888889,793.2111111111111,177.64444444444447,82.75555555555555,127.53333333333333,5019.011111111111,4070.522222222222,2367.588888888889,5009.599999999999,4062.533333333333,2367.588888888889,272.3111111111111,295.32222222222225,204.57777777777778,236.92222222222225,202.0,109.25555555555556,103.36666666666666,56.24444444444445,78.07777777777777,22.322222222222226,64.46666666666667,45.011111111111106,535.6666666666666,430.0888888888889,485.79999999999995,11727.166666666666,9989.7,5792.9,11582.31111111111,9913.522222222224,5782.077777777778,552.9333333333333,508.2555555555556,239.96666666666664,3533.822222222222,16993.411111111112,13893.455555555556,30438.011111111107,59736.522222222215,45120.73333333333,4054.722222222222,9167.5,7139.544444444445,972.1777777777778,5323.611111111112,4469.233333333334,926.5999999999999,1324.7777777777778,1713.2444444444445,1117.5444444444447,2023.1666666666667,1713.2444444444445,3551.1222222222223,5617.466666666667,4400.955555555555,3346.744444444445,4281.122222222222,3867.3333333333335,2832.8,5323.933333333333,4780.766666666666,3248.211111111111,6600.855555555555,5433.233333333334,3545.911111111111,6600.855555555555,5433.233333333334,821.6777777777778,2095.5222222222224,1265.7333333333333,806.9333333333333,1337.3555555555556,1423.2666666666669,2615.0,4221.988888888888,3443.6666666666665,2615.0,4221.988888888888,4652.355555555556,390.43333333333334,433.41111111111115,575.3333333333334,9290.455555555556,14117.62222222222,15422.455555555556,6700.055555555556,10080.755555555555,11791.27777777778,1224.0666666666666,2012.9777777777776,2093.8222222222225,6639.866666666667,9940.733333333334,11474.066666666668,4559.2555555555555,6362.9,7909.622222222223,4286.822222222223,5677.0,6538.3,5057.466666666666,7873.577777777778,8853.3,4728.000000000001,7882.511111111112,8853.977777777778,4010.1222222222223,6398.088888888889,6557.7555555555555,6714.822222222222,10384.666666666664,11393.388888888889,1.2466892545635244,0.39331788759750774,0.7022090594418641,0.39577952903731595,0.3749129155826893,0.42317130025255295,0.3340303750651877,12.0
3120,1911.611111111111,1644.3666666666666,1001.5555555555555,30972.855555555558,26122.24444444444,17143.36666666667,2785.222222222222,1548.677777777778,1279.4000000000003,82086.54444444444,66384.6,40741.91111111112,8465.222222222223,6868.866666666666,4162.955555555554,1786.6999999999998,1423.7888888888888,1022.2888888888889,246.9666666666667,135.43333333333334,224.95555555555555,6184.733333333334,5147.977777777777,3021.8888888888887,6162.211111111112,5147.977777777777,3021.577777777778,333.1111111111111,357.72222222222223,239.66666666666666,243.95555555555555,210.60000000000002,127.5,66.24444444444444,71.36666666666666,89.28888888888889,38.68888888888889,40.86666666666667,60.28888888888888,489.44444444444446,544.4888888888888,777.0,14412.1,12254.8,7087.177777777779,14314.144444444444,12125.666666666668,7064.144444444445,530.1999999999999,597.9444444444446,275.7555555555556,3707.6444444444446,18409.488888888885,15705.744444444446,34094.933333333334,71203.03333333334,53250.31111111111,5320.388888888888,9633.766666666666,7731.855555555555,2504.3444444444444,6232.6,5447.322222222221,1029.7333333333333,1261.8222222222223,1628.111111111111,1267.2555555555557,2201.9111111111115,1959.2333333333336,3706.722222222222,6586.288888888888,6687.355555555555,3358.2444444444445,7355.633333333333,2774.5222222222224,3466.6777777777775,5927.833333333333,5753.277777777777,4305.4222222222215,7106.844444444445,6371.844444444443,4433.611111111111,7106.844444444445,6371.844444444443,404.12222222222215,2695.133333333333,907.8777777777777,989.5111111111112,1473.6666666666667,1826.111111111111,3369.211111111111,4850.544444444445,4482.711111111111,3369.211111111111,4850.544444444445,5340.144444444445,349.73333333333335,510.8333333333333,773.3444444444444,10453.122222222222,16095.911111111112,17516.322222222225,7513.288888888889,11193.933333333332,12736.37777777778,1454.288888888889,2270.5333333333338,2540.0000000000005,7438.444444444444,11226.222222222223,12930.433333333332,5162.388888888889,7188.0777777777785,8860.12222222222,5056.088888888889,6441.622222222222,7138.288888888888,5852.777777777778,8920.366666666667,9945.188888888888,5455.644444444445,8920.366666666667,9966.322222222221,4662.4222222222215,7644.822222222221,7615.0,7929.144444444443,12257.699999999999,13270.688888888888,1.3693654527461758,0.37731952008916336,0.7533383219478791,0.3934985590700921,0.40328924958245294,0.4207796394212675,0.33912910606087376,12.0
3121,1470.0333333333335,1244.7444444444445,739.9333333333333,27456.911111111112,22033.699999999997,14318.166666666666,2227.133333333333,1181.1444444444444,1026.3999999999999,68759.36666666665,54512.34444444444,33199.43333333333,7051.11111111111,5582.433333333333,3405.133333333333,1533.1666666666667,1191.8222222222223,802.0777777777778,186.20000000000002,97.13333333333333,152.2555555555556,5242.588888888889,4134.877777777778,2432.7,5217.266666666666,4134.877777777778,2432.4666666666667,266.1666666666667,327.26666666666665,218.76666666666665,178.75555555555556,162.16666666666666,175.26666666666668,87.17777777777778,58.43333333333333,46.18888888888889,33.14444444444444,57.366666666666674,59.42222222222223,513.9555555555555,438.28888888888895,522.9777777777778,12035.755555555555,9984.922222222223,5795.7555555555555,11916.866666666667,9893.655555555557,5760.366666666666,589.3222222222222,462.12222222222215,227.08888888888887,3551.3333333333335,17226.277777777777,13873.688888888888,26739.422222222223,58175.16666666667,44319.27777777778,6390.422222222222,9147.011111111111,6436.355555555556,1907.8444444444442,5441.9,4711.922222222222,1036.3444444444444,1535.1,1365.8777777777777,1148.9555555555555,2121.4333333333334,1818.2666666666667,3184.4666666666667,5849.5888888888885,5834.033333333334,3015.9555555555557,4203.633333333333,2888.1000000000004,3382.277777777778,5272.700000000001,5018.588888888889,4081.8444444444444,6359.866666666667,5992.655555555556,4188.733333333334,6359.866666666667,5992.655555555556,487.3222222222222,3133.4666666666667,1122.6666666666667,999.1333333333334,1350.1555555555558,1616.8444444444444,2742.1777777777775,4129.944444444444,3751.5777777777776,2742.1777777777775,4129.944444444444,4594.355555555556,332.9888888888888,491.05555555555554,676.1666666666666,9740.511111111111,14703.255555555554,16092.955555555556,7057.822222222221,9915.800000000001,11663.877777777778,1276.0444444444445,2043.488888888889,2276.411111111111,6875.622222222223,10253.411111111112,11870.722222222223,4812.922222222222,6595.788888888888,8079.488888888888,4387.5,5394.177777777778,6309.277777777778,5322.9,7956.988888888888,8790.333333333334,4967.233333333334,7965.411111111111,8829.37777777778,4138.5777777777785,6519.1,6725.000000000001,7059.677777777777,10623.466666666667,11649.266666666666,1.2234334041334816,0.39931884835730674,0.6728887706653026,0.40419652144030166,0.35794336514389313,0.431277441482435,0.3482728254987112,12.0
3123,1534.5,1277.9666666666667,803.8777777777779,26996.744444444445,22164.21111111111,14420.622222222222,2242.2888888888892,1384.4222222222222,1048.5333333333335,69261.63333333333,55870.77777777778,34248.3,7070.677777777778,5766.833333333333,3536.5444444444447,1541.777777777778,1235.5,769.588888888889,195.8777777777778,98.34444444444445,138.39999999999998,5076.98888888889,4050.233333333333,2384.9444444444443,5054.48888888889,4043.977777777778,2384.7555555555555,265.44444444444446,263.72222222222223,234.85555555555558,196.72222222222223,162.0111111111111,135.47777777777776,59.35555555555555,47.58888888888889,69.86666666666667,32.18888888888889,61.85555555555555,53.71111111111111,445.5111111111112,368.37777777777774,640.7333333333333,11787.522222222222,9847.988888888889,5738.51111111111,11622.699999999999,9764.266666666666,5706.5,536.8666666666667,505.1555555555555,259.3555555555556,3474.8888888888887,17675.07777777778,13529.066666666668,26977.86666666667,59338.75555555556,44625.86666666667,4450.9,9328.033333333333,6510.022222222222,2103.0,5593.822222222222,4841.477777777778,612.3555555555555,1554.5444444444445,1831.8999999999999,1108.3777777777777,2184.133333333333,1831.8999999999999,3612.3,5560.666666666667,5043.333333333334,3215.2777777777783,3421.7,4061.722222222222,3597.077777777778,5320.7444444444445,4965.922222222222,3663.5333333333338,6180.544444444444,5599.988888888889,3663.5333333333338,6180.544444444444,5599.988888888889,412.76666666666665,2454.688888888889,1007.3111111111112,665.5222222222224,1260.7666666666667,1250.9222222222222,2683.488888888889,4328.2555555555555,3533.922222222222,2683.488888888889,4328.2555555555555,4724.944444444444,315.6333333333333,401.8333333333333,685.6666666666666,9405.066666666668,14302.933333333332,15620.666666666666,6908.366666666667,9940.011111111111,11416.255555555555,1307.3222222222223,2010.6666666666667,2228.5666666666666,6667.477777777777,10030.111111111111,11560.077777777777,4603.966666666666,6407.444444444444,8028.822222222221,4479.166666666666,5235.1,6774.222222222223,5132.733333333334,7879.299999999999,8832.011111111111,5141.855555555555,7903.355555555555,8832.011111111111,4092.3777777777777,6313.9,6554.855555555556,6810.855555555556,10419.61111111111,11381.633333333333,1.2357913465082648,0.3897792059641164,0.6826758147512865,0.3967048964177258,0.36531731466860146,0.4210609642587288,0.34140064169148027,12.0
3124,1506.5444444444447,1318.8222222222223,831.4888888888889,27218.8,22190.722222222223,14116.466666666667,2270.9555555555557,1233.5222222222224,1072.7333333333333,69593.34444444445,55903.30000000001,34297.03333333333,7161.188888888889,5755.9222222222215,3509.0,1505.333333333333,1203.8666666666666,820.1222222222223,202.84444444444443,113.02222222222223,139.85555555555555,4927.2444444444445,4056.8888888888887,2374.5888888888894,4917.533333333334,4056.8888888888887,2370.0444444444447,243.4222222222222,258.7444444444444,211.73333333333332,189.92222222222222,187.6,102.02222222222221,63.68888888888888,76.02222222222221,61.34444444444445,24.144444444444446,72.36666666666667,32.27777777777778,552.5666666666666,340.21111111111105,498.51111111111106,11858.922222222223,9892.122222222222,5752.055555555555,11699.955555555556,9780.066666666666,5709.666666666667,522.7888888888888,546.1888888888888,369.5555555555556,3302.1111111111113,17266.0,13884.011111111111,29295.799999999996,60141.92222222223,45099.18888888889,3906.5666666666666,8972.855555555556,6651.155555555556,1348.0,5135.799999999999,4545.355555555556,1130.8666666666668,1474.4111111111113,1603.888888888889,1251.1111111111113,1999.9333333333334,1731.1333333333332,2901.6111111111113,5855.666666666667,5360.644444444444,3600.211111111111,4923.555555555556,3663.0888888888894,1863.3111111111111,5365.944444444444,4451.777777777777,3853.5555555555557,6646.788888888888,5691.366666666666,3853.5555555555557,6646.788888888888,5691.366666666666,511.6555555555555,2294.344444444445,1148.9777777777776,703.3111111111111,986.2444444444445,1547.822222222222,2636.288888888889,4231.944444444445,3178.611111111111,2636.288888888889,4231.944444444445,4724.055555555556,331.78888888888895,409.94444444444446,683.0333333333333,9506.866666666665,14361.155555555555,15621.766666666666,6841.877777777778,10894.733333333334,11479.5,1287.511111111111,3947.9555555555553,2231.288888888889,6805.822222222222,13817.733333333332,11710.81111111111,4644.288888888888,6463.888888888889,7984.688888888889,4140.366666666667,5748.1,6437.333333333333,5235.411111111111,7904.811111111111,8889.78888888889,4545.177777777779,7916.211111111112,8889.78888888889,4040.1666666666665,6423.722222222223,6648.022222222222,6905.288888888888,10487.677777777777,11338.355555555558,1.230684721452798,0.3911121130516791,0.6810083373049522,0.39694834155089626,0.3654942996204015,0.4115943944617173,0.3440792001358125,12.0
3126,1472.9222222222222,1322.9333333333334,776.6333333333333,27348.32222222222,22158.911111111112,14333.311111111112,2232.433333333333,1313.2555555555557,1049.4555555555555,69393.33333333333,55780.15555555556,34238.51111111112,7156.066666666666,5716.877777777778,3494.5444444444447,1522.0333333333333,1246.411111111111,736.8222222222222,206.99999999999997,138.23333333333335,95.1,5036.366666666666,4065.0444444444447,2477.1000000000004,5009.822222222222,4064.722222222222,2475.5111111111114,252.40000000000003,276.37777777777774,206.53333333333333,154.07777777777778,204.62222222222223,118.86666666666666,68.58888888888889,82.71111111111111,74.44444444444444,31.11111111111111,42.13333333333334,31.200000000000003,676.6444444444445,280.81111111111113,515.6888888888889,11750.266666666666,9874.655555555555,5780.455555555555,11608.033333333333,9731.733333333334,5710.533333333334,413.1888888888889,325.0777777777778,323.59999999999997,2976.3333333333335,17498.755555555555,14139.844444444443,21744.62222222222,59427.85555555555,45229.42222222223,3963.744444444445,8963.311111111112,6977.099999999999,1055.0777777777778,4881.544444444445,5089.477777777778,798.4888888888888,945.3666666666666,1608.788888888889,1152.5777777777776,1994.7111111111108,1898.6666666666667,4622.5777777777785,5931.9111111111115,3877.277777777778,3300.577777777778,5364.5,2586.9111111111115,2450.7,5293.81111111111,4988.633333333334,3943.6222222222223,6100.2555555555555,5661.211111111111,3884.3666666666663,6100.2555555555555,5661.211111111111,649.5,1919.0111111111114,1082.3555555555556,1227.5666666666666,1310.2444444444445,1588.7555555555557,2788.788888888889,4196.266666666666,3568.5666666666666,2788.788888888889,4196.266666666666,4757.788888888888,361.05555555555554,441.2222222222223,709.7333333333333,9523.633333333333,14411.777777777777,15706.177777777779,6745.544444444444,9779.02222222222,11248.566666666666,1284.0222222222224,2005.5777777777778,2182.0666666666666,6721.622222222222,10111.388888888889,11652.744444444445,4631.866666666666,6445.344444444444,8033.622222222221,4324.711111111111,5960.188888888889,6185.677777777778,5109.8,7954.411111111112,8858.599999999999,5136.3,7954.411111111112,8858.599999999999,4060.5555555555557,6417.533333333334,6618.7444444444445,6806.5,10463.366666666665,11483.544444444444,1.2188660490219068,0.39410590194383066,0.6752625167686923,0.397254379992566,0.3635851710155098,0.41863126187340693,0.34053049039855104,12.0
3127,1528.9666666666667,1381.377777777778,801.5555555555557,27454.377777777776,22116.122222222224,14445.677777777777,2217.3,1430.211111111111,996.2666666666667,69078.51111111112,55566.35555555556,34101.288888888885,7157.022222222222,5736.399999999999,3499.355555555556,1499.1444444444444,1247.1777777777777,824.0666666666666,177.11111111111111,110.21111111111112,164.8777777777778,4917.522222222223,4016.744444444445,2427.922222222222,4898.477777777778,4010.733333333333,2427.922222222222,264.20000000000005,307.24444444444447,159.14444444444445,156.05555555555557,152.82222222222222,113.86666666666669,76.97777777777777,130.23333333333335,48.28888888888889,30.54444444444444,82.86666666666667,25.288888888888888,423.70000000000005,640.7666666666667,545.7111111111112,11739.488888888889,9891.577777777777,5700.788888888888,11677.133333333335,9746.977777777778,5689.377777777778,523.2111111111111,489.1555555555555,196.33333333333334,3053.8999999999996,16780.088888888888,14025.022222222222,26534.800000000003,59954.799999999996,44766.37777777777,4020.233333333333,9404.033333333333,7131.655555555556,1379.1888888888889,5328.622222222223,4482.4111111111115,1061.1333333333334,1805.1666666666667,1342.4555555555553,1170.1333333333334,1959.4666666666667,1664.4444444444443,4457.022222222222,6437.711111111112,5560.722222222223,3598.711111111111,4507.68888888889,3241.577777777778,2341.5666666666666,5533.166666666667,4593.655555555556,3363.6111111111113,6422.966666666666,5906.400000000001,3748.8999999999996,6422.966666666666,5906.400000000001,479.1333333333333,2871.1222222222223,1088.5666666666666,999.2777777777778,1623.177777777778,1661.8555555555556,2623.744444444444,4039.0,4067.3333333333335,2623.744444444444,4039.0,4878.188888888889,348.6222222222222,473.12222222222226,716.6333333333334,9493.155555555555,14368.344444444443,15834.111111111111,6777.611111111111,9767.8,11329.988888888889,1258.2666666666667,2029.8222222222223,2267.8333333333335,6729.233333333334,10066.333333333334,11727.300000000001,4706.466666666666,6428.466666666666,7962.855555555555,3943.1888888888884,5618.5,6364.233333333334,5261.177777777778,7860.644444444443,8832.233333333334,5261.311111111111,7898.188888888889,8843.677777777779,4042.1888888888884,6432.377777777777,6556.644444444445,6881.48888888889,10431.555555555555,11548.5,1.2300581471563141,0.39743731206971256,0.6783647076018192,0.39801282630656604,0.3593114724188987,0.42361090294403997,0.34478747730305975,12.0
3128,1548.3666666666666,1290.0222222222224,831.4555555555556,26264.666666666668,22126.444444444445,14366.41111111111,2304.711111111111,1421.288888888889,1012.0444444444444,69364.85555555556,55770.1111111111,34223.30000000001,7128.388888888889,5746.322222222221,3541.3555555555554,1508.0444444444447,1234.7222222222222,792.8222222222222,194.04444444444445,146.18888888888887,136.26666666666665,4872.122222222222,4075.3777777777777,2435.8666666666663,4845.477777777777,4075.3777777777777,2435.8666666666663,263.52222222222224,313.35555555555555,168.76666666666668,191.02222222222224,188.26666666666665,89.92222222222222,65.47777777777777,63.300000000000004,87.95555555555555,18.333333333333332,51.400000000000006,33.3,518.9555555555555,479.5111111111112,574.4444444444445,11702.455555555556,9841.78888888889,5709.0666666666675,11584.611111111111,9741.311111111112,5681.777777777777,563.6222222222223,462.72222222222223,338.3888888888889,3339.4666666666662,17124.733333333334,13816.37777777778,29058.133333333335,60311.044444444444,45474.65555555556,4111.066666666667,9148.588888888888,6945.455555555555,1670.1444444444444,5485.111111111111,5027.988888888889,828.8444444444444,1365.4,1708.0222222222221,1154.588888888889,2216.3999999999996,1858.5666666666666,3091.211111111111,5287.955555555555,4862.0888888888885,2932.0555555555557,4515.98888888889,2462.2333333333336,3171.866666666667,5280.533333333333,4839.311111111111,3045.6555555555556,5688.655555555556,5899.677777777778,3825.711111111111,6320.866666666667,5899.677777777778,632.088888888889,2388.1666666666665,953.988888888889,801.7111111111111,977.1444444444444,1477.6222222222223,2651.0111111111114,4026.0,4572.977777777778,2651.0111111111114,4026.0,4572.977777777778,368.70000000000005,473.6111111111111,651.5666666666667,9556.177777777779,14397.822222222221,15939.511111111111,6753.611111111111,9891.322222222223,11304.433333333334,1303.111111111111,2018.5333333333333,2243.1666666666665,6819.366666666667,10161.766666666668,11725.577777777777,4679.677777777779,6478.555555555556,8106.633333333333,4470.555555555556,5631.0666666666675,6465.299999999999,5255.388888888889,7509.777777777777,8911.544444444444,5271.222222222223,7884.48888888889,8923.077777777777,4099.577777777778,6405.544444444445,6668.177777777778,6966.455555555555,10463.666666666666,11579.322222222223,1.2122640851293403,0.37864515764227064,0.6765822608974815,0.39674377553886897,0.35645872311711774,0.41978450678663676,0.341868434176869,12.0
3129,1470.7666666666667,1351.2333333333331,854.911111111111,26886.25555555556,22083.633333333335,14549.155555555557,2236.9333333333334,1354.622222222222,1026.0888888888887,68977.27777777778,55525.333333333336,34093.26666666666,7047.766666666666,5704.833333333334,3461.6888888888884,1483.7666666666667,1226.7222222222222,794.1888888888889,192.54444444444445,137.47777777777776,124.38888888888889,4917.555555555556,4084.0777777777785,2418.422222222222,4896.722222222223,4083.722222222222,2418.422222222222,252.65555555555557,275.17777777777775,156.33333333333334,228.13333333333333,197.85555555555555,162.65555555555557,112.88888888888889,107.23333333333333,100.24444444444445,45.666666666666664,42.36666666666667,51.27777777777778,484.2444444444445,589.7888888888888,403.0777777777778,11658.633333333333,9934.622222222222,5725.299999999999,11560.766666666668,9835.011111111111,5685.2444444444445,561.6333333333333,420.65555555555557,330.1111111111111,3644.3111111111116,17407.522222222222,13687.355555555558,26774.355555555554,59505.688888888886,45316.12222222222,4229.144444444445,9876.18888888889,6603.4333333333325,1624.7555555555555,5388.68888888889,4932.0,1018.9333333333333,1714.9333333333334,1190.3555555555556,1119.7,2035.477777777778,1749.3777777777777,3413.188888888889,5878.6,4634.555555555556,3216.2555555555555,5098.2555555555555,2521.8444444444444,3280.911111111111,5260.577777777778,4712.566666666667,2945.444444444445,6208.522222222223,6002.211111111112,4103.5666666666675,6208.522222222223,6002.211111111112,653.7666666666668,3504.2,677.6888888888889,1023.6888888888888,1295.2555555555555,1599.1555555555556,2735.0000000000005,4220.988888888889,4037.022222222222,2735.0000000000005,4220.988888888889,4822.299999999999,294.29999999999995,519.9444444444445,661.8555555555555,9572.044444444444,14484.855555555556,15786.611111111111,6899.999999999999,10035.0,11537.255555555554,1282.4,1997.7111111111112,2206.466666666667,6810.8,10042.944444444445,11638.233333333334,4664.022222222222,6497.322222222221,8093.655555555555,4013.5,5786.211111111112,6436.933333333333,5177.2555555555555,7839.311111111111,8900.866666666667,4837.066666666667,7847.944444444444,8901.144444444444,4049.8999999999996,6406.711111111112,6618.477777777777,6900.1,10439.511111111111,11514.944444444443,1.2077635800548823,0.3897842365158897,0.67898579129006,0.39772176063778697,0.3601307718566014,0.4267457177924348,0.34068876474495563,12.0
3130,1498.7222222222222,1297.2333333333331,789.5555555555555,27774.533333333333,21873.62222222222,14537.233333333334,2198.1,1338.5444444444447,1011.5111111111112,69078.15555555555,55582.03333333333,34176.3,7124.122222222222,5731.5,3494.8444444444444,1487.9222222222224,1228.6999999999998,796.1999999999999,195.58888888888887,107.8777777777778,137.46666666666667,4944.777777777777,3991.844444444445,2353.266666666667,4935.433333333333,3986.6222222222227,2351.044444444445,285.47777777777776,287.17777777777775,214.1222222222222,174.93333333333334,149.5666666666667,111.67777777777776,65.77777777777777,90.21111111111112,108.01111111111112,32.8,65.03333333333333,25.700000000000003,703.4888888888888,387.58888888888885,434.15555555555557,11743.066666666668,9816.188888888888,5752.988888888889,11615.988888888889,9728.388888888887,5715.122222222222,525.5666666666667,469.3444444444445,330.6666666666667,3738.722222222222,17001.92222222222,14029.044444444444,24256.444444444445,59390.188888888886,45105.677777777775,4068.3333333333335,9316.077777777777,6507.311111111111,1992.5777777777778,5887.2,4208.155555555556,1071.7333333333333,1864.2333333333331,1653.111111111111,1185.4,2180.788888888889,1801.1111111111109,3419.3777777777777,4577.666666666667,4816.633333333334,3241.633333333333,3456.6222222222223,2865.1000000000004,3257.855555555556,5455.055555555557,4649.933333333333,3505.8777777777777,5759.544444444445,5792.066666666667,3861.6000000000004,6366.344444444445,5792.066666666667,666.3444444444444,2605.133333333333,1461.966666666667,931.9000000000001,1495.9444444444443,1571.2222222222222,2568.9555555555553,4089.4444444444443,4862.355555555555,2568.9555555555553,4089.4444444444443,4862.355555555555,343.6444444444444,397.06666666666666,686.1888888888889,9529.288888888888,14463.900000000001,17213.32222222222,6955.633333333334,10037.522222222222,11976.7,1270.0111111111114,2000.5888888888887,2542.9555555555557,6708.955555555555,10113.93333333333,11717.388888888889,4610.2555555555555,6482.477777777777,8110.600000000001,4269.944444444444,5811.377777777777,6473.844444444444,5164.799999999999,7932.822222222221,8894.166666666666,5167.366666666667,7932.822222222221,8894.166666666666,4116.033333333334,6470.555555555557,6659.611111111111,6918.188888888889,10510.81111111111,11553.033333333333,1.2189775149364066,0.4020740436677683,0.6725979085093845,0.39353763996079466,0.3320173844677153,0.4253600692097545,0.340478266444416,12.0
3131,1480.111111111111,1306.0777777777778,741.9333333333333,26169.033333333333,21963.499999999996,14261.9,2104.7444444444445,1265.6888888888889,1000.8999999999999,66595.35555555555,55431.69999999999,33898.61111111111,6908.588888888889,5700.411111111111,3466.4777777777776,1453.2555555555557,1215.8555555555556,791.4000000000001,173.39999999999998,130.3777777777778,128.8777777777778,4813.466666666666,4002.8888888888887,2433.4666666666667,4789.9222222222215,4002.8888888888887,2433.3999999999996,242.0,259.72222222222223,192.01111111111112,148.98888888888888,162.23333333333335,150.10000000000002,108.5111111111111,123.71111111111112,85.27777777777777,28.833333333333332,35.84444444444444,37.77777777777778,384.7111111111111,592.6444444444445,525.0333333333333,11242.855555555554,9812.866666666667,5694.022222222223,11165.744444444445,9693.41111111111,5656.633333333333,491.81111111111113,565.9,391.79999999999995,3691.6888888888893,17454.355555555554,13925.655555555557,29841.68888888889,59625.19999999999,44596.03333333333,4279.833333333333,9036.155555555557,6864.466666666667,1557.1555555555558,5383.388888888889,3794.0,827.8666666666667,1706.8333333333333,1668.1444444444446,1175.7333333333333,2045.3222222222223,1668.1444444444446,3721.9555555555553,5725.533333333334,5026.233333333334,3445.522222222222,6133.233333333334,2442.233333333333,2989.788888888889,6122.5777777777785,4883.055555555555,3428.711111111111,6420.588888888889,6029.288888888888,3807.4666666666662,6420.588888888889,6029.288888888888,817.8333333333334,2198.811111111111,745.9555555555555,1049.0888888888887,1405.3888888888891,1082.4888888888888,2417.777777777778,4170.066666666666,3645.1222222222223,2417.777777777778,4170.066666666666,4824.066666666667,292.1777777777778,407.6666666666667,596.0000000000001,9295.388888888889,14396.277777777777,15505.344444444445,6707.077777777778,10193.144444444444,11127.144444444444,1329.388888888889,1943.9444444444443,2141.355555555556,6727.155555555556,10108.444444444443,11613.344444444443,4506.666666666667,6388.888888888889,7863.4333333333325,4192.677777777779,5393.011111111111,6260.299999999999,5104.122222222222,7876.844444444445,8702.866666666667,5115.655555555556,7919.122222222223,8702.866666666667,4038.1111111111113,6286.633333333333,6593.988888888889,6732.777777777777,10437.733333333332,11410.28888888889,1.2012132658367052,0.3929558317547003,0.6733275962536612,0.39622634701804205,0.36481829562709917,0.4207222518130045,0.32748706418831,12.0
3132,1450.4333333333332,1296.1222222222223,774.911111111111,25989.788888888885,22043.077777777777,14347.088888888888,2085.4555555555557,1495.9,1002.9888888888888,66326.04444444444,55115.88888888889,33648.899999999994,6843.422222222222,5665.18888888889,3435.655555555555,1440.5333333333333,1222.6555555555556,720.0222222222222,144.45555555555555,119.33333333333333,117.86666666666669,4829.0,3954.3888888888887,2507.7333333333336,4801.388888888888,3946.9444444444443,2507.7333333333336,244.05555555555554,236.9777777777778,210.43333333333334,203.72222222222223,213.34444444444443,122.1888888888889,58.099999999999994,83.86666666666666,67.27777777777777,22.455555555555556,63.388888888888886,28.855555555555554,655.9222222222222,415.7444444444444,613.7666666666667,11234.833333333334,9912.8,5724.3,11200.055555555555,9793.81111111111,5661.488888888889,488.35555555555555,633.8222222222222,247.53333333333336,3864.8888888888887,16628.444444444445,13304.81111111111,29465.599999999995,58796.07777777777,44561.677777777775,4052.8666666666663,8756.355555555556,6819.566666666667,1758.244444444444,5492.9222222222215,4060.2000000000003,611.5555555555555,1228.6777777777777,1508.2555555555557,1111.8999999999999,2046.5888888888887,1780.277777777778,3482.0444444444447,5827.355555555555,5029.966666666667,2745.511111111111,4249.844444444444,2819.8444444444444,3172.0444444444447,5856.944444444443,4989.299999999999,3587.322222222222,6441.588888888889,6129.233333333334,3942.8999999999996,6441.588888888889,6129.233333333334,535.1555555555556,2573.755555555556,539.8777777777779,1031.0555555555557,1477.5555555555557,1202.9555555555555,2670.188888888889,4224.922222222222,4065.266666666667,2670.188888888889,4224.922222222222,4460.966666666666,331.96666666666664,578.2777777777778,618.8888888888889,9278.244444444446,14386.22222222222,15462.21111111111,6661.422222222222,10292.8,11408.844444444443,1309.1555555555553,1995.111111111111,2109.6888888888893,6672.466666666666,10066.8,11566.6,4453.944444444444,6529.433333333333,7896.477777777778,4236.022222222222,5116.444444444444,6677.111111111111,5119.566666666667,7964.911111111111,8633.5,5119.566666666667,7972.555555555556,8633.699999999999,4025.9333333333334,6324.788888888888,6616.2555555555555,6716.033333333334,10379.322222222221,11387.388888888889,1.2071308988050897,0.3918489200823406,0.6807771324415336,0.3999405293492701,0.3661500187913329,0.42637616352656077,0.3284732715271238,12.0
3133,1429.2666666666664,1284.111111111111,756.8111111111111,25968.744444444445,22041.67777777778,14264.055555555555,2128.588888888889,1434.822222222222,1023.3999999999999,66420.03333333334,55219.35555555556,33844.788888888885,6888.266666666667,5636.2555555555555,3451.844444444445,1455.1111111111113,1189.2222222222222,714.911111111111,194.55555555555554,112.98888888888888,99.78888888888888,4817.455555555555,4021.4444444444443,2475.4333333333334,4795.333333333333,4021.4444444444443,2475.4333333333334,247.76666666666668,277.02222222222224,176.68888888888887,185.83333333333334,170.05555555555554,70.37777777777778,97.72222222222223,85.61111111111111,105.45555555555555,29.299999999999997,56.3,41.800000000000004,568.7888888888889,324.9777777777778,693.9333333333333,11280.722222222223,9821.500000000002,5711.044444444445,11206.477777777776,9703.599999999999,5682.799999999999,464.5111111111112,529.588888888889,303.9555555555556,3433.633333333333,17738.744444444445,13752.177777777779,29614.766666666663,58921.75555555556,44400.899999999994,3909.266666666667,9098.355555555556,6720.388888888889,2285.7,5459.755555555555,3818.3333333333335,693.1333333333334,1820.4666666666667,1605.1555555555556,1094.5222222222224,2330.8,1750.4222222222222,3680.5999999999995,5603.2555555555555,5600.455555555556,2199.833333333333,3480.588888888889,2790.7111111111108,3455.1666666666665,5288.799999999999,4947.211111111111,4015.0777777777776,6355.655555555556,5915.333333333333,3999.733333333333,6355.655555555556,5915.333333333333,731.1666666666667,2217.7000000000003,1024.8666666666666,1017.5999999999999,1203.588888888889,1472.7,2444.555555555556,4374.077777777778,3621.3111111111116,2444.555555555556,4374.077777777778,4402.322222222222,360.9555555555555,507.7555555555555,688.5777777777778,9325.255555555555,14579.711111111113,15705.055555555555,6524.644444444444,10353.244444444445,11341.388888888889,1357.0555555555557,2003.2666666666664,2089.288888888889,6699.766666666666,10111.844444444445,11532.58888888889,4519.933333333333,6511.333333333333,7844.155555555555,4339.722222222223,5393.455555555556,6301.644444444445,5157.8,7829.522222222222,8736.777777777777,5157.8,7847.911111111111,8736.777777777777,4019.8111111111116,6417.7555555555555,6641.633333333334,6750.166666666667,10461.1,11445.72222222222,1.2017341198870926,0.3909775882544138,0.6655550254768039,0.3991657917050825,0.36184526567878,0.42145500160700927,0.32705233761064717,12.0
3134,1467.1666666666667,1278.9444444444443,803.4777777777778,26543.933333333334,21995.666666666668,14355.366666666667,2080.5666666666666,1258.3,992.811111111111,66473.55555555556,55071.22222222222,33736.92222222222,6880.311111111111,5710.666666666668,3449.355555555556,1468.411111111111,1178.0111111111112,758.0666666666667,204.46666666666667,110.02222222222223,109.13333333333334,4797.066666666667,3957.1777777777775,2459.255555555556,4781.7,3957.1777777777775,2456.9222222222224,328.7444444444444,285.9666666666667,191.07777777777778,228.5,155.93333333333334,110.19999999999999,563.5888888888888,111.65555555555555,119.23333333333335,38.211111111111116,57.93333333333333,59.522222222222226,541.9555555555556,491.86666666666656,499.9777777777778,11310.88888888889,9837.466666666667,5708.955555555555,11223.766666666666,9727.144444444442,5673.2444444444445,492.6333333333333,558.8,298.44444444444446,3748.9444444444443,17484.466666666667,13772.988888888889,29176.155555555557,58764.311111111114,44372.14444444444,4262.511111111111,9438.777777777777,7193.166666666667,2059.277777777778,5660.122222222222,4656.144444444445,904.4555555555556,1385.5222222222221,1383.0111111111112,1138.1333333333334,2062.2888888888892,1656.388888888889,3488.3222222222225,6514.233333333334,5788.111111111111,2823.8888888888887,5281.299999999999,2941.4666666666667,3142.5777777777776,5724.044444444445,5102.133333333333,3979.6222222222223,6588.733333333334,5442.7444444444445,3979.6222222222223,6588.733333333334,5442.7444444444445,868.9222222222221,2529.2777777777783,695.7444444444445,1171.1555555555556,1293.822222222222,1264.4333333333334,4241.944444444444,4232.277777777777,4091.5,4241.944444444444,4232.277777777777,4504.866666666666,845.388888888889,473.9111111111111,598.4666666666667,9324.400000000001,14423.511111111111,15628.611111111111,6745.4111111111115,10251.366666666667,11447.733333333332,1283.788888888889,1960.2333333333331,2067.633333333333,6746.711111111112,10106.944444444445,11419.077777777777,4566.122222222222,6589.177777777778,7879.911111111111,4440.333333333333,5652.022222222223,6330.677777777778,5201.166666666667,8017.866666666667,8634.633333333335,5207.5,8017.866666666667,8660.088888888891,4079.1222222222227,6320.211111111112,6586.655555555557,6726.533333333333,10441.188888888888,11494.322222222221,1.2036985400311724,0.399315684432573,0.6743950463594932,0.39940400410781196,0.36300375024438797,0.4255090779208931,0.3284913636928556,12.0
3135,1494.9777777777779,1288.8555555555556,776.311111111111,26498.4,21884.67777777778,14214.522222222222,2116.511111111111,1426.0777777777778,990.1111111111111,66243.44444444444,54850.477777777785,33625.65555555555,6842.000000000001,5700.166666666667,3418.6222222222223,1438.9555555555555,1198.9555555555555,735.1444444444446,180.13333333333333,128.74444444444444,105.17777777777778,4797.088888888889,4022.744444444445,2411.0333333333333,4780.477777777778,4020.022222222223,2400.066666666667,283.22222222222223,282.8777777777778,200.63333333333333,170.9777777777778,203.25555555555556,113.3111111111111,64.16666666666667,55.49999999999999,109.75555555555556,32.06666666666667,69.3,37.58888888888889,511.14444444444445,392.50000000000006,267.05555555555554,11358.900000000001,9772.944444444445,5725.7444444444445,11254.822222222221,9672.3,5712.9,529.9000000000001,478.20000000000005,325.6333333333333,3638.3444444444444,16757.333333333332,13533.411111111112,29279.400000000005,59385.61111111111,44545.43333333333,4290.599999999999,8568.144444444444,6609.022222222223,2094.688888888889,5474.922222222222,4490.988888888889,594.9999999999999,941.1666666666665,1425.288888888889,1128.1000000000001,1963.7666666666669,1753.6333333333334,4873.6,6060.988888888889,5612.533333333334,3678.211111111111,4947.4,3384.9444444444443,3114.5333333333333,5978.833333333333,4923.955555555556,3120.266666666667,6363.2555555555555,5478.01111111111,3887.5666666666666,6363.2555555555555,5478.01111111111,469.4777777777778,2249.1666666666665,525.5777777777778,1015.5999999999999,1608.8333333333333,887.8555555555555,2488.477777777778,4263.477777777777,4356.333333333332,2488.477777777778,4263.477777777777,4746.511111111111,340.4555555555556,519.8444444444444,663.2000000000002,9371.41111111111,14374.233333333334,15598.644444444442,6633.222222222223,9826.555555555555,11614.488888888889,1255.8666666666666,2022.6555555555558,2117.922222222222,6710.7,10116.055555555555,11683.555555555555,4519.177777777779,6547.122222222222,7917.555555555556,4383.711111111112,5913.222222222222,6336.299999999999,5152.822222222221,7787.0666666666675,8737.366666666665,5172.355555555555,7787.0666666666675,8748.188888888888,4014.022222222222,6364.766666666666,6691.333333333333,6738.377777777777,10390.91111111111,11392.888888888889,1.2009741210561198,0.40001543129634637,0.6728915397226982,0.3989879152273159,0.3662433630272716,0.4227284788169351,0.32661556746633313,12.0
3136,1431.4666666666665,1279.8999999999999,760.2222222222222,26206.866666666665,21741.688888888886,13923.266666666668,2096.855555555556,1495.6999999999998,1039.822222222222,66181.38888888889,54886.711111111115,33647.600000000006,6852.766666666667,5670.411111111111,3495.4555555555557,1444.5333333333335,1257.8444444444442,783.7222222222222,184.95555555555558,192.45555555555558,140.48888888888888,4735.233333333334,4014.233333333333,2457.755555555556,4726.544444444444,4014.233333333333,2457.755555555556,249.54444444444445,256.67777777777775,152.94444444444446,162.48888888888888,178.85555555555555,101.7,74.04444444444445,90.24444444444445,45.455555555555556,47.088888888888896,61.75555555555555,36.85555555555556,368.22222222222223,616.6666666666667,691.8111111111111,11334.0,9765.5,5680.222222222223,11201.58888888889,9664.055555555555,5636.844444444445,586.2444444444444,520.6444444444445,308.84444444444443,4267.588888888888,17172.544444444447,13684.466666666667,29480.977777777778,59859.25555555556,44301.822222222225,4579.266666666666,8782.011111111111,6743.566666666667,1696.788888888889,5617.688888888889,4934.855555555555,942.5666666666667,1127.6888888888889,1520.8222222222223,1163.0555555555557,1902.5222222222224,1823.2111111111108,3657.3222222222216,6231.033333333334,5191.133333333333,3351.688888888889,3050.322222222222,3508.9555555555557,3039.511111111111,5848.855555555556,5029.866666666666,3359.911111111111,6476.299999999999,5846.500000000001,3677.277777777778,6476.299999999999,5846.500000000001,438.37777777777785,2353.433333333333,745.811111111111,919.9888888888888,1337.888888888889,1489.8000000000002,2874.633333333333,4222.611111111111,4618.977777777778,2874.633333333333,4222.611111111111,4618.977777777778,355.6222222222222,487.28888888888895,758.3888888888889,9269.822222222223,14346.966666666667,15760.622222222222,6648.233333333334,10215.255555555555,11449.400000000001,1276.2666666666667,2009.2777777777778,2152.9111111111106,6733.4,10016.81111111111,11702.744444444445,4567.644444444444,6648.599999999999,7951.455555555556,4114.588888888889,5361.155555555556,6168.122222222222,5163.033333333334,7834.4333333333325,8738.022222222222,5168.044444444446,7855.51111111111,8757.111111111111,4061.1222222222227,6427.222222222223,6664.588888888889,6793.377777777778,10424.78888888889,11455.311111111114,1.2083930651912298,0.39598544404477587,0.6735957349095085,0.39611936020133587,0.35765367413582094,0.41379672448158755,0.3304787526419388,12.0
3137,1487.5777777777776,1334.9555555555555,728.8888888888889,26809.355555555554,21959.655555555557,14450.888888888889,2091.4888888888886,1191.3111111111111,1003.1111111111111,66286.33333333333,54932.76666666667,33639.58888888888,6867.844444444444,5680.322222222222,3429.5555555555557,1435.5333333333333,1250.0222222222221,768.8444444444444,174.84444444444443,138.0666666666667,131.39999999999998,4818.377777777778,3992.6111111111113,2465.355555555556,4790.288888888888,3986.977777777777,2458.833333333333,302.78888888888895,327.6333333333334,198.83333333333334,143.77777777777777,150.46666666666664,106.22222222222223,60.35555555555556,83.61111111111111,58.8111111111111,40.32222222222222,65.17777777777778,37.577777777777776,488.6111111111111,409.71111111111105,537.6222222222223,11377.044444444444,9850.433333333332,5744.466666666665,11288.400000000001,9748.833333333334,5712.9222222222215,622.2444444444445,593.188888888889,259.31111111111113,4219.033333333333,17090.711111111115,13448.322222222221,29452.322222222218,59481.31111111111,44324.67777777778,4472.422222222222,8713.866666666667,5638.622222222222,1935.3666666666666,5470.477777777777,4478.622222222222,836.8333333333334,1197.711111111111,1321.6888888888889,1170.1222222222223,1828.1888888888889,1785.511111111111,3907.6666666666665,5569.1,5460.488888888888,3383.9555555555553,3479.644444444444,2307.777777777778,2639.366666666667,5797.433333333333,4698.099999999999,3850.3777777777777,6761.166666666667,5694.2444444444445,3850.3777777777777,6761.166666666667,5694.2444444444445,487.26666666666665,1296.211111111111,1061.7,985.8888888888889,1479.288888888889,1124.4333333333334,2584.3222222222225,4047.1333333333337,2243.9111111111106,2584.3222222222225,4047.1333333333337,4169.888888888889,300.4222222222222,480.4333333333333,718.6555555555556,9554.422222222223,14462.355555555556,15876.822222222221,6662.233333333334,10297.522222222224,11758.577777777778,1232.2222222222222,1958.2111111111112,2157.244444444444,6600.833333333332,10038.544444444444,11787.177777777779,4519.9,6617.488888888889,7888.099999999999,4117.422222222222,5374.700000000001,6173.644444444444,5133.5888888888885,7834.377777777779,8512.622222222222,5140.599999999999,7849.933333333334,8523.744444444446,3981.3111111111107,6405.944444444443,6690.0,6817.9222222222215,10397.733333333334,11471.144444444444,1.1814843155816155,0.40444770750464737,0.6740833673936627,0.39975513501454,0.35982781329037294,0.42957983037842656,0.32794377430775,12.0
3138,1424.711111111111,1268.5777777777778,765.0666666666667,26410.655555555557,21929.300000000003,14425.000000000002,2057.655555555555,1431.877777777778,990.8777777777777,65979.02222222222,54577.35555555555,33522.711111111115,6773.444444444443,5602.911111111111,3382.188888888889,1490.0444444444445,1210.711111111111,801.7000000000002,241.88888888888889,144.01111111111112,126.84444444444446,4842.011111111111,3962.233333333333,2413.611111111111,4834.100000000001,3962.233333333333,2413.611111111111,296.32222222222225,253.35555555555553,199.64444444444447,164.64444444444445,361.3222222222222,106.7888888888889,57.300000000000004,125.22222222222223,92.82222222222224,32.27777777777778,54.199999999999996,20.255555555555553,670.3222222222223,405.27777777777777,623.1777777777778,11284.244444444446,9705.111111111111,5742.144444444445,11222.955555555556,9651.777777777777,5701.044444444445,438.5444444444445,501.12222222222226,229.47777777777776,4319.7555555555555,17728.699999999997,12455.766666666668,28999.88888888889,59229.01111111111,44173.955555555556,4714.377777777778,8637.855555555556,6866.944444444444,2028.9555555555557,5202.7555555555555,4538.788888888888,747.9444444444445,1164.4333333333332,1470.5333333333335,1207.9555555555555,1774.3555555555554,1764.0111111111112,4093.0888888888894,5670.544444444444,4693.888888888889,2996.7999999999997,3046.0444444444447,3605.3999999999996,2834.9111111111106,5583.155555555555,3627.866666666667,3402.511111111111,6458.866666666667,5759.544444444445,3725.0888888888894,6458.866666666667,5759.544444444445,610.1999999999999,2256.9444444444443,1302.3333333333333,822.0555555555555,1707.5666666666666,998.8777777777777,2657.855555555556,4513.311111111111,3575.2999999999997,2657.855555555556,4513.311111111111,4777.355555555555,383.1,560.0777777777778,671.2888888888889,9494.211111111112,14403.966666666667,15842.144444444442,6666.211111111112,9789.5,11470.522222222222,1295.4555555555553,1959.9444444444443,2141.3111111111116,6740.333333333333,10054.044444444446,11627.066666666666,4485.7444444444445,6607.833333333333,7922.111111111111,4303.988888888888,5625.922222222222,6355.700000000001,5103.833333333333,7791.588888888889,8844.72222222222,5117.266666666666,7801.655555555555,8844.72222222222,3994.3999999999996,6366.077777777778,6698.733333333334,6851.233333333334,10404.788888888888,11515.166666666666,1.182084053557782,0.4002886776133559,0.6700777640727053,0.40180217192233986,0.35986570280538627,0.43030529219991487,0.32627695055017203,12.0
3139,1451.5666666666666,1307.0888888888887,711.7555555555556,25757.144444444442,21846.32222222222,14392.311111111114,2149.133333333333,1468.7777777777778,959.2999999999998,66030.59999999999,54728.933333333334,33555.26666666667,6847.344444444444,5619.455555555555,3426.2888888888892,1476.7444444444445,1227.8444444444444,725.4666666666667,201.14444444444445,152.3,94.71111111111111,4815.455555555554,4011.6777777777775,2378.7888888888892,4802.033333333333,4011.6777777777775,2372.9333333333334,252.64444444444447,258.9666666666667,201.58888888888887,210.22222222222223,167.17777777777778,102.44444444444444,114.15555555555557,46.58888888888889,103.43333333333334,26.61111111111111,39.41111111111111,39.522222222222226,696.4,472.4777777777778,547.5666666666667,11283.633333333335,9678.322222222223,5720.733333333334,11203.855555555558,9611.177777777777,5680.666666666667,494.1000000000001,460.8333333333333,359.0777777777778,3761.3555555555554,17401.6,13674.58888888889,29174.92222222222,59341.84444444444,44214.17777777778,4608.488888888889,8967.511111111111,7205.555555555556,2090.955555555556,5342.777777777777,4344.444444444444,904.2,1701.2444444444443,945.6444444444444,1298.8999999999999,1856.2111111111112,1654.7222222222224,4101.222222222223,6033.366666666667,5320.011111111112,2693.422222222222,4401.622222222222,2432.9666666666667,2915.133333333333,5653.388888888889,4521.777777777777,3285.9888888888886,6556.188888888889,5907.2444444444445,3653.8444444444444,6556.188888888889,5907.2444444444445,1170.333333333333,1799.9444444444443,1144.1444444444446,1052.6999999999998,1567.1333333333334,1572.4444444444446,2649.077777777778,4237.5,4304.788888888888,2649.077777777778,4237.5,4708.155555555556,285.1888888888889,554.9666666666667,797.1666666666666,9485.211111111112,14462.0,16036.055555555555,6697.844444444445,10437.21111111111,11733.911111111112,1269.0888888888887,2020.2444444444445,2114.722222222222,6717.922222222222,10144.27777777778,11746.955555555554,4535.677777777779,6653.177777777779,7993.2444444444445,4440.055555555556,5909.344444444445,6421.188888888889,5128.366666666666,7991.033333333334,8754.422222222223,5129.111111111111,7993.311111111111,8773.044444444446,4010.6888888888884,6390.766666666666,6691.044444444445,6842.155555555556,10377.666666666666,11609.455555555556,1.1811920076751061,0.39007890954261276,0.6645815086279752,0.3991731775433023,0.3542433890295827,0.42891362640870423,0.3271154976253729,12.0
3140,1402.4,1209.3111111111111,729.2666666666668,26537.644444444442,21805.544444444444,14429.033333333333,2098.0555555555557,1375.011111111111,978.2333333333333,66436.21111111112,54590.68888888889,33538.700000000004,6883.1,5631.466666666667,3432.577777777778,1442.1222222222223,1194.9222222222222,767.2888888888889,177.14444444444445,127.02222222222223,121.14444444444445,4648.822222222221,3960.5666666666675,2471.0555555555557,4625.322222222222,3960.5666666666675,2471.0555555555557,250.9555555555556,245.67777777777778,291.6,165.61111111111111,207.82222222222222,140.9111111111111,66.80000000000001,77.04444444444445,100.06666666666666,49.83333333333334,42.24444444444444,43.9,385.26666666666665,385.73333333333335,519.6555555555556,11444.177777777779,9740.877777777778,5699.466666666666,11328.244444444445,9654.677777777779,5659.2555555555555,597.3222222222223,566.9111111111112,398.8333333333333,3444.3444444444444,17192.211111111115,13550.822222222221,26640.944444444445,58765.24444444444,44053.86666666667,4781.0,9329.666666666666,7206.977777777778,1069.6,5395.900000000001,4686.700000000001,1637.5888888888887,832.9888888888888,1406.0222222222224,1630.5333333333333,1681.4111111111113,1682.3555555555556,3856.633333333333,7014.933333333333,5638.522222222222,2724.0555555555557,4935.377777777778,2964.9,2646.3555555555554,5988.233333333334,4726.299999999999,3614.0222222222224,6549.7444444444445,6027.988888888889,4002.3777777777777,6549.7444444444445,6027.988888888889,809.9333333333333,1417.6888888888889,792.5222222222224,920.4000000000001,1635.2444444444443,1277.4333333333334,2700.188888888889,4275.2555555555555,4309.511111111111,2700.1555555555556,4275.2555555555555,4681.922222222222,369.4777777777778,497.14444444444445,603.4777777777778,9446.866666666667,14395.066666666666,16105.955555555556,6755.555555555556,10156.433333333334,11768.366666666665,1287.6,1973.4111111111113,2135.855555555556,6721.1,10103.0,11849.8,4624.4111111111115,6687.1,8001.755555555555,4295.188888888889,5417.444444444444,6212.944444444444,5064.211111111112,8033.288888888889,8682.488888888889,4687.711111111111,8033.288888888889,8682.488888888889,3989.6222222222223,6438.677777777778,6735.011111111111,6779.622222222223,10414.211111111112,11534.633333333335,1.1991536288340168,0.3994454831275915,0.6706935091960519,0.3994370631377512,0.351376578436134,0.43022041204141276,0.33371531354754314,12.0
3141,1519.5555555555557,1251.6888888888889,730.9,29231.222222222223,23153.333333333332,15137.800000000001,2021.3555555555556,1397.6888888888889,932.1222222222223,64732.055555555555,52597.23333333334,32011.222222222223,6693.644444444445,5374.611111111111,3229.4555555555557,1436.8333333333335,1089.4111111111113,760.1666666666665,181.31111111111113,69.68888888888888,130.25555555555556,5128.7444444444445,4415.511111111111,2526.5222222222224,5094.966666666667,4415.511111111111,2526.5222222222224,315.7555555555556,268.73333333333335,227.42222222222222,191.07777777777778,194.65555555555557,126.82222222222224,114.43333333333332,48.01111111111111,44.88888888888889,32.644444444444446,84.21111111111112,54.766666666666666,661.0999999999999,427.26666666666665,625.3666666666666,12433.222222222224,11040.900000000001,6091.377777777778,12374.177777777777,11040.900000000001,6062.988888888888,640.6666666666666,1059.5222222222221,306.9888888888889,3633.422222222222,17490.566666666666,13843.066666666666,28137.411111111112,56689.51111111112,42186.1,3989.288888888889,9327.733333333332,7236.777777777777,1075.0888888888887,5415.344444444444,4877.522222222222,955.7555555555555,1113.3666666666666,1079.0333333333333,1187.3555555555556,1919.5,1705.4666666666665,3603.355555555556,7031.322222222222,5346.377777777778,2476.633333333333,3520.911111111111,2402.4666666666667,2887.277777777778,5850.855555555555,4316.0,3947.5888888888885,6197.31111111111,5931.133333333333,3947.5888888888885,6785.7444444444445,5931.133333333333,860.9444444444445,2901.688888888889,383.06666666666666,1069.1,1581.6333333333334,1506.9666666666665,2971.8777777777777,4130.933333333333,4571.288888888889,2971.8777777777777,4130.933333333333,4571.288888888889,304.7555555555556,575.9555555555556,779.8444444444444,10050.055555555555,19507.86666666667,16552.78888888889,7101.411111111111,10815.277777777777,11895.966666666667,1321.0777777777778,2004.2111111111112,2224.2,7017.233333333334,10395.966666666667,12238.477777777778,4823.5777777777785,6940.522222222222,8251.977777777776,4795.166666666667,5989.433333333333,6698.477777777777,5481.633333333333,8366.822222222223,9145.044444444446,5490.733333333334,8372.1,9145.477777777778,4314.777777777777,6754.222222222223,6999.866666666667,7268.4222222222215,11035.166666666666,12039.322222222221,1.2312546641533215,0.4515725936917739,0.5659716763835444,0.4402005935673422,0.36628201625640794,0.4728904099603959,0.34230795886328647,12.0
3142,1097.525,1041.1625,632.0374999999999,26079.512499999997,21915.65,14405.7875,1693.6374999999998,1092.3249999999998,883.425,55844.1125,48147.6875,29214.8875,5883.2875,4967.6875,3018.8875,1189.5625,1017.6999999999999,685.5875,120.025,105.5625,110.52499999999999,3926.35,3503.125,2057.0,3922.2625,3501.7,2057.0,239.4125,287.48749999999995,260.3125,157.725,222.425,98.05,74.0625,71.8,75.6,28.75,54.525000000000006,33.1,527.4125,637.4625000000001,474.49999999999994,9914.8625,8877.725,5089.1875,9795.05,8817.3,5068.549999999999,477.17499999999995,497.8375,265.1625,3039.9750000000004,15102.900000000001,12617.7625,25219.3375,52491.025,38070.9625,3645.7375,7735.525,5585.0875,1706.4250000000002,3821.6375,3870.6625000000004,931.35,1253.075,1080.25,1035.875,1742.6375,1548.4125,3062.6125,5528.3,4637.1125,2239.2875,3121.7,2419.3500000000004,2363.2625,4900.0875,4257.225,2756.9625,5902.525,4721.3625,3239.4624999999996,5902.525,4721.3625,662.825,921.4374999999999,1065.5875,776.7125,1477.1,1269.6375,2417.5625,3785.0874999999996,2770.225,2417.4875,3785.0874999999996,3863.4125,312.1125,546.1875,454.85,7977.1875,12559.0625,13894.2625,5615.425,8695.0125,10066.275,1108.9625,1684.5375,1927.0125,5791.9125,8799.6875,10363.837500000001,3908.475,5849.450000000001,6993.625,3629.8374999999996,5086.6375,5574.325,4582.0125,6024.975,7908.7625,4585.475,7282.7375,7908.7625,3438.8375,5666.112499999999,5831.225,5736.337500000001,9080.9375,9838.612500000001,1.2278826340737257,0.46700558630956834,0.7020667346786433,0.4551755471122056,0.3647944610230301,0.4930974832608888,0.3179916036491833,11.0
3143,1213.7777777777778,1063.4222222222222,627.3888888888889,23061.844444444447,19543.066666666666,12491.222222222223,1905.8333333333333,1252.5666666666666,892.1111111111111,58535.41111111112,47961.31111111111,29669.466666666667,6081.955555555554,4898.711111111112,3043.9111111111106,1216.9555555555557,1039.888888888889,685.8666666666667,146.0222222222222,118.71111111111112,93.36666666666666,4164.355555555555,3221.3666666666663,2095.666666666666,4152.422222222222,3212.922222222222,2095.666666666666,236.45555555555555,266.58888888888885,204.34444444444443,174.66666666666666,163.49999999999997,108.13333333333334,65.12222222222222,101.52222222222223,88.88888888888887,37.87777777777777,62.71111111111111,50.62222222222222,673.3777777777777,351.70000000000005,531.4777777777778,9829.011111111111,8420.244444444445,5006.166666666667,9759.511111111111,8328.555555555555,4962.211111111112,513.7444444444445,442.9,339.9888888888889,3109.1444444444446,15963.744444444446,12723.27777777778,25984.977777777778,51672.6,39147.28888888889,3593.4222222222215,7864.622222222221,5926.522222222222,1965.5777777777778,4990.355555555555,4049.8777777777773,933.0333333333333,1303.0555555555557,1003.1333333333334,1125.3999999999999,1735.0333333333333,1604.2666666666667,4270.7555555555555,5938.322222222222,5687.322222222222,3099.188888888889,3204.8777777777777,2747.422222222222,2164.2333333333336,4992.5,4136.022222222222,3650.4555555555553,6143.8,5197.355555555555,3650.4555555555553,6143.8,5261.5666666666675,622.7555555555556,930.4333333333333,1107.1333333333334,846.3777777777777,1515.2222222222222,1559.0777777777778,2540.644444444444,3903.8666666666663,1958.1333333333334,2540.644444444444,3903.8666666666663,4121.133333333333,295.8666666666666,659.1444444444445,622.8,8745.122222222222,13320.9,14853.044444444444,6216.266666666667,9183.811111111112,10937.366666666667,1232.2222222222222,1807.8777777777777,1896.6999999999998,6327.144444444445,9217.777777777777,10959.099999999999,4401.488888888888,6136.122222222222,7516.900000000001,3858.5444444444447,5366.877777777779,5756.7555555555555,4751.777777777777,7219.977777777778,8074.822222222221,4751.777777777777,7219.977777777778,8081.411111111111,3608.6111111111113,5645.966666666667,6050.977777777777,6174.9,9318.822222222223,10581.455555555554,1.115994821240031,0.3939810792593353,0.625224688688869,0.4074756551461155,0.3340871381400297,0.4210126984269649,0.32586540674966313,12.0
3301,359.7555555555556,283.06666666666666,150.60000000000002,7072.900000000001,5638.944444444443,3256.366666666667,592.7777777777778,443.1333333333333,255.28888888888892,20411.433333333334,16439.566666666666,8649.044444444444,2250.1000000000004,1817.388888888889,940.0333333333334,520.9888888888888,483.36666666666656,250.9777777777778,51.12222222222222,54.58888888888889,55.63333333333334,1721.0222222222224,1543.8333333333333,878.3222222222222,1720.9444444444443,1543.8333333333333,878.1333333333333,123.28888888888888,145.0888888888889,103.9,126.2777777777778,138.54444444444445,92.69999999999999,76.23333333333333,99.61111111111111,84.83333333333333,33.55555555555556,69.44444444444444,50.35555555555556,349.4,384.49999999999994,278.5444444444445,5793.166666666668,5292.8,3109.911111111111,5729.133333333334,5254.366666666666,3082.366666666667,331.59999999999997,298.5444444444445,148.81111111111107,2300.7555555555555,14473.155555555557,11225.566666666668,8108.733333333334,20013.844444444447,13611.511111111111,2182.3333333333335,3524.133333333333,2064.2,1012.4666666666667,4431.444444444444,4206.377777777777,896.1444444444446,505.21111111111105,1331.8555555555554,1111.411111111111,1726.3000000000002,1601.0333333333333,3310.8777777777777,7064.277777777777,6192.022222222223,1818.4999999999998,1961.4666666666667,1620.2,2731.6,5366.888888888889,4552.166666666667,3045.4333333333334,6403.599999999999,5666.288888888888,3693.8222222222225,6403.599999999999,5666.288888888888,1169.4111111111113,1519.3555555555554,2859.8777777777777,1042.8999999999999,1835.6666666666667,1611.4222222222222,3046.011111111111,4509.033333333333,4316.644444444444,3046.011111111111,4509.033333333333,4706.31111111111,343.2888888888889,502.37777777777774,547.9666666666667,9293.577777777777,14804.855555555558,14753.822222222225,6691.388888888889,10302.511111111111,10501.833333333336,1063.2444444444443,1588.677777777778,1721.388888888889,6710.555555555556,10314.933333333334,10768.811111111112,4668.388888888888,6792.544444444445,7484.111111111111,4481.7444444444445,5985.633333333334,5942.077777777778,3847.5888888888894,5549.211111111111,5857.222222222222,3847.5888888888894,5556.7,5861.988888888889,3191.6333333333337,5019.177777777779,5037.033333333334,5670.466666666666,8946.811111111112,9149.955555555554,0.6164615469224867,0.3465165764938931,0.3549083371296353,0.34301052812286886,0.20891987311762522,0.3765001657215826,0.30037640205035093,12.0
3302,309.79999999999995,319.8777777777778,220.3111111111111,7049.955555555556,5949.777777777777,3389.633333333333,595.7111111111111,419.5777777777778,238.32222222222222,20663.98888888889,16705.899999999998,8793.577777777777,2262.633333333333,1867.9777777777776,990.7333333333333,510.1666666666667,521.0999999999999,354.3333333333333,63.12222222222221,49.544444444444444,74.69999999999999,1763.5444444444447,1588.9333333333334,824.4111111111112,1763.3444444444447,1588.9333333333334,824.4111111111112,113.89999999999999,237.17777777777778,166.67777777777778,124.13333333333334,145.3,74.4888888888889,62.5111111111111,109.76666666666668,89.14444444444445,23.277777777777775,98.88888888888889,36.55555555555556,407.28888888888883,320.6333333333333,297.72222222222223,5746.144444444445,5429.311111111111,3154.2999999999997,5728.733333333334,5379.422222222222,3149.522222222222,194.41111111111113,311.72222222222223,143.85555555555555,2284.0555555555557,14327.322222222221,11712.422222222222,9665.855555555556,21043.044444444444,14299.18888888889,1710.8333333333333,3498.7222222222217,2038.0444444444447,987.3333333333334,5483.422222222222,4400.544444444445,803.0777777777777,1025.5777777777776,1446.0,1130.3444444444444,1517.4444444444443,1706.1888888888889,3526.288888888889,5974.944444444444,5069.188888888889,2010.2555555555555,2017.3111111111111,1550.8111111111111,3291.5444444444443,5344.077777777778,4524.611111111111,2517.9,5807.822222222221,5888.833333333333,3932.7000000000003,6411.644444444445,5888.833333333333,1179.3333333333333,1814.1333333333332,2281.8888888888887,1025.2777777777778,1617.4222222222222,1445.8444444444442,2819.9777777777776,4729.277777777777,4384.377777777777,2819.9777777777776,4729.277777777777,4384.377777777777,317.77777777777777,450.4555555555556,685.3222222222222,9486.900000000001,15002.822222222221,15040.166666666666,6780.844444444444,10233.400000000001,10936.122222222222,1039.7444444444443,1617.6888888888889,1750.1888888888889,6897.555555555557,10355.866666666665,10949.81111111111,4681.566666666667,6848.266666666666,7576.788888888888,4230.411111111111,5992.066666666667,6415.877777777778,3771.8333333333335,5503.644444444445,6038.2555555555555,3771.8333333333335,5512.077777777778,6038.2555555555555,3178.588888888889,4997.544444444445,5043.988888888889,5775.522222222223,9063.955555555556,9346.677777777777,0.6038572487675987,0.34117108722151634,0.3585606856191502,0.356148293583571,0.20940740166147684,0.3854669190394,0.2905087711174493,12.0
3303,298.64285714285717,327.5142857142857,173.7142857142857,7071.057142857143,5780.4857142857145,3466.6857142857143,659.5857142857143,406.6285714285714,214.7571428571428,21004.399999999998,16916.34285714286,8982.128571428571,2321.0428571428574,1849.6428571428569,980.9428571428572,550.3428571428573,443.84285714285716,319.09999999999997,89.24285714285715,45.142857142857146,45.98571428571428,1795.714285714286,1562.3428571428572,865.9428571428572,1795.714285714286,1562.3428571428572,865.9428571428572,132.28571428571428,162.14285714285714,144.04285714285714,114.89999999999999,134.84285714285713,116.95714285714287,93.64285714285714,115.12857142857142,56.3142857142857,42.18571428571429,37.87142857142857,39.60000000000001,236.37142857142857,312.45714285714286,245.7857142857143,5782.0142857142855,5417.257142857144,3153.0142857142855,5754.471428571429,5351.528571428571,3110.628571428571,217.11428571428573,270.6714285714285,188.45714285714286,2927.6428571428573,15105.828571428574,11552.742857142857,7903.357142857143,21146.58571428571,14372.457142857145,2003.9285714285718,3490.585714285714,1832.7714285714287,1529.4714285714288,5459.028571428571,4416.042857142857,697.2285714285715,1317.0714285714287,1623.5714285714287,1147.1142857142859,1892.5571428571432,1623.5714285714287,3915.5714285714284,7858.914285714286,5806.8714285714295,1767.4285714285713,2076.328571428571,1578.0857142857144,3328.7285714285713,5272.071428571428,4629.585714285715,3994.6571428571433,5930.5142857142855,5549.057142857143,3994.6571428571433,6758.657142857142,5549.057142857143,741.8857142857142,4171.085714285714,1606.4428571428573,1074.9571428571428,1725.1285714285714,1564.5142857142857,2723.371428571428,4409.171428571429,4506.414285714285,2723.371428571428,4409.171428571429,4506.414285714285,388.7,383.5,710.0571428571428,9574.557142857142,15241.585714285713,15231.371428571427,6925.871428571429,10291.471428571429,10871.157142857144,1070.2714285714287,1570.3,1761.1857142857145,6872.342857142857,10538.600000000002,11210.628571428571,4715.1285714285705,6898.685714285713,7737.128571428571,4112.157142857143,6332.3,6197.685714285713,3815.257142857143,5657.942857142857,6149.842857142858,3816.3142857142857,5657.942857142857,6150.242857142858,3217.585714285714,5145.642857142857,5189.742857142858,5837.142857142857,9207.457142857142,9473.157142857142,0.6010169810166529,0.3366464713515808,0.35111363553286074,0.3417101298490724,0.20422511433169885,0.3859536953537898,0.29823046069901726,10.0
3304,350.70000000000005,385.7,230.2555555555556,7222.266666666666,5754.055555555555,3344.2999999999997,630.5777777777779,407.3,267.6,20929.155555555553,16935.588888888888,8936.033333333333,2275.288888888889,1867.2444444444445,982.4888888888888,571.0555555555555,482.6111111111111,343.9111111111111,88.5,98.26666666666667,61.911111111111104,1725.4333333333334,1600.0444444444447,881.6666666666666,1725.4333333333334,1600.0444444444447,881.6666666666666,202.47777777777776,213.58888888888887,125.2111111111111,75.42222222222222,112.02222222222221,61.977777777777774,84.69999999999999,58.52222222222221,62.56666666666667,51.25555555555556,81.76666666666667,51.24444444444444,330.75555555555553,351.22222222222223,346.35555555555555,5731.466666666667,5482.444444444444,3154.3888888888887,5703.155555555556,5442.11111111111,3132.722222222222,244.11111111111111,385.2111111111111,245.8777777777778,2599.0666666666666,14717.099999999999,11712.333333333334,8878.966666666667,20473.266666666663,14245.81111111111,1770.4666666666667,3790.755555555556,2302.1444444444446,1785.2444444444445,5103.555555555556,4436.855555555556,983.0666666666667,1049.1999999999998,1421.5333333333333,1202.7333333333333,1756.0333333333333,1698.2444444444445,4052.244444444444,6916.1,5463.177777777778,1303.8444444444444,3097.2,1584.6000000000001,2693.3777777777777,5244.5,4553.966666666666,3327.8888888888887,5729.0777777777785,5748.488888888889,3708.6444444444446,6341.18888888889,5748.488888888889,1043.988888888889,1983.0333333333333,1285.011111111111,976.688888888889,1689.8777777777777,1643.3666666666666,2904.4333333333334,4680.466666666666,4105.233333333334,2904.4333333333334,4680.466666666666,4490.900000000001,393.23333333333335,503.4777777777778,679.811111111111,9602.58888888889,15183.111111111111,15295.055555555555,7014.888888888889,10549.577777777777,10983.755555555554,1082.8555555555554,1632.3888888888891,1814.6333333333334,6839.500000000001,10579.111111111111,11271.455555555556,4830.388888888889,6869.211111111112,7682.666666666667,4166.277777777777,5736.9222222222215,6083.644444444445,3837.6888888888884,5528.866666666666,5474.522222222222,3844.9444444444443,5549.566666666667,5474.799999999999,3186.0,5115.9111111111115,5127.066666666666,5881.333333333333,9126.077777777777,9495.233333333332,0.5939185381719976,0.3450816086437633,0.3584318833791932,0.3397611735444688,0.20481927710843376,0.3742488277796636,0.29090865650020314,12.0
3305,333.5777777777778,343.4111111111111,180.04444444444445,7297.622222222223,5849.4,3510.7333333333336,600.8222222222223,462.14444444444445,207.07777777777775,21032.233333333334,16909.144444444446,8938.633333333335,2307.244444444444,1906.322222222222,1001.6333333333334,517.5222222222222,526.1555555555556,275.2777777777778,47.477777777777774,99.56666666666666,52.86666666666667,1792.2666666666667,1559.2555555555555,827.9888888888888,1792.2666666666667,1559.2555555555555,827.9888888888888,166.29999999999998,214.8222222222222,106.65555555555555,86.57777777777777,125.32222222222221,90.21111111111112,87.13333333333333,89.65555555555554,73.95555555555558,48.25555555555555,54.81111111111111,53.48888888888889,255.44444444444449,329.3444444444445,263.58888888888885,5771.366666666667,5508.844444444444,3094.011111111111,5724.488888888888,5454.0777777777785,3069.766666666667,228.33333333333334,386.4222222222222,146.24444444444444,3133.822222222222,14773.011111111111,11856.644444444444,9116.27777777778,20920.322222222218,13993.388888888887,958.3666666666668,3457.511111111111,2904.811111111111,998.3666666666666,5382.6,4780.31111111111,790.311111111111,991.7999999999998,1282.9555555555557,1113.8444444444444,1830.2888888888892,1556.6555555555558,4201.955555555555,7067.677777777779,5845.333333333333,1713.3777777777777,2037.477777777778,1658.3666666666666,2407.5555555555557,5167.144444444445,4558.388888888889,3378.255555555555,6676.2444444444445,5335.977777777778,3754.8333333333335,6676.2444444444445,5335.977777777778,928.4444444444445,2655.6555555555556,1517.5666666666666,1060.7666666666669,1679.3666666666666,1362.3666666666668,2835.7444444444445,4366.966666666667,4668.177777777779,2835.7444444444445,4366.966666666667,5070.444444444445,365.23333333333335,474.1333333333333,708.8555555555554,9524.68888888889,15205.522222222224,15135.566666666668,7120.677777777778,10137.322222222223,10946.233333333334,1021.7333333333333,1615.6666666666667,1777.6333333333334,6859.555555555556,10399.155555555555,11157.344444444443,4698.766666666666,6866.477777777777,7654.966666666666,4171.711111111111,6257.111111111111,6135.11111111111,3808.6666666666665,5609.355555555556,6140.522222222222,3808.777777777778,5610.344444444444,6140.855555555555,3145.266666666667,5142.055555555556,5201.955555555555,5802.022222222222,9106.544444444444,9497.755555555555,0.6010158395374826,0.34697324371427773,0.35869059267210673,0.34593116282248326,0.20281808631765796,0.392759519538781,0.3018700338478526,12.0
3307,330.1888888888889,341.1666666666667,188.9,7216.777777777777,6067.933333333333,3341.8,660.8111111111111,350.0666666666667,243.13333333333333,21269.355555555554,16916.42222222222,9004.888888888889,2318.088888888889,1874.6444444444444,967.5555555555555,522.911111111111,533.4444444444445,314.3333333333333,76.9,73.14444444444445,79.47777777777777,1872.4111111111113,1583.6444444444444,929.7222222222222,1872.4111111111113,1583.6444444444444,929.7222222222222,171.10000000000002,224.83333333333334,136.98888888888888,104.14444444444445,134.27777777777777,93.27777777777777,45.03333333333333,73.17777777777778,71.9111111111111,43.233333333333334,59.300000000000004,38.32222222222222,277.8999999999999,327.81111111111113,181.9,5789.222222222223,5349.177777777779,3129.6222222222223,5740.0,5332.144444444445,3112.555555555556,216.95555555555555,252.73333333333332,93.24444444444445,2149.4999999999995,15413.588888888888,11907.1,8388.011111111111,21722.266666666666,14587.855555555554,1485.3555555555556,3955.277777777778,1910.755555555556,1188.288888888889,5539.277777777777,4476.466666666667,833.4666666666667,1462.711111111111,1433.8777777777777,1164.5777777777778,2054.8888888888887,1850.5555555555557,4206.711111111112,7223.688888888889,5994.922222222222,2021.144444444444,2055.777777777778,2070.411111111111,2827.3999999999996,5297.677777777779,4689.877777777777,3755.788888888889,6352.233333333334,5862.722222222223,4066.8777777777777,6352.233333333334,5862.722222222223,636.5666666666667,2284.1,1653.6666666666667,987.2222222222222,1842.5888888888887,1647.9888888888888,2892.777777777778,4509.844444444444,3910.9222222222215,2892.777777777778,4509.844444444444,4282.999999999999,393.2111111111111,533.9666666666667,697.0333333333333,9639.966666666667,15189.566666666668,15063.644444444442,6984.966666666667,10541.4,11116.788888888888,1068.5444444444445,1672.4555555555557,1841.7666666666669,6971.711111111112,10462.71111111111,11248.611111111111,4772.422222222222,6827.344444444444,7645.055555555556,4144.433333333333,6151.611111111111,6251.4222222222215,3918.6888888888884,5654.322222222221,6109.200000000001,3921.0777777777776,5654.633333333333,6110.433333333333,3270.0111111111114,5108.400000000001,5299.822222222222,5793.322222222221,9139.866666666667,9516.766666666668,0.5954377435606624,0.33930401694247647,0.35103993164899006,0.3587007496988463,0.20662699302514964,0.37110952075415826,0.296800672749865,12.0
3308,371.7111111111111,375.43333333333334,181.10000000000002,7530.655555555555,6067.111111111111,3466.766666666667,612.2666666666667,401.3666666666666,235.9888888888889,21337.800000000003,17005.511111111107,9005.2,2370.7222222222226,1935.2444444444445,987.3666666666668,567.6555555555556,499.92222222222216,301.67777777777775,74.48888888888888,108.0222222222222,66.88888888888889,1819.2888888888888,1622.1888888888886,851.7444444444444,1817.0444444444447,1622.1888888888886,851.7444444444444,179.47777777777776,165.07777777777775,145.46666666666667,110.74444444444444,146.67777777777778,72.91111111111111,111.08888888888889,103.54444444444445,67.4,62.888888888888886,76.05555555555556,76.7,290.3666666666667,248.9111111111111,270.5333333333333,5761.9,5341.033333333334,3083.6000000000004,5726.166666666667,5289.322222222222,3064.1000000000004,264.2888888888889,329.55555555555554,142.64444444444445,2519.3777777777777,14531.08888888889,11948.755555555555,8979.144444444444,20426.733333333334,14497.955555555554,1482.988888888889,3680.4222222222224,2395.2222222222226,1191.8333333333333,5439.7,4737.055555555556,1097.822222222222,834.2666666666668,1411.9444444444443,1097.822222222222,1670.0333333333333,1677.6111111111113,4595.577777777778,7086.933333333333,6617.644444444445,2012.8333333333333,2061.3333333333335,1696.7333333333336,3206.0666666666666,5402.388888888888,4816.033333333334,3184.6333333333337,6439.411111111111,5673.299999999999,3870.3888888888887,6439.411111111111,5673.299999999999,755.0888888888888,2196.533333333333,1087.7666666666667,1133.677777777778,1788.6888888888889,1596.4,2764.1222222222223,4779.322222222222,4539.033333333334,2764.1222222222223,4779.322222222222,4539.033333333334,374.5444444444444,482.44444444444446,655.7555555555555,9606.111111111113,15154.044444444444,15229.333333333334,6880.077777777778,10477.599999999999,11119.266666666666,1077.0444444444447,1633.7666666666667,1759.1888888888889,6866.966666666666,10527.244444444445,11081.78888888889,4739.066666666667,6748.377777777777,7678.233333333334,4030.288888888889,6433.811111111111,5906.833333333333,3896.8444444444444,5672.644444444444,6030.5777777777785,3905.3555555555554,5682.7555555555555,6030.5777777777785,3193.4333333333334,5031.622222222221,5046.955555555556,5807.377777777777,9162.366666666665,9505.422222222223,0.5960962350355675,0.3529255853722293,0.3490370007566737,0.35677322907083725,0.2011972509192786,0.3849738669509469,0.30284253795865124,12.0
3309,413.9222222222222,334.0444444444445,180.08888888888887,7332.533333333334,6060.966666666666,3545.9444444444443,656.0444444444445,443.5666666666667,219.56666666666666,21263.61111111111,17053.833333333336,9005.233333333332,2345.0333333333333,1869.011111111111,1022.5222222222221,551.9888888888888,471.62222222222226,336.56666666666666,77.80000000000001,50.077777777777776,62.6888888888889,1753.3000000000002,1718.4444444444443,861.8000000000001,1748.2555555555555,1718.4444444444443,861.8000000000001,169.61111111111111,185.86666666666667,101.75555555555556,78.02222222222223,138.82222222222222,103.55555555555554,66.60000000000001,87.43333333333334,90.75555555555556,62.333333333333336,75.24444444444444,46.94444444444444,326.5222222222221,315.0444444444445,223.0111111111111,5744.611111111112,5344.900000000001,3111.3777777777777,5710.944444444444,5298.98888888889,3092.6000000000004,344.7888888888889,333.3444444444445,125.1888888888889,2046.4444444444443,15812.333333333334,11738.955555555554,6971.744444444444,20644.18888888889,15059.922222222222,1993.6444444444444,3509.088888888889,2162.1888888888893,1648.9888888888888,4829.7555555555555,4235.655555555556,976.6555555555556,837.3222222222222,1019.4666666666666,1149.8777777777775,1822.5777777777778,1708.822222222222,4026.1222222222223,7053.966666666666,5876.688888888889,3001.4222222222215,2143.788888888889,1700.5444444444445,2806.366666666667,5512.277777777777,4847.211111111112,3401.5444444444443,6502.233333333334,5816.577777777778,3788.4333333333334,6502.233333333334,5816.577777777778,493.7333333333333,1849.8555555555552,1607.4666666666667,1147.2222222222222,1822.1999999999998,1681.4222222222224,2736.366666666667,4599.233333333334,4355.7444444444445,2736.366666666667,4599.233333333334,4355.7444444444445,357.4888888888888,480.1666666666667,817.3555555555555,9611.322222222221,15246.577777777778,15343.966666666667,6945.355555555555,10438.0,11130.644444444442,1029.388888888889,1652.0555555555557,1737.8111111111111,6906.511111111111,10547.9,11074.122222222222,4641.322222222222,6865.400000000001,7618.144444444445,4217.3,5961.233333333334,6259.3,3901.277777777778,5615.155555555556,5981.422222222222,3907.488888888889,5628.766666666666,5982.411111111111,3210.4333333333334,5006.877777777777,5076.099999999999,5865.988888888888,9150.622222222222,9458.555555555555,0.5941892605827156,0.34483951455930195,0.3475526748443367,0.3554020112780117,0.20155153274142498,0.39376486018623746,0.2974193475102831,12.0
3310,358.6666666666667,329.8333333333333,110.94444444444444,7232.944444444444,5798.977777777778,3413.677777777778,653.6111111111111,482.4333333333333,222.5666666666667,21308.077777777777,17058.377777777776,9085.71111111111,2350.5777777777776,1914.1555555555558,1011.3555555555554,545.2222222222222,510.79999999999995,273.68888888888887,66.15555555555554,82.56666666666666,68.27777777777777,1795.6444444444444,1562.9333333333334,807.6555555555556,1795.5333333333333,1562.9333333333334,807.6555555555556,162.55555555555554,185.88888888888886,166.6,115.34444444444443,113.24444444444445,145.47777777777776,79.84444444444443,93.26666666666667,71.41111111111111,51.87777777777777,91.41111111111111,53.05555555555556,206.32222222222222,258.88888888888886,304.84444444444443,5683.933333333333,5455.388888888889,3065.3555555555554,5640.0,5401.688888888889,3042.433333333333,233.61111111111111,344.0444444444445,297.1444444444444,2664.155555555555,15187.655555555555,11647.388888888889,6134.866666666666,20759.42222222222,14016.422222222223,1482.5333333333333,3344.788888888889,2522.9999999999995,2101.9555555555553,4974.455555555556,4202.222222222223,1016.8777777777775,1536.4,1612.8222222222223,1117.5222222222221,1860.111111111111,1891.6000000000001,4044.9666666666662,6078.8,6430.688888888889,1895.9555555555553,2080.1222222222223,1629.011111111111,2988.077777777778,5726.455555555555,4795.477777777778,3717.766666666667,6139.222222222223,5704.6,4088.6222222222227,6139.222222222223,5704.6,690.8555555555555,2336.511111111111,681.688888888889,1036.4333333333334,1683.3444444444444,1212.4888888888888,2589.577777777778,4569.299999999999,4665.266666666666,2589.577777777778,4569.299999999999,4665.266666666666,351.72222222222223,492.37777777777774,675.5555555555555,9680.999999999998,15175.21111111111,15170.911111111109,7082.544444444445,10527.666666666666,11130.2,1050.4666666666667,1637.5444444444445,1743.8666666666666,6994.011111111112,10468.166666666664,11052.288888888888,4765.444444444444,6786.1,7639.2444444444445,4377.299999999999,6069.499999999999,5888.2555555555555,3950.0333333333338,5604.7444444444445,6023.4222222222215,3950.633333333333,5620.288888888888,6023.9222222222215,3206.1777777777775,4982.444444444444,5076.344444444444,5811.31111111111,9146.922222222223,9522.111111111111,0.5825844437558104,0.3394461255434168,0.3559547771255608,0.3399489595858406,0.2005438770981308,0.3757193835497497,0.2991749624721181,12.0
3311,340.9888888888888,364.68888888888887,201.08888888888887,7309.822222222221,6148.922222222222,3557.5777777777776,630.4888888888888,441.75555555555553,256.67777777777775,21246.45555555556,17093.800000000003,9047.466666666667,2325.3333333333335,1882.6888888888889,1040.7333333333336,527.0111111111111,494.6333333333333,334.81111111111113,56.96666666666666,62.099999999999994,54.98888888888889,1906.8444444444447,1507.2666666666669,868.6888888888888,1906.8444444444447,1507.2666666666669,868.6888888888888,164.91111111111113,175.0,98.8,147.20000000000002,73.53333333333333,113.02222222222223,68.74444444444444,102.33333333333333,74.1888888888889,38.400000000000006,58.266666666666666,33.92222222222223,299.41111111111115,354.67777777777775,222.18888888888887,5677.066666666667,5276.377777777778,3028.366666666667,5631.477777777777,5275.1,3020.3444444444444,263.26666666666665,494.86666666666656,189.1222222222222,2541.1222222222223,14829.988888888889,12363.266666666666,8483.866666666667,21310.51111111111,14308.488888888889,1085.3777777777777,3072.2,2783.5555555555557,1357.3222222222223,5151.822222222222,4270.7444444444445,1215.6000000000001,1600.177777777778,1691.5666666666666,1215.6000000000001,1909.2666666666669,1823.3000000000002,3623.8222222222225,6672.722222222223,5545.366666666667,1300.6444444444446,1977.9555555555557,1676.411111111111,3072.011111111111,5515.122222222223,4699.911111111111,3789.255555555556,6309.611111111111,5647.588888888889,3789.255555555556,6309.611111111111,5647.588888888889,848.3,1699.9555555555557,1033.6888888888889,1044.177777777778,1681.8555555555556,1577.0222222222221,2851.1222222222223,4293.788888888889,4344.400000000001,2851.1222222222223,4293.788888888889,4344.400000000001,387.5444444444444,466.0222222222223,721.4888888888888,9731.966666666667,15250.033333333333,15188.71111111111,7108.055555555556,10292.288888888888,11211.8,1050.4888888888888,1656.8666666666666,1711.1222222222223,7084.977777777777,10540.633333333333,11056.28888888889,4762.7555555555555,6814.622222222222,7736.711111111112,4179.811111111111,6300.211111111111,6340.355555555555,3911.255555555556,5638.11111111111,6057.2555555555555,3913.4555555555553,5638.211111111111,6058.066666666667,3185.9555555555557,5077.822222222221,5185.422222222222,5841.444444444443,9161.71111111111,9460.366666666667,0.5786577339055597,0.3440490204640668,0.34590744063947404,0.35971651839978364,0.19885455864882107,0.3932125874400691,0.3018015472655728,12.0
3312,337.5111111111111,389.23333333333335,147.8777777777778,7437.022222222222,6149.511111111112,3474.9444444444443,676.9444444444445,397.31111111111113,237.82222222222222,21285.222222222223,17063.91111111111,9055.433333333332,2366.7555555555555,1910.4666666666667,1009.8000000000001,573.9777777777779,457.44444444444446,359.79999999999995,89.86666666666667,40.455555555555556,109.03333333333335,1794.5888888888887,1649.5777777777778,862.7777777777778,1792.5666666666666,1649.5777777777778,862.7777777777778,101.5888888888889,267.53333333333336,163.51111111111112,90.47777777777777,96.56666666666666,175.8,67.67777777777778,55.31111111111111,52.711111111111116,47.64444444444445,104.33333333333333,61.27777777777778,195.91111111111113,399.75555555555553,264.79999999999995,5707.644444444445,5328.4222222222215,3122.311111111111,5667.155555555556,5301.188888888889,3112.0444444444443,302.8333333333333,442.27777777777777,173.91111111111113,2279.655555555555,14956.666666666666,11946.622222222222,6941.855555555555,21224.144444444446,14139.300000000001,1895.0777777777778,3229.0666666666666,1916.5222222222224,1592.9,5412.2,4849.6,1142.888888888889,1150.8666666666666,1318.711111111111,1142.888888888889,1772.8555555555556,1627.6888888888889,4106.8,6404.188888888889,6160.011111111111,1690.211111111111,2050.5333333333338,1657.4111111111113,2292.488888888889,5458.299999999999,4593.388888888889,3541.1555555555556,6351.488888888889,5527.622222222223,3931.1888888888884,6351.488888888889,5527.622222222223,656.6999999999999,2214.5111111111114,2367.3999999999996,987.6444444444444,1574.6666666666667,1590.1333333333332,2751.7,4521.988888888888,4362.044444444445,2751.7,4521.988888888888,4362.044444444445,407.4111111111111,592.2333333333332,679.8555555555555,9694.1,15281.055555555555,15188.222222222223,6959.144444444444,11465.233333333332,11152.988888888889,1056.9333333333334,4633.522222222222,1830.0777777777778,7000.188888888889,18627.111111111113,11090.555555555555,4652.544444444445,9653.933333333332,7710.9333333333325,4322.7555555555555,10070.455555555554,5931.444444444444,3906.1777777777775,6481.7444444444445,6042.2555555555555,3908.022222222223,6481.7444444444445,6042.455555555555,3176.4555555555557,5329.833333333333,5095.222222222223,5821.866666666667,9242.344444444445,9506.77777777778,0.5845984212619589,0.34939838281123575,0.34691248059507235,0.3603811031989541,0.20489853248862422,0.38374137565046895,0.29104145151165384,12.0
3313,371.9,359.88888888888886,194.9888888888889,7210.988888888889,5933.022222222222,3502.288888888889,674.0777777777777,360.3777777777778,229.33333333333334,21296.966666666664,17113.533333333333,9034.655555555557,2324.0666666666666,1900.2888888888888,1042.4333333333334,551.6666666666666,536.6444444444446,304.3777777777778,60.60000000000001,79.26666666666667,66.62222222222222,1858.0,1605.822222222222,847.6444444444445,1855.9888888888886,1605.822222222222,847.6444444444445,143.62222222222223,177.07777777777775,223.70000000000002,141.03333333333333,128.57777777777778,119.76666666666668,72.86666666666667,103.33333333333333,103.73333333333333,53.888888888888886,58.43333333333333,51.23333333333333,217.5111111111111,291.7444444444444,335.2111111111111,5622.888888888889,5320.9222222222215,3039.022222222222,5592.366666666667,5286.266666666666,3035.1000000000004,297.55555555555554,304.1444444444444,178.10000000000002,2661.422222222222,15168.277777777777,12511.522222222222,8358.500000000002,21564.91111111111,14793.01111111111,1545.6,3928.5666666666675,2591.0777777777776,1889.388888888889,5003.955555555555,4690.788888888888,982.4444444444445,1059.1444444444444,1332.111111111111,1170.388888888889,1739.0000000000002,1735.0555555555557,4114.655555555557,5940.055555555557,6039.722222222223,1862.9555555555553,2121.4777777777776,1687.1444444444444,2869.3444444444444,5340.999999999999,4713.511111111111,2424.8444444444444,6704.055555555557,5798.533333333334,3802.977777777778,6704.055555555557,5798.533333333334,642.8555555555556,965.7333333333333,1363.7333333333333,904.0444444444444,1834.5666666666666,1513.2555555555555,2882.9666666666667,4596.7444444444445,4532.31111111111,2882.9666666666667,4596.7444444444445,4532.31111111111,328.4777777777778,499.9333333333334,662.8,9787.27777777778,15256.266666666666,15345.988888888889,7060.233333333334,10676.9,11100.466666666667,1005.2111111111111,1622.2222222222222,1733.8222222222223,7052.5888888888885,10486.311111111112,11140.566666666668,4715.4,6927.0,7747.2444444444445,4346.944444444444,5955.833333333332,5945.277777777777,3943.0888888888885,5654.722222222223,6127.233333333334,3943.0888888888885,5680.433333333333,6131.599999999999,3273.9333333333334,5057.388888888889,5116.933333333333,5780.222222222223,9135.477777777776,9568.8,0.5713914321880444,0.3385922982250472,0.34649805107409415,0.3466859886068076,0.19777806578483415,0.3876505160991195,0.2964099156183352,12.0
3314,370.6555555555555,350.8333333333333,214.6888888888889,7532.9333333333325,6171.577777777778,3543.466666666667,623.4777777777776,401.0555555555556,242.0,21394.566666666666,17098.522222222222,9088.022222222222,2389.7000000000003,1887.9888888888886,974.8666666666668,553.188888888889,457.03333333333336,264.67777777777775,74.95555555555555,43.644444444444446,60.8111111111111,1819.6666666666667,1616.2333333333336,941.1888888888888,1819.6666666666667,1616.2333333333336,941.1888888888888,184.7888888888889,205.11111111111111,194.20000000000002,114.0888888888889,103.4,109.26666666666667,63.77777777777779,85.88888888888889,45.6,50.93333333333334,79.27777777777777,64.8111111111111,309.4888888888889,318.6,256.25555555555553,5703.5,5265.533333333334,3002.0888888888894,5634.422222222222,5229.966666666666,2990.677777777778,256.49999999999994,316.74444444444447,186.43333333333334,2291.922222222222,15087.18888888889,11859.733333333334,6843.499999999999,21377.800000000003,14668.388888888889,1708.0444444444445,4681.733333333334,1220.2777777777778,1993.3999999999999,5205.733333333334,4789.500000000001,810.5666666666666,800.1444444444445,1686.7,1148.5555555555557,1685.7555555555555,1837.4111111111108,4226.866666666666,6996.955555555556,6412.822222222222,1640.4333333333334,2093.3,1609.8555555555556,2629.3333333333335,5423.144444444445,4633.466666666666,3719.222222222222,6377.9111111111115,5851.9222222222215,4115.31111111111,6377.9111111111115,5851.9222222222215,523.7333333333333,3222.6666666666665,1103.7666666666669,1041.7333333333333,1612.0666666666666,1364.7777777777778,2971.8,4631.455555555554,4392.211111111111,2971.8,4631.455555555554,4392.211111111111,361.14444444444445,512.5333333333333,590.4888888888889,9729.91111111111,15288.888888888889,15411.0,7081.9222222222215,10516.844444444445,11156.433333333332,1097.5777777777778,1667.9333333333334,1823.3555555555556,7046.055555555556,10641.400000000001,11212.666666666666,4789.966666666666,6845.388888888889,7617.700000000001,4762.766666666666,5805.877777777778,5953.5,3906.522222222223,5671.877777777778,6111.855555555556,3916.5888888888894,5671.944444444444,6113.9111111111115,3242.7111111111108,5040.377777777777,5203.055555555556,5860.055555555555,9172.155555555555,9505.58888888889,0.579082599818201,0.3520956255248606,0.3420763081395349,0.36094217369012394,0.19406124052804996,0.38990514987981745,0.3065175411814871,12.0
3315,311.56666666666666,311.96666666666664,274.0333333333333,7330.9333333333325,6159.155555555556,3452.988888888889,629.0666666666666,476.8888888888889,249.36666666666665,21386.877777777776,17129.48888888889,9110.988888888889,2436.288888888889,1898.1777777777777,1026.3000000000002,598.8666666666666,485.72222222222223,334.9,89.94444444444444,59.900000000000006,72.45555555555556,1803.0000000000002,1589.7444444444445,856.5222222222222,1802.6222222222223,1589.7444444444445,856.5222222222222,157.86666666666667,162.04444444444442,139.6888888888889,125.08888888888889,104.42222222222223,73.97777777777777,67.34444444444443,105.5,45.65555555555555,41.277777777777786,49.63333333333333,48.27777777777778,211.22222222222223,223.97777777777776,354.6555555555555,5634.166666666667,5243.7555555555555,3022.3333333333335,5592.866666666667,5221.866666666667,3007.433333333333,262.44444444444446,283.9111111111111,137.3,2066.133333333333,15137.866666666669,11913.58888888889,6812.577777777778,21827.022222222222,15148.177777777779,1967.0555555555557,3436.8333333333335,2040.177777777778,1832.0333333333333,5483.766666666666,4284.377777777778,1099.7444444444445,1050.3444444444444,1126.0666666666666,1198.3333333333333,1784.288888888889,1675.8999999999999,3718.8444444444444,7268.7555555555555,6115.6,3519.8333333333335,2536.011111111111,1638.4444444444443,2757.2555555555555,5645.333333333333,4689.922222222222,4016.8444444444444,6341.388888888889,5808.566666666667,4016.8444444444444,6341.388888888889,5808.566666666667,1097.4333333333332,2006.011111111111,1668.6555555555556,1036.888888888889,1821.3222222222223,1496.877777777778,2842.5333333333333,4350.31111111111,4617.166666666667,2842.488888888889,4350.31111111111,4617.166666666667,418.53333333333336,503.6111111111111,535.0333333333333,9601.344444444445,15410.855555555558,15347.18888888889,7146.588888888889,10577.388888888889,11109.477777777778,1043.9222222222224,1703.2444444444443,1762.7222222222222,7058.9,10611.066666666668,11276.233333333334,4802.177777777778,6961.011111111112,7663.233333333334,4357.599999999999,6514.666666666668,5943.277777777777,3939.3111111111107,5727.833333333332,6156.144444444445,3939.488888888889,5728.188888888889,6156.144444444445,3229.766666666667,5049.222222222223,5207.511111111111,5819.18888888889,9209.744444444445,9528.555555555555,0.5825086995918396,0.3427771650217501,0.3388433982683202,0.35956446777292445,0.19595988262779934,0.3789916694004432,0.3006212961563357,12.0
3316,331.9888888888888,341.55555555555554,208.43333333333334,7386.133333333333,6178.700000000001,3502.833333333334,645.7888888888888,377.8111111111111,245.33333333333334,21393.800000000003,17144.444444444445,9107.355555555556,2393.822222222222,1892.0888888888887,995.3666666666666,580.7666666666667,504.37777777777774,258.20000000000005,76.3111111111111,63.5111111111111,30.511111111111113,1862.4555555555553,1604.9222222222224,806.1222222222223,1862.1888888888889,1604.9222222222224,806.1222222222223,144.41111111111113,173.9111111111111,131.3777777777778,181.43333333333334,102.33333333333333,69.82222222222224,86.37777777777778,88.65555555555554,70.63333333333334,46.0,84.1,59.633333333333326,230.66666666666666,275.1111111111111,292.53333333333336,5550.733333333334,5244.633333333334,2974.688888888889,5519.844444444445,5222.122222222222,2965.777777777778,291.76666666666665,249.13333333333335,182.38888888888889,2080.3999999999996,15113.855555555554,12292.41111111111,7670.822222222221,21217.844444444447,14425.977777777776,1872.0666666666666,3213.777777777778,1801.0555555555557,1195.8777777777777,5664.966666666667,4928.544444444445,1114.7444444444445,1149.6999999999998,1576.0777777777776,1114.7444444444445,1845.5777777777778,1736.5444444444445,3637.0333333333333,6929.722222222223,6257.511111111112,1858.2333333333331,2068.1666666666665,1678.3444444444447,2494.4555555555553,5627.799999999999,4939.5,3419.2555555555555,6440.266666666666,5920.577777777778,3787.033333333333,6440.266666666666,5920.577777777778,523.2444444444445,1754.9222222222224,1979.6333333333334,1018.6777777777778,1734.4888888888888,1591.588888888889,2961.222222222222,4553.9,4482.155555555556,2961.222222222222,4553.9,4482.155555555556,366.5222222222222,537.7666666666668,710.8555555555556,9660.866666666665,15406.055555555555,15279.511111111111,7150.366666666666,10603.966666666667,11264.033333333333,1012.2888888888889,1642.6888888888889,1719.2,7045.455555555555,10662.566666666668,11271.944444444445,4822.955555555555,6865.711111111112,7615.388888888889,4392.266666666667,6340.211111111112,5957.377777777778,3963.022222222223,5738.444444444444,6092.488888888889,3963.3111111111116,5761.888888888889,6092.5777777777785,3195.9444444444443,5024.911111111111,5079.666666666667,5856.544444444444,9120.18888888889,9576.188888888888,0.5713612075291153,0.34524644211562844,0.33896555827614683,0.3603907971484122,0.1941016146531739,0.3846158538519537,0.30098755280173267,12.0
3317,364.97777777777776,370.7888888888889,143.58888888888887,7327.966666666666,6110.722222222223,3522.2555555555555,656.0666666666666,419.43333333333334,227.89999999999998,21435.244444444445,17176.944444444445,9204.833333333334,2365.0444444444447,1914.6444444444444,1032.1444444444446,578.3555555555555,498.14444444444445,322.8666666666666,111.28888888888888,49.855555555555554,83.54444444444442,1850.4444444444443,1556.8,841.1777777777777,1850.4444444444443,1556.8,841.1333333333333,161.15555555555557,201.75555555555556,120.3111111111111,140.31111111111113,122.05555555555556,84.6111111111111,67.13333333333333,71.45555555555555,88.94444444444444,35.67777777777778,78.1,57.20000000000001,363.00000000000006,206.35555555555553,249.9777777777778,5580.18888888889,5180.944444444443,2961.177777777778,5559.177777777778,5102.566666666667,2956.3222222222225,229.76666666666668,257.3333333333333,155.65555555555557,2043.0444444444443,14955.744444444446,11755.477777777776,8406.911111111112,20595.92222222222,15013.111111111111,1403.7111111111112,3804.4444444444443,2156.5,2149.6777777777775,5393.588888888889,5074.622222222222,1123.788888888889,1511.2555555555557,1413.4222222222224,1243.2222222222222,1825.622222222222,1821.0555555555557,3959.722222222222,6463.133333333333,5597.9,1318.0222222222224,2105.866666666667,1622.4555555555555,3356.6111111111113,5475.411111111111,4825.188888888889,3720.733333333333,6272.677777777777,6023.5777777777785,3720.733333333333,6272.677777777777,6023.5777777777785,753.5222222222224,1913.2666666666669,1183.1444444444444,982.9111111111112,1751.0333333333333,1560.822222222222,3020.011111111111,4530.011111111111,4575.722222222223,3020.011111111111,4530.011111111111,4575.722222222223,378.22222222222223,520.8444444444444,689.7666666666667,9614.011111111111,15406.355555555558,15326.633333333335,6945.422222222222,10919.022222222224,11226.87777777778,1042.1555555555556,1687.0444444444445,1796.0222222222224,7118.144444444445,10726.58888888889,11279.9,4752.31111111111,6899.433333333333,7695.922222222222,4234.733333333334,6048.788888888889,5936.2444444444445,3987.9222222222224,5707.711111111111,6086.533333333334,3988.3222222222225,5736.777777777777,6092.844444444444,3193.1,5053.355555555555,5204.722222222223,5855.5,9179.877777777778,9532.411111111112,0.5782370868443164,0.3418653183852969,0.3311988126112455,0.3557514109675437,0.1928879068172542,0.3826528333544575,0.30566091897781167,12.0
3318,273.64444444444445,309.1333333333334,170.08888888888887,6784.322222222221,5636.911111111111,3242.8444444444444,593.8111111111111,400.8444444444445,203.1,19561.666666666668,15653.055555555555,8284.688888888888,2196.855555555556,1683.7555555555557,899.3666666666667,546.8222222222222,452.62222222222226,283.2888888888889,69.57777777777778,55.18888888888889,65.65555555555557,1594.7555555555557,1490.7333333333333,792.9888888888888,1594.7555555555557,1490.7333333333333,792.9888888888888,149.75555555555556,242.60000000000002,130.0111111111111,170.87777777777777,108.27777777777777,85.80000000000001,93.75555555555555,63.455555555555556,67.17777777777778,64.5888888888889,72.05555555555556,63.86666666666666,319.24444444444447,188.3111111111111,299.0666666666667,5028.0,4647.5,2687.811111111111,4986.61111111111,4622.566666666667,2682.0222222222224,300.4222222222222,373.33333333333326,179.80000000000004,1869.5222222222224,14346.166666666666,11133.7,7463.122222222221,19690.2,13456.988888888889,1536.8777777777777,3090.9333333333334,1794.4666666666667,1859.4444444444443,4664.611111111111,4134.700000000001,868.3111111111111,887.0111111111112,1187.8666666666666,1167.677777777778,1894.8555555555556,1694.5555555555557,4222.988888888888,6279.122222222223,5390.38888888889,2163.3444444444444,1891.0555555555557,1517.1999999999998,2457.077777777778,5408.400000000001,4336.388888888889,2776.3,6142.5888888888885,5345.31111111111,3539.8999999999996,6142.5888888888885,5345.31111111111,972.7444444444445,1779.0999999999997,836.4000000000001,944.7555555555555,1622.5777777777776,1206.088888888889,2708.6111111111113,4286.288888888888,3585.311111111111,2708.6111111111113,4286.0888888888885,3943.211111111111,352.1444444444444,480.72222222222223,614.1444444444445,9071.1,14229.822222222221,14568.299999999997,6588.355555555556,9869.144444444444,10576.97777777778,962.3444444444444,1507.222222222222,1661.6,6742.177777777778,9918.322222222223,10651.999999999998,4540.700000000001,6477.7444444444445,7251.833333333333,4436.311111111111,5099.033333333333,5970.055555555557,3791.522222222222,5303.444444444444,5777.6,3797.4333333333334,5319.4333333333325,5777.6,3004.9888888888886,4638.366666666666,4790.488888888889,5421.200000000001,8435.611111111111,8946.599999999999,0.5497250731566304,0.34681718781062726,0.32485062669635917,0.3601157033593015,0.1840998759101764,0.391426218646982,0.30052146043696026,12.0
3319,312.42,325.14,167.72000000000003,7048.5,5716.8,3466.1500000000005,679.25,509.16999999999996,283.57000000000005,22033.699999999993,17831.61,9800.810000000001,2465.6099999999997,2017.7899999999997,1131.91,600.05,520.88,352.12,95.89,73.59,69.0,1745.0600000000002,1506.95,814.97,1745.0600000000002,1506.95,814.97,177.67,175.98999999999998,135.47000000000003,142.28,90.72,171.44,52.52,143.09,97.35,55.32000000000001,50.62000000000001,28.609999999999996,291.88,203.29000000000002,297.34000000000003,5296.45,4938.63,2914.4300000000003,5235.06,4895.960000000001,2895.63,290.77000000000004,330.84000000000003,188.60999999999999,2533.36,15015.86,12631.619999999999,7288.26,22026.899999999998,15625.540000000003,1491.6599999999999,3685.5100000000007,2577.1800000000003,1026.75,4326.09,4660.76,838.1400000000001,599.11,1579.43,1045.31,1630.6699999999998,1674.4600000000003,3941.66,6771.81,5492.96,2708.55,1952.6899999999998,1552.8600000000001,2864.73,5187.610000000001,4285.7300000000005,3002.55,5742.25,5515.83,3686.0499999999993,5742.25,5515.83,771.2,2117.8900000000003,1307.5800000000002,977.4499999999998,1591.9,1536.3400000000001,2768.62,4319.58,4503.660000000001,2768.62,4319.58,4503.660000000001,351.62,433.76000000000005,760.9499999999999,8689.119999999999,13826.85,14046.570000000002,6408.51,9716.49,10266.039999999999,985.76,1503.5000000000002,1628.7599999999998,6330.68,9583.02,10285.59,4258.25,6267.4800000000005,7052.530000000001,3956.0700000000006,5173.71,5645.07,3593.12,5183.7300000000005,5738.9299999999985,3607.3100000000004,5188.530000000001,5740.539999999999,2875.16,4553.02,4819.17,5253.6,8451.460000000001,8798.9,0.6024844863461434,0.3198963406055271,0.3540907726633326,0.32059920556808946,0.20614498770874312,0.3536595444662227,0.28772834777860185,13.0
3320,365.3777777777778,332.5777777777778,217.1111111111111,7167.200000000001,6099.2555555555555,3555.9888888888886,600.0333333333334,370.94444444444446,248.0777777777778,20894.377777777772,17164.944444444445,9335.255555555555,2309.733333333333,1913.6555555555558,1047.6777777777777,563.5444444444444,502.29999999999995,322.70000000000005,113.3111111111111,63.24444444444445,64.56666666666666,1806.9666666666667,1467.1444444444444,867.8000000000001,1798.6333333333334,1467.1444444444444,867.8000000000001,124.32222222222224,144.97777777777776,101.86666666666666,105.64444444444445,65.16666666666667,74.75555555555556,74.63333333333334,51.87777777777777,75.95555555555555,52.56666666666667,53.37777777777777,26.933333333333334,201.57777777777778,166.27777777777777,163.63333333333333,5354.077777777778,5043.2555555555555,2936.022222222222,5292.133333333334,4993.355555555555,2898.144444444444,177.25555555555556,263.7555555555556,141.55555555555554,1733.3555555555556,15217.21111111111,11381.877777777778,6759.722222222223,21513.300000000003,14765.400000000001,1801.211111111111,4252.3,1891.1222222222225,1432.1999999999998,5534.799999999999,4765.488888888888,843.8555555555556,1116.3555555555556,1440.6888888888889,1023.3444444444444,1868.8333333333333,1738.8000000000002,3999.5444444444447,6997.955555555555,5983.022222222222,2390.4333333333334,2554.0777777777776,1701.111111111111,2759.0555555555557,5450.4333333333325,4748.555555555556,3604.3888888888887,6341.822222222222,5892.988888888888,3987.9555555555553,6341.822222222222,5892.988888888888,887.8111111111112,2420.1222222222223,900.0777777777779,1036.6666666666667,1786.5555555555554,1646.6666666666667,2833.288888888889,4846.544444444445,4661.833333333334,2833.288888888889,4846.544444444445,4661.833333333334,352.32222222222225,468.37777777777785,659.8888888888889,9535.544444444444,15399.733333333334,15621.477777777776,6956.544444444444,11064.233333333334,11271.277777777777,1033.588888888889,1594.5777777777776,1770.9555555555557,7038.155555555555,10757.111111111111,11402.944444444445,4726.877777777778,6996.9333333333325,7813.833333333333,4182.622222222223,6273.900000000001,6279.900000000001,3908.255555555556,5786.700000000001,6271.6,3908.255555555556,5817.166666666668,6271.6,3168.1222222222223,5081.577777777778,5289.511111111112,5735.477777777778,9194.47777777778,9608.888888888889,0.5549901596249822,0.34302050418666596,0.3242494819535114,0.3553320883324864,0.1855230654661353,0.38092035806911195,0.2922964219094456,12.0
3321,328.06666666666666,372.38888888888886,214.24444444444444,7313.111111111111,6125.299999999999,3596.0333333333333,665.0222222222224,404.49999999999994,229.2111111111111,21328.244444444445,17141.977777777778,9235.266666666666,2375.9777777777776,1900.7222222222222,1001.6444444444444,535.2111111111112,495.3444444444445,358.7555555555556,57.03333333333333,76.97777777777777,102.1222222222222,1821.1999999999998,1614.7222222222222,843.4,1821.1555555555558,1614.7222222222222,843.4,215.3,197.5,-380.21111111111117,153.32222222222222,128.92222222222222,-409.0777777777778,59.111111111111114,99.63333333333333,112.94444444444446,42.68888888888889,69.02222222222221,67.95555555555556,296.3111111111111,215.73333333333338,282.4222222222222,5593.966666666666,5140.711111111111,2974.133333333333,5559.433333333333,5102.988888888888,2966.0777777777776,227.26666666666668,376.2111111111111,239.05555555555554,2476.1999999999994,15810.677777777779,12345.855555555558,7569.977777777778,20925.28888888889,15620.31111111111,1310.9777777777779,3144.588888888889,2741.0888888888894,17642.98888888889,5319.844444444444,4861.977777777778,1165.3444444444442,1266.7666666666667,2219.6111111111113,1165.3444444444442,1839.9777777777776,2981.1777777777775,4146.011111111111,6823.299999999999,8621.133333333333,2446.0000000000005,2642.6111111111113,2054.9777777777776,2991.7888888888892,5798.188888888889,4982.533333333334,3279.5888888888894,6445.18888888889,5925.822222222222,4008.0555555555557,6445.18888888889,5925.822222222222,1134.1999999999998,1954.8666666666666,1445.1333333333332,918.2000000000002,1788.411111111111,1511.8444444444444,3038.266666666667,4508.7,4121.911111111111,3038.266666666667,4508.7,4514.833333333333,383.0444444444445,503.2444444444444,747.4000000000001,9814.88888888889,15405.777777777777,15587.422222222222,7061.7444444444445,10824.188888888888,11773.233333333332,1064.2888888888888,1593.5,1829.4333333333332,7089.166666666667,10688.422222222223,11418.266666666666,4807.133333333334,6898.611111111111,7778.122222222223,4232.644444444445,6737.088888888889,6033.355555555555,3988.7000000000003,5785.122222222223,6246.711111111111,3988.9444444444443,5785.122222222223,6249.733333333333,3208.2,5110.033333333333,5259.211111111111,5899.688888888889,9218.466666666667,9665.922222222223,0.5664285552561866,0.3428838754244502,0.3312386406254507,0.35732749624378873,0.19028661285309809,0.38938056291462436,0.30418769288514474,12.0
3322,324.2444444444444,390.3555555555556,154.7555555555556,7477.299999999999,6191.222222222223,3615.066666666667,618.6444444444445,403.6888888888889,257.2,21388.92222222222,17283.155555555553,9251.566666666668,2387.9888888888886,1905.511111111111,1084.4111111111113,566.0222222222224,553.3888888888889,415.8555555555556,68.67777777777778,75.83333333333334,103.12222222222222,1884.2111111111112,1687.1,923.0,1884.111111111111,1687.1,923.0,174.7,172.5,145.61111111111111,109.09999999999998,125.55555555555556,75.26666666666668,88.04444444444444,106.7,55.77777777777778,55.111111111111114,95.51111111111112,43.077777777777776,301.6222222222222,282.58888888888885,248.94444444444446,5596.322222222222,5359.077777777778,2998.711111111111,5571.344444444444,5333.566666666667,2994.688888888889,220.5111111111111,287.72222222222223,245.88888888888889,2025.2888888888888,15137.577777777778,11652.922222222223,8361.777777777777,21204.455555555556,15128.166666666666,1773.2555555555557,3524.533333333333,2183.844444444445,1822.6666666666667,4861.888888888889,4900.433333333333,1263.6888888888889,1444.6999999999998,1331.2,1263.6888888888889,1906.4333333333334,1740.6444444444444,3408.0,7533.01111111111,6870.61111111111,2455.1222222222223,2202.988888888889,1706.0555555555557,3460.8444444444444,5500.622222222222,4847.0,3460.8444444444444,6648.866666666666,5747.655555555556,3467.888888888889,6648.866666666666,5747.655555555556,576.8666666666666,1838.0888888888885,1351.2666666666669,1047.3111111111111,1617.9111111111113,1607.6333333333334,3088.155555555555,4557.177777777778,4567.133333333333,3088.155555555555,4557.177777777778,4567.133333333333,349.4222222222222,505.5111111111112,671.9777777777776,9749.888888888889,15562.866666666665,15755.18888888889,7188.299999999999,10849.31111111111,11591.133333333333,994.8333333333334,1716.2333333333333,1921.477777777778,7135.277777777778,10836.077777777777,11548.188888888888,4835.522222222223,6963.877777777779,7755.599999999999,4077.266666666667,5733.555555555555,6259.177777777778,3942.977777777777,5845.611111111112,6206.899999999999,3942.977777777777,5856.888888888889,6210.022222222222,3249.8888888888887,5127.866666666667,5279.622222222221,5944.811111111111,9182.166666666666,9739.944444444445,0.5714264550023361,0.3495875071363525,0.3427110686548751,0.3582229068251426,0.19007635579671459,0.39075183662586876,0.30079915116941197,12.0
3323,332.73333333333335,273.8777777777778,154.57777777777775,7624.966666666666,6161.777777777777,3513.9444444444443,601.7777777777778,390.14444444444445,249.81111111111107,21339.544444444444,17132.122222222224,9212.022222222224,2361.3,1913.6999999999998,1056.4888888888888,589.0444444444444,498.14444444444445,274.3333333333333,77.1888888888889,99.07777777777778,60.544444444444444,1884.111111111111,1626.9666666666665,858.6222222222221,1884.111111111111,1626.9666666666665,858.6222222222221,171.44444444444446,181.20000000000002,183.56666666666666,103.67777777777778,119.6888888888889,132.05555555555554,97.75555555555555,65.3888888888889,99.83333333333333,47.02222222222222,75.65555555555555,54.07777777777778,330.81111111111113,148.2111111111111,271.05555555555554,5540.5777777777785,5064.377777777777,2966.7777777777783,5505.011111111111,5036.622222222223,2940.9888888888886,289.34444444444443,318.75555555555553,181.9888888888889,2333.8111111111116,15298.97777777778,11963.71111111111,8386.011111111111,21620.21111111111,14422.088888888888,1630.3222222222223,3382.9333333333334,2248.5333333333333,1933.7999999999997,4444.9222222222215,4795.3,1060.0,1306.5666666666666,1605.2,1313.2666666666667,1942.8000000000002,1898.6888888888886,4218.622222222222,6398.822222222223,6384.388888888889,2527.6111111111113,2090.811111111111,1619.677777777778,3242.6888888888884,5565.2555555555555,4638.711111111112,3986.988888888889,6863.844444444444,5866.344444444444,3986.988888888889,6863.844444444444,5866.344444444444,601.8666666666667,2296.7555555555555,1138.4111111111113,917.122222222222,1689.388888888889,1637.4222222222224,3050.422222222222,4587.388888888889,4145.222222222223,3050.422222222222,4587.388888888889,4563.033333333333,405.31111111111113,484.8333333333333,688.6777777777778,9876.277777777777,15561.699999999999,15831.877777777778,7219.366666666666,10817.544444444444,11513.766666666668,1067.9888888888888,1658.0333333333333,1861.0555555555557,7228.488888888889,10864.566666666668,11518.533333333333,4865.566666666667,6923.511111111111,7822.7444444444445,4082.1999999999994,6677.511111111111,6146.177777777778,3956.4444444444443,5857.311111111111,6263.111111111111,3960.955555555556,5857.311111111111,6266.644444444445,3225.588888888889,5086.122222222223,5293.844444444445,5955.877777777778,9274.711111111112,9719.666666666666,0.5573973550539171,0.35731628135350174,0.32365501341255926,0.3596622588756273,0.1857637438950528,0.3814520156027992,0.3035782882100666,12.0
3324,359.3888888888889,406.77777777777777,176.6888888888889,7507.855555555555,6358.0777777777785,3783.0666666666666,626.0444444444445,404.16666666666674,257.20000000000005,21302.788888888892,17225.144444444442,9432.388888888889,2327.8999999999996,1921.7555555555555,1039.177777777778,552.1222222222223,466.3444444444445,325.83333333333326,59.77777777777778,47.50000000000001,67.22222222222223,1878.5333333333333,1595.788888888889,863.1333333333333,1878.5333333333333,1595.788888888889,863.1333333333333,187.42222222222222,210.35555555555553,132.82222222222222,130.68888888888887,127.55555555555556,112.1888888888889,79.71111111111111,67.0888888888889,45.96666666666667,41.75555555555556,82.35555555555555,66.13333333333334,323.9333333333334,187.55555555555554,267.12222222222226,5681.200000000001,5141.877777777778,2984.9333333333334,5658.433333333333,5105.411111111111,2971.4333333333334,249.0222222222222,203.76666666666668,231.11111111111111,2024.0111111111114,15289.966666666665,11652.533333333333,8208.033333333333,21622.933333333334,15399.666666666666,1780.7222222222222,3848.3444444444444,2225.077777777778,2182.5,5100.8,4050.5777777777785,813.3666666666666,1738.3,1170.888888888889,1152.8666666666668,2058.5333333333333,1904.4222222222222,4427.422222222222,8198.777777777777,6971.266666666666,3181.744444444444,2137.422222222222,1764.5222222222224,2998.5444444444447,5841.1,4903.277777777777,2612.255555555556,6685.488888888889,5993.088888888889,4229.833333333333,6685.488888888889,5993.088888888889,568.9444444444445,3222.188888888889,1122.4222222222222,1034.5111111111112,1599.322222222222,1682.388888888889,2860.5555555555557,4782.2555555555555,4235.644444444445,2860.5555555555557,4782.2555555555555,4642.633333333333,281.1222222222222,494.62222222222215,777.7222222222222,10041.022222222222,15864.800000000001,16298.422222222222,7338.944444444444,11194.322222222221,12052.922222222223,1103.2666666666664,1691.3888888888887,1858.3555555555556,7391.688888888889,11113.599999999999,11953.522222222222,4953.077777777778,7149.433333333333,8146.733333333334,4576.233333333334,6667.999999999999,6390.8,4073.3777777777777,6012.066666666666,6548.411111111111,4083.744444444444,6012.066666666666,6552.777777777777,3344.2555555555555,5221.8,5434.944444444444,6100.322222222222,9371.066666666666,10018.777777777777,0.5635316014748388,0.35243533580110264,0.32180746754520134,0.36911607901369003,0.1823141708331686,0.4010719565563101,0.31136054631975774,12.0
3326,382.5777777777778,303.1666666666667,204.35555555555553,7579.577777777778,6348.733333333334,3754.655555555555,639.5666666666666,415.46666666666664,238.53333333333336,21498.95555555556,17281.833333333332,9391.166666666666,2380.2000000000003,1926.3111111111111,1027.6444444444446,566.7777777777778,497.0444444444444,276.6111111111111,88.6888888888889,98.52222222222223,41.12222222222223,1946.2777777777778,1582.7333333333331,838.8333333333334,1946.1555555555558,1582.7333333333331,838.8333333333334,197.5666666666667,167.6222222222222,165.66666666666666,124.92222222222222,143.2111111111111,118.2111111111111,88.42222222222223,69.56666666666666,59.51111111111111,40.633333333333326,80.78888888888888,33.888888888888886,247.03333333333336,234.57777777777775,206.2111111111111,5856.444444444444,5138.566666666667,2988.566666666667,5794.9222222222215,5104.788888888888,2981.222222222222,264.96666666666664,313.5111111111111,128.2888888888889,2650.2111111111108,14836.611111111111,11629.72222222222,8256.044444444444,21027.17777777778,15156.633333333335,1721.3999999999999,3945.0777777777776,2763.9333333333334,2085.5666666666666,5974.511111111112,5035.222222222223,954.4444444444445,1456.3111111111111,1420.1666666666667,1176.9666666666665,1928.888888888889,1734.8888888888887,4461.366666666666,7564.466666666666,6668.877777777777,2734.4222222222224,2223.277777777778,1680.1555555555556,3096.2000000000003,5913.5888888888885,4861.7555555555555,3672.011111111111,6613.877777777778,5941.9222222222215,4122.7555555555555,6613.877777777778,5941.9222222222215,781.4333333333334,2061.077777777778,2375.777777777778,1003.4111111111112,1505.277777777778,1705.3555555555556,2946.355555555556,4637.2444444444445,4749.411111111112,2946.355555555556,4636.877777777777,4749.411111111112,331.2666666666667,528.7888888888889,605.8333333333334,10289.733333333332,16023.844444444445,16293.944444444445,7531.411111111111,11563.422222222223,12092.744444444445,1076.677777777778,1731.5555555555557,1862.5222222222224,7527.211111111112,11243.177777777779,11998.08888888889,5029.9,7185.6,8289.022222222222,4420.544444444445,6549.511111111112,6443.688888888889,4205.677777777778,6116.488888888889,6580.777777777777,4212.2,6121.955555555555,6580.777777777777,3465.7666666666673,5289.2555555555555,5448.411111111111,6225.733333333334,9452.41111111111,10149.644444444444,0.5631751605699749,0.3525556280253407,0.3185745409965426,0.3673645735888361,0.18296504154576854,0.39980714737844664,0.32060775865888963,12.0
3327,335.68888888888887,304.8666666666666,163.60000000000002,7451.155555555555,6117.788888888888,3731.9333333333334,642.0444444444444,390.0111111111112,256.9666666666667,21342.0,17259.022222222222,9366.755555555554,2375.933333333333,1910.6333333333334,1047.2555555555555,554.0111111111112,474.9777777777778,278.6,68.37777777777778,80.82222222222224,57.044444444444444,1819.2,1596.9111111111113,861.3777777777777,1819.0222222222224,1596.9111111111113,861.3777777777777,137.35555555555555,196.84444444444446,108.8111111111111,116.65555555555554,134.6888888888889,53.66666666666666,106.18888888888888,93.93333333333334,71.27777777777777,34.077777777777776,62.36666666666666,54.166666666666664,214.15555555555557,189.75555555555556,184.1222222222222,5718.488888888888,5132.877777777778,3039.133333333333,5674.9222222222215,5087.200000000001,3020.9777777777776,228.93333333333334,263.0,131.13333333333335,2647.866666666667,15059.988888888889,12267.177777777779,8994.922222222223,21408.377777777776,15358.955555555556,1740.1333333333334,3783.8444444444444,2474.9666666666667,1379.4111111111113,5272.200000000001,4777.466666666667,962.1444444444446,1759.4555555555555,1516.511111111111,1254.3666666666668,2075.855555555556,1786.3777777777775,4870.4222222222215,8089.200000000001,6692.366666666666,2340.5555555555557,3021.3,1775.1444444444444,2657.1000000000004,5932.266666666666,4928.633333333334,3530.566666666667,6651.0888888888885,6127.011111111112,4265.144444444445,6651.0888888888885,6127.011111111112,1185.5222222222224,2444.6222222222223,1975.622222222222,980.2444444444445,1665.5222222222224,1478.7333333333333,3056.5,4903.533333333334,4970.922222222222,3056.5,4903.533333333334,4970.922222222222,362.8,582.0999999999999,756.5999999999999,10345.266666666666,16058.177777777775,16398.555555555555,7595.377777777777,11554.233333333334,11924.522222222222,1134.4555555555555,1731.588888888889,1919.1000000000001,7487.111111111111,11289.799999999997,12201.177777777779,5059.2555555555555,7244.599999999999,8250.377777777778,4255.844444444445,7093.844444444444,6660.088888888889,4189.055555555556,6071.722222222223,6613.0888888888885,4197.099999999999,6086.0777777777785,6613.0888888888885,3461.5333333333338,5260.377777777777,5554.111111111111,6188.144444444445,9455.788888888888,10010.000000000002,0.5485525318073536,0.3491310821645373,0.3167980869560405,0.3544690313343359,0.184222187591048,0.3984232652596418,0.305194913056089,12.0
3328,306.3666666666666,267.6111111111111,206.23333333333335,7527.055555555556,6139.0777777777785,3759.4333333333334,606.2,403.0,207.45555555555555,21202.977777777778,17170.9,9332.633333333331,2395.366666666667,1917.2333333333331,1053.8,532.9444444444445,460.1666666666667,269.0777777777778,66.44444444444444,40.544444444444444,50.21111111111112,1954.6999999999998,1696.8111111111111,887.7333333333333,1954.6999999999998,1696.8111111111111,887.7333333333333,161.10000000000002,153.92222222222222,129.7888888888889,119.80000000000001,143.97777777777776,104.31111111111112,93.38888888888889,99.23333333333333,54.72222222222222,45.233333333333334,53.24444444444444,69.45555555555556,234.4777777777778,235.22222222222223,189.56666666666666,5721.9333333333325,5078.2555555555555,2962.4888888888886,5694.322222222222,5027.966666666667,2947.1555555555556,243.7111111111111,317.5777777777778,95.3,3073.222222222222,14870.322222222221,11475.422222222223,5848.666666666667,22134.777777777777,14836.266666666666,1652.6555555555558,3974.9222222222215,2790.2222222222217,1863.8333333333333,4997.6,5000.055555555556,1092.9222222222222,1547.8000000000002,1235.8333333333333,1201.5222222222224,1848.0333333333333,1832.8666666666666,4563.177777777779,7178.555555555555,6276.611111111111,2112.6888888888884,2198.3,1666.3666666666666,3389.211111111111,5675.366666666666,4810.777777777777,3776.866666666667,6580.5777777777785,6132.522222222223,4160.222222222223,6580.5777777777785,6132.522222222223,1516.9111111111113,4211.0777777777785,1438.4222222222222,1064.3555555555556,1487.0222222222224,1588.677777777778,3086.9333333333334,4663.5777777777785,4121.700000000001,3086.9333333333334,4663.288888888889,4514.011111111111,411.3777777777778,525.8222222222222,648.188888888889,10279.755555555555,16074.577777777778,16455.544444444444,7445.799999999999,11283.3,12145.466666666667,1075.2555555555555,1675.3333333333333,1901.6777777777777,7465.955555555556,11196.222222222224,12030.611111111111,5008.133333333334,7252.611111111111,8187.622222222221,4665.4222222222215,6555.222222222223,6390.099999999999,4168.022222222223,6126.088888888889,6500.855555555556,4168.677777777779,6126.088888888889,6503.7555555555555,3381.8888888888887,5256.7444444444445,5514.322222222222,6178.544444444445,9512.8,10099.055555555557,0.5539355669935947,0.3549999266350429,0.31278996787197455,0.35752801412726054,0.17909802775018754,0.4028266405694714,0.31790473080093035,12.0
3329,273.9333333333333,289.9777777777778,171.1222222222222,7337.055555555556,6210.611111111111,3666.3555555555554,612.0777777777778,386.6444444444444,235.10000000000002,21035.77777777778,17069.566666666666,9264.066666666666,2353.788888888889,1913.9333333333332,1023.7999999999998,514.4333333333333,485.40000000000003,287.0111111111111,77.48888888888888,82.5,60.21111111111111,1800.5111111111112,1596.7222222222222,852.6555555555556,1800.3777777777777,1596.7222222222222,852.6555555555556,130.2444444444444,149.55555555555554,123.93333333333334,127.14444444444446,142.65555555555557,40.8111111111111,81.86666666666667,88.19999999999999,50.45555555555555,46.34444444444445,77.71111111111111,53.544444444444444,284.4444444444444,161.16666666666666,181.06666666666666,5736.5,5056.366666666667,2996.711111111111,5691.944444444443,5015.733333333334,2974.288888888889,238.55555555555554,342.09999999999997,169.57777777777778,1832.8000000000002,14007.366666666667,12148.888888888889,8113.0666666666675,21521.78888888889,14866.933333333332,1196.122222222222,3156.633333333333,2784.4888888888886,1026.177777777778,5324.11111111111,5077.2555555555555,822.4222222222222,1082.5222222222224,1239.9555555555553,1162.2555555555555,2025.4111111111108,1832.877777777778,4464.377777777778,7822.711111111112,6770.766666666666,1859.2222222222222,2668.7444444444445,2261.844444444445,2576.2444444444445,5573.233333333333,4854.633333333333,3844.4111111111106,5848.4,6143.788888888889,4246.222222222223,6368.944444444444,6143.788888888889,1520.3555555555556,2672.066666666667,1187.177777777778,1002.7333333333331,1597.322222222222,1583.0666666666666,3170.2666666666664,4488.9111111111115,4262.866666666666,3170.2666666666664,4488.9111111111115,4671.233333333334,342.1777777777777,464.9333333333333,732.2444444444444,10196.922222222222,16065.588888888891,16528.08888888889,7472.766666666666,11017.955555555556,11898.211111111112,1079.8555555555554,1690.2333333333333,1820.377777777778,7477.722222222223,11175.511111111111,12050.844444444445,5021.033333333334,7228.877777777778,8224.877777777776,4467.611111111111,6862.633333333333,6618.6,4115.677777777778,6011.099999999999,6575.333333333332,4119.766666666666,6023.044444444445,6577.844444444444,3441.7444444444445,5276.022222222222,5503.700000000001,6142.544444444445,9423.722222222223,10102.422222222222,0.5582022026254109,0.34878936415207945,0.31220351572685023,0.3638411702178211,0.17995358742827022,0.39576092092985327,0.31359132059167055,12.0
3330,333.65555555555557,363.0222222222222,157.02222222222224,7473.422222222222,5884.977777777778,3474.8999999999996,600.4222222222222,452.77777777777777,265.34444444444443,21040.744444444445,17006.666666666668,9261.9,2351.3555555555554,1893.9777777777776,1038.8333333333333,532.4555555555556,489.6666666666667,292.9555555555556,69.35555555555555,47.82222222222222,66.54444444444444,1880.2222222222222,1594.2444444444445,907.3111111111111,1880.0999999999997,1594.2444444444445,907.3111111111111,218.3111111111111,202.67777777777778,111.37777777777778,114.17777777777779,128.0222222222222,95.76666666666667,83.63333333333334,73.34444444444445,80.0111111111111,47.888888888888886,116.5,47.26666666666667,240.68888888888887,211.33333333333334,234.55555555555554,5708.6,5085.833333333332,2926.8333333333335,5691.855555555555,5035.433333333334,2907.0,278.43333333333334,268.84444444444443,146.56666666666666,2325.588888888889,15140.822222222221,11609.78888888889,8690.366666666667,21356.211111111115,15048.333333333334,1744.5333333333333,3621.811111111111,2379.8888888888887,1246.8777777777777,5876.444444444444,5166.266666666666,858.1999999999999,932.8000000000001,1309.5444444444445,1221.6,2031.7666666666664,1746.5222222222221,4031.0,6099.355555555556,6643.311111111111,3059.9555555555553,2748.033333333333,1681.7333333333333,2908.2,5921.8,4800.288888888889,4425.366666666666,6641.355555555555,5804.566666666667,4425.366666666666,6641.355555555555,5823.077777777778,1035.0333333333335,1192.5555555555557,1444.0222222222224,930.1222222222223,1743.6999999999998,1803.788888888889,2973.922222222222,4573.955555555555,4433.233333333334,2973.922222222222,4573.955555555555,5941.533333333333,416.76666666666665,559.1444444444444,1022.1444444444444,10386.333333333336,16117.466666666667,16458.300000000003,7334.344444444445,11482.766666666668,12004.233333333332,1071.111111111111,1749.411111111111,1826.1666666666667,7493.800000000001,11212.555555555555,12019.266666666666,5061.566666666667,7257.9111111111115,8148.688888888889,4515.344444444444,7084.733333333334,6428.955555555556,4200.888888888889,6074.222222222223,6557.433333333333,4202.777777777777,6074.222222222223,6558.033333333334,3375.6111111111113,5266.966666666666,5494.633333333334,6135.3,9514.633333333333,10139.988888888889,0.5480139499556038,0.35518810857452765,0.3124208932752046,0.34603946164902655,0.1766282058292776,0.3751821980371198,0.3238635115525709,12.0
3331,277.3444444444444,301.4222222222222,152.73333333333335,7301.177777777779,6045.4111111111115,3652.0,619.1777777777778,413.2777777777778,239.36666666666665,21152.88888888889,17011.07777777778,9294.111111111111,2317.766666666667,1924.677777777778,1018.2444444444445,555.2444444444444,464.87777777777774,284.64444444444445,74.06666666666666,53.71111111111111,67.19999999999999,1911.3222222222223,1621.0777777777776,859.7222222222222,1909.8444444444442,1621.0777777777776,859.7222222222222,206.1,211.44444444444446,148.2555555555556,113.89999999999999,106.48888888888888,95.4111111111111,54.444444444444436,94.82222222222222,41.111111111111114,52.422222222222224,60.599999999999994,65.95555555555556,197.66666666666666,265.8333333333333,266.4888888888888,5724.455555555556,5027.711111111112,2960.9555555555557,5693.188888888889,5012.533333333334,2939.3888888888887,270.7555555555556,286.5,203.9777777777778,1806.677777777778,15480.133333333335,11988.922222222223,5004.577777777778,22239.6,15509.244444444446,1344.5333333333335,3388.1555555555556,2584.811111111111,1737.1111111111109,5231.933333333333,4970.477777777777,667.0111111111111,1431.8666666666666,1283.5777777777778,1252.1333333333334,2089.022222222222,1715.4333333333334,5030.0,7817.9333333333325,6214.988888888889,2276.366666666667,2616.5555555555557,1802.8444444444444,2722.4777777777776,5925.644444444445,4918.133333333333,4096.277777777777,6282.900000000001,5944.177777777778,4096.277777777777,6282.900000000001,5944.177777777778,1105.3777777777777,2392.422222222222,958.1888888888888,970.8111111111112,1242.0555555555557,1505.4333333333334,2836.7222222222217,4796.222222222223,4384.711111111112,2836.7222222222217,4796.222222222223,4384.711111111112,389.6666666666667,452.7888888888889,651.411111111111,10282.166666666666,16060.222222222223,16490.67777777778,7450.7444444444445,11231.266666666666,11981.333333333334,1155.6444444444444,1750.3333333333333,1829.388888888889,7409.799999999999,11244.122222222222,12059.12222222222,5061.855555555556,7237.377777777778,8262.944444444445,4928.4222222222215,7113.18888888889,6636.777777777777,4136.333333333333,6066.466666666667,6696.444444444445,4136.633333333333,6066.5777777777785,6696.966666666667,3417.6888888888893,5292.822222222221,5628.844444444444,6201.611111111111,9530.977777777778,10076.488888888889,0.5536954489704397,0.34516220531999836,0.31210859127450846,0.35538084006696286,0.17824548684408226,0.3929369851877533,0.31900089068283977,12.0
3332,283.73333333333335,286.1222222222222,184.82222222222222,7193.2,6056.455555555555,3507.4666666666667,645.2111111111112,394.96666666666664,243.89999999999998,20843.43333333333,16841.811111111114,9221.91111111111,2320.7555555555555,1929.3333333333333,1011.377777777778,611.6777777777778,458.9222222222222,333.5,89.31111111111112,47.68888888888889,59.5,1878.5555555555557,1596.2555555555557,893.1222222222221,1878.5555555555557,1596.2555555555557,892.2222222222222,160.15555555555554,189.85555555555555,150.44444444444446,128.73333333333335,118.55555555555556,134.57777777777778,67.01111111111112,80.24444444444445,61.74444444444445,45.87777777777778,77.38888888888889,88.1222222222222,246.0333333333333,278.6666666666667,280.5777777777778,5692.2444444444445,5081.233333333334,2951.4444444444443,5661.7444444444445,5056.200000000001,2933.222222222222,310.5111111111111,396.98888888888894,211.53333333333336,2553.1111111111113,14924.677777777779,11912.966666666667,6496.144444444445,21277.955555555556,15431.78888888889,1907.488888888889,4074.2999999999997,2480.8999999999996,2455.6111111111113,5796.188888888889,4925.322222222221,740.3000000000001,1781.0777777777776,880.6999999999999,1215.4666666666667,1961.3111111111111,1732.9444444444443,4720.988888888889,6986.855555555555,6656.122222222222,2506.244444444444,2251.644444444444,1761.4444444444446,2830.911111111111,5781.166666666667,4879.0,2853.133333333333,6443.588888888889,5791.133333333333,4200.966666666666,6443.588888888889,5791.133333333333,673.5555555555555,2368.077777777778,1028.2666666666669,1013.6666666666666,1679.5444444444445,1737.9888888888888,3178.9333333333334,4903.333333333333,4468.733333333334,3178.9333333333334,4903.333333333333,4468.733333333334,456.62222222222215,532.0666666666666,640.0888888888888,10152.488888888889,16079.777777777777,16365.966666666665,7437.2555555555555,11624.077777777777,12030.477777777778,1090.6888888888889,1748.5555555555557,1865.6777777777777,7283.677777777777,11221.522222222222,11994.133333333335,4974.5,7279.933333333333,8236.122222222222,4456.966666666666,6112.277777777777,6580.533333333334,4002.6888888888893,6082.3,6729.433333333334,4002.6888888888893,6082.3,6734.48888888889,3433.922222222222,5291.466666666666,5504.2444444444445,6140.266666666666,9401.833333333332,10169.544444444444,0.5576705876172674,0.3451062924694109,0.3144446440663912,0.3596083292704729,0.17922694589110058,0.3803405416086326,0.3174558236280407,12.0
3333,313.90000000000003,350.1777777777778,209.51111111111112,7390.588888888888,6012.055555555557,3532.5666666666666,598.7333333333332,352.9888888888888,240.4111111111111,20843.800000000003,16860.099999999995,9177.333333333334,2277.0222222222224,1881.9333333333334,1029.4111111111113,547.1555555555556,481.1555555555555,313.56666666666666,97.56666666666668,66.77777777777777,88.86666666666666,1852.8444444444442,1595.0666666666666,853.3444444444444,1852.7777777777778,1595.0666666666666,853.3444444444444,131.30000000000004,226.4,98.63333333333334,81.86666666666666,101.44444444444444,104.15555555555555,70.6888888888889,102.61111111111111,38.27777777777778,23.633333333333336,69.36666666666666,36.08888888888888,286.1111111111111,199.04444444444445,227.3777777777778,5733.177777777778,5044.822222222222,2942.577777777778,5670.51111111111,5014.5,2909.5222222222224,261.64444444444445,299.64444444444445,132.67777777777778,1823.6333333333334,17225.155555555553,12186.12222222222,6375.777777777777,21846.17777777778,14504.555555555555,953.6111111111111,4174.566666666667,2340.3,1665.2222222222222,5392.4222222222215,4274.9111111111115,771.7111111111111,1491.0555555555557,1060.3444444444444,1257.5666666666666,2022.133333333333,1806.6555555555558,5041.877777777778,6698.722222222223,6960.011111111112,2321.1111111111113,2172.933333333333,1713.4333333333334,2400.933333333333,5957.933333333333,5028.922222222222,4088.988888888889,6678.711111111111,5932.9,4088.988888888889,6678.711111111111,5932.9,430.34444444444443,2037.8444444444442,1575.8111111111111,1028.9,1475.1999999999998,1722.3333333333333,3156.077777777778,4704.966666666667,4553.644444444445,3156.077777777778,4704.966666666667,4553.644444444445,419.4222222222222,556.6666666666666,670.9555555555556,10140.7,15994.955555555556,16569.499999999996,7402.266666666666,11396.555555555555,11957.633333333333,1091.9888888888888,1741.6,1873.8111111111111,7352.111111111111,11223.366666666665,12037.655555555555,5055.655555555556,7283.777777777777,8313.5,4081.8444444444444,6710.088888888889,6423.088888888889,4069.5444444444447,6131.600000000001,6669.677777777778,4071.222222222222,6132.588888888889,6679.5,3416.233333333333,5297.099999999999,5531.9222222222215,6100.277777777777,9398.044444444444,10043.855555555556,0.5591834006637717,0.3545701306330365,0.3135050911884719,0.35658481002814685,0.17559505248934626,0.3849229986924306,0.32179232662913754,12.0
3334,316.15555555555557,409.0222222222222,232.9111111111111,7346.566666666666,6011.688888888889,3499.422222222222,577.6888888888889,396.6222222222222,236.06666666666672,20823.38888888889,16791.022222222222,9219.511111111111,2284.0888888888894,1897.4666666666667,1029.488888888889,558.5111111111111,498.81111111111113,288.4111111111111,85.6,69.57777777777778,55.13333333333333,1865.0222222222224,1613.7333333333331,853.2222222222222,1862.5888888888887,1613.7333333333331,853.2222222222222,148.0,181.02222222222224,89.83333333333333,133.4777777777778,101.27777777777777,61.233333333333334,73.74444444444443,94.35555555555555,73.22222222222223,41.2,45.45555555555555,41.42222222222222,199.47777777777776,187.5,229.73333333333332,5674.688888888889,5007.866666666667,2922.655555555555,5637.7555555555555,4988.3,2898.555555555556,176.72222222222223,365.22222222222223,195.25555555555553,1890.5222222222224,14803.833333333334,12373.366666666665,9313.177777777779,21484.5,14973.966666666667,1494.0555555555557,3440.6444444444446,2716.766666666667,1786.0666666666666,5419.3,5100.033333333334,1168.1444444444446,1375.7555555555555,1231.3555555555554,1286.111111111111,2090.1444444444446,1675.677777777778,4642.155555555555,7629.388888888889,6210.533333333334,2130.0333333333333,2172.733333333333,1759.9666666666665,3516.7999999999997,5616.7,4859.122222222222,3706.4111111111115,6350.022222222222,6092.733333333334,4103.3,6350.022222222222,6092.733333333334,650.6222222222223,2741.7,772.0555555555555,966.688888888889,1578.4333333333332,1750.588888888889,3007.311111111111,4494.555555555556,4764.511111111111,3007.311111111111,4494.555555555556,4764.511111111111,344.17777777777775,508.5444444444444,682.1888888888889,10080.177777777779,15973.511111111111,16495.12222222222,7366.333333333333,11126.166666666666,11943.388888888889,1111.9222222222222,1717.2888888888888,1818.0555555555557,7357.833333333333,11207.677777777777,11975.011111111111,5090.622222222222,7231.611111111111,8370.2,4246.144444444445,7266.633333333334,6443.611111111111,4018.8999999999996,5971.7555555555555,6829.733333333334,4029.133333333333,5994.444444444445,6829.733333333334,3446.6000000000004,5217.411111111111,5673.133333333333,6132.922222222222,9397.455555555554,10126.555555555557,0.5592912823406994,0.35280360492074875,0.3122857564189603,0.3580299525143066,0.17572198111091433,0.3795670052400947,0.3208880234501501,12.0
3335,293.1,301.5777777777778,176.16666666666666,7491.644444444445,5822.544444444445,3427.855555555556,591.3666666666667,402.0111111111112,236.75555555555553,20717.433333333334,16823.73333333333,9133.088888888888,2300.4111111111106,1867.3222222222223,1040.988888888889,579.2555555555555,495.64444444444445,303.44444444444446,126.58888888888889,67.41111111111111,56.04444444444445,1867.5222222222224,1601.4333333333334,823.3,1867.5222222222224,1601.4333333333334,823.3,146.5666666666667,135.48888888888888,137.98888888888888,137.15555555555557,119.37777777777777,108.72222222222223,93.37777777777778,97.1222222222222,84.78888888888889,38.77777777777778,53.67777777777778,41.08888888888888,287.3333333333333,164.89999999999998,224.33333333333334,5701.066666666667,5003.533333333333,2973.633333333333,5651.7555555555555,4963.411111111111,2956.1777777777775,312.5111111111111,403.7,242.80000000000004,2910.6222222222223,17128.433333333334,12086.688888888888,8687.688888888888,21641.300000000003,15380.977777777776,1479.8555555555556,4250.144444444445,2795.8666666666663,2366.4,5956.633333333333,5304.088888888889,1177.5555555555557,1163.9444444444443,1121.211111111111,1177.5555555555557,1949.511111111111,1714.388888888889,4584.555555555555,6963.122222222222,6810.733333333334,2477.788888888889,2173.2111111111108,1794.7333333333331,3019.9111111111106,5787.322222222221,4876.98888888889,3796.277777777778,6248.2555555555555,5908.799999999999,4187.588888888889,6248.2555555555555,5908.799999999999,750.5111111111112,3118.6111111111113,1181.1333333333334,976.0222222222224,1277.8222222222223,1470.9777777777776,3096.1111111111113,4818.933333333333,4544.922222222222,3096.1111111111113,4818.933333333333,4544.922222222222,322.52222222222224,504.9222222222222,605.8111111111111,10121.4,16008.411111111109,16461.488888888893,7273.877777777779,11194.78888888889,11928.099999999999,1075.1666666666667,1740.1333333333334,1818.6666666666667,7378.799999999999,11235.599999999999,12018.344444444443,5096.200000000001,7244.0,8358.677777777779,4754.233333333334,7019.988888888888,6643.811111111111,4122.877777777778,6018.444444444444,6723.2555555555555,4122.9,6021.0777777777785,6724.4,3450.855555555556,5211.411111111111,5575.355555555555,6167.622222222222,9394.71111111111,10046.577777777777,0.5583966205816938,0.36161064567736567,0.31005020277534656,0.34609110410161315,0.17958143383817038,0.3753226972011417,0.3131504013093865,12.0
3336,311.6666666666667,285.0,146.44444444444446,7389.777777777777,5981.588888888889,3468.2666666666664,588.5111111111111,367.8333333333333,231.4222222222222,20600.133333333335,16739.11111111111,9172.388888888889,2280.0555555555557,1889.8999999999999,1040.6333333333334,596.4777777777779,526.4,347.4888888888889,70.12222222222222,74.46666666666667,88.25555555555555,1848.011111111111,1620.0555555555557,857.0333333333334,1847.8444444444442,1620.0555555555557,857.0333333333334,153.5888888888889,188.1222222222222,109.33333333333333,117.85555555555555,175.7888888888889,113.33333333333333,62.800000000000004,81.73333333333333,85.75555555555556,22.58888888888889,59.544444444444444,48.73333333333333,191.3777777777778,200.4222222222222,234.29999999999998,5673.355555555555,5018.044444444445,2937.8333333333335,5633.077777777778,4972.277777777777,2922.6111111111113,244.87777777777774,406.9222222222222,109.08888888888889,2745.6111111111113,16912.7,11776.911111111112,7143.955555555555,20952.555555555555,14897.777777777777,1456.6555555555556,3934.288888888889,1646.7666666666669,1414.4666666666667,5468.544444444444,4963.2,1139.122222222222,1651.288888888889,1464.1333333333332,1204.5,1981.0,1598.0111111111112,4518.18888888889,6480.966666666667,6514.388888888889,2275.688888888889,2221.2444444444445,1784.6444444444446,3377.144444444444,5895.466666666667,4728.111111111111,3885.0555555555557,6323.122222222222,5885.5888888888885,4217.044444444445,6323.122222222222,5885.5888888888885,581.6777777777777,3150.1111111111113,925.4888888888888,1105.1333333333332,1587.177777777778,1651.5555555555557,3145.4222222222224,4357.577777777778,4186.622222222221,3145.4222222222224,4357.577777777778,4552.01111111111,395.0,459.53333333333336,667.3444444444444,10130.233333333334,16021.355555555554,16380.066666666668,7214.733333333334,11447.611111111111,11857.277777777777,1058.488888888889,1757.6111111111113,1871.9111111111108,7301.722222222223,11250.444444444445,12029.488888888887,5085.666666666667,7243.433333333333,8409.466666666667,4641.077777777778,6663.044444444445,6437.911111111111,4101.888888888889,6009.766666666666,6715.211111111111,4105.688888888889,6010.299999999999,6715.977777777777,3407.0888888888894,5280.355555555555,5605.077777777778,6076.0777777777785,9382.466666666667,10114.7,0.5560659456127477,0.3587247547480814,0.31035312589723996,0.357342086397791,0.17842486056901138,0.37812032488810016,0.31680285502044114,12.0
3337,284.64444444444445,323.9555555555555,153.4,6992.299999999999,5951.455555555556,3418.1555555555556,610.6666666666666,370.0666666666667,229.36666666666667,20457.622222222224,16571.233333333334,9068.277777777777,2304.6777777777775,1851.6444444444448,1021.6999999999999,550.3111111111111,499.5777777777778,277.06666666666666,86.33333333333333,53.74444444444444,74.53333333333333,1785.3111111111111,1607.6,804.8333333333334,1785.2222222222222,1607.6,804.8333333333334,174.13333333333333,188.35555555555555,152.29999999999998,104.62222222222222,97.96666666666667,107.05555555555556,79.94444444444444,77.80000000000001,89.64444444444445,38.733333333333334,62.21111111111111,28.77777777777778,278.9222222222222,181.95555555555558,223.24444444444444,5723.211111111112,5026.5,2877.6111111111113,5675.622222222222,4976.444444444444,2857.0333333333333,271.51111111111106,229.68888888888887,198.0111111111111,2156.366666666667,14877.888888888889,12274.422222222223,8423.033333333333,21342.511111111107,15397.088888888888,1428.1222222222225,3962.0888888888894,1897.888888888889,1346.9555555555555,5467.844444444445,4983.711111111112,888.1,1798.377777777778,1286.511111111111,1222.888888888889,1953.388888888889,1603.3777777777777,4328.844444444444,6537.233333333334,6792.222222222223,1661.6444444444446,2156.8444444444444,1680.4333333333334,3498.4222222222224,5989.822222222221,4720.488888888889,3805.366666666667,6447.633333333334,5905.711111111112,4198.988888888889,6447.633333333334,5905.711111111112,568.8222222222222,2588.233333333333,2281.3777777777777,1073.5111111111112,1444.4555555555555,1763.5555555555557,3036.0444444444443,4611.2444444444445,4744.888888888889,3036.0444444444443,4611.2444444444445,4744.888888888889,314.9222222222222,542.2666666666667,690.1666666666666,10163.21111111111,15991.533333333333,16517.9,7397.788888888888,11328.233333333334,11642.188888888888,1113.7777777777778,1704.5333333333335,1806.211111111111,7318.7555555555555,11157.2,11921.222222222223,5067.488888888889,7170.822222222222,8279.055555555555,4493.988888888888,6660.444444444445,6332.811111111111,4012.1666666666665,6061.777777777777,6631.155555555555,4021.1000000000004,6068.81111111111,6631.299999999999,3423.933333333333,5244.700000000001,5556.044444444445,6099.722222222223,9350.611111111111,10041.722222222223,0.5584477346945247,0.34179436515376493,0.31119245044947397,0.35914379067875996,0.17296589356596984,0.3769354710253693,0.33032962253512327,12.0
3338,309.1777777777778,350.8,212.85555555555553,6904.700000000001,5777.4222222222215,3538.0444444444447,651.8555555555556,367.84444444444443,224.26666666666668,20428.055555555555,16540.3,9008.522222222222,2270.177777777778,1817.3,1004.0666666666667,522.9444444444445,470.4111111111111,291.76666666666665,95.39999999999999,64.41111111111111,57.75555555555555,1872.5333333333333,1582.6888888888889,849.7333333333333,1869.2777777777778,1582.6888888888889,849.7333333333333,157.13333333333333,201.18888888888893,110.04444444444442,101.97777777777779,112.44444444444444,82.16666666666667,31.511111111111113,76.47777777777777,49.46666666666667,68.91111111111111,84.67777777777778,65.15555555555557,302.4111111111111,248.16666666666666,214.7111111111111,5725.200000000001,4997.566666666667,2928.9555555555553,5689.799999999999,4979.766666666666,2923.9666666666667,308.6333333333334,188.0111111111111,203.25555555555556,2144.722222222222,15001.400000000001,11875.855555555556,7145.277777777777,20882.122222222224,14729.622222222222,1290.8111111111111,3785.644444444444,2462.6111111111113,1167.3777777777777,6119.488888888889,4994.344444444444,1072.822222222222,1522.1777777777777,1546.588888888889,1181.0444444444447,1934.7888888888892,1711.277777777778,4451.866666666667,7231.388888888889,6742.666666666667,1387.0333333333333,2746.355555555556,1772.9666666666665,3567.711111111111,5901.466666666666,5007.033333333334,3285.2666666666664,6207.277777777777,5702.833333333333,4066.255555555556,6207.277777777777,5702.833333333333,454.14444444444445,1310.611111111111,705.7555555555556,1074.5222222222224,1651.8111111111111,1600.0333333333335,2988.5666666666666,4705.099999999999,4254.555555555555,2988.5666666666666,4705.099999999999,4664.233333333334,376.1777777777777,550.9444444444443,617.9000000000001,10213.71111111111,16070.766666666666,16485.477777777778,7315.700000000001,11328.788888888888,11735.744444444446,1081.4777777777776,1755.6888888888889,1844.2444444444445,7352.511111111112,11233.68888888889,11914.077777777778,5022.633333333333,7226.766666666666,8326.077777777778,4254.466666666667,6497.333333333333,6417.999999999999,4053.5444444444447,6096.233333333334,6675.6,4063.011111111111,6096.833333333333,6679.177777777778,3487.2444444444445,5258.355555555556,5491.4111111111115,6055.677777777778,9428.455555555556,10062.822222222221,0.5570746948002359,0.3380008430671327,0.30986490999184857,0.3492936779999288,0.17736620716010656,0.3927441546091541,0.32109452697813184,12.0
3339,321.32222222222225,261.76666666666665,175.03333333333333,6016.4111111111115,5138.7555555555555,3030.5666666666666,594.5222222222222,415.1777777777778,263.8444444444445,21018.63333333333,17142.87777777778,9658.811111111112,2354.866666666667,1967.888888888889,1041.7222222222222,563.3222222222223,477.5111111111112,275.1555555555555,90.88888888888889,52.15555555555555,41.31111111111112,1592.8666666666668,1365.0444444444445,823.8555555555556,1592.8666666666668,1365.0444444444445,823.8555555555556,134.88888888888889,213.36666666666667,119.65555555555557,75.0,113.8111111111111,108.01111111111112,67.56666666666666,81.39999999999999,64.61111111111111,43.01111111111111,39.099999999999994,79.9,219.5666666666667,156.72222222222223,179.43333333333334,4919.344444444445,4248.022222222223,2626.7,4883.81111111111,4226.033333333334,2607.4,226.18888888888887,246.63333333333333,152.16666666666669,2318.4555555555557,15220.599999999999,12326.611111111111,4933.81111111111,21653.388888888887,15119.411111111112,1517.9666666666667,3878.0777777777776,2797.8,1496.0666666666666,5595.322222222223,3979.8111111111107,1053.911111111111,1553.0666666666666,1237.6444444444446,1207.6999999999998,1867.977777777778,1501.1444444444446,3973.8444444444444,6983.31111111111,5742.500000000001,2461.1111111111113,1963.7999999999997,1625.9333333333334,2693.6777777777775,5393.566666666667,4650.266666666666,2926.733333333333,6002.066666666667,5679.355555555555,3737.0444444444447,6002.066666666667,5679.355555555555,864.6444444444443,1622.4,1765.9444444444443,1007.6111111111113,1406.5666666666666,1322.5,2834.277777777778,4532.355555555555,4107.777777777777,2834.277777777778,4532.355555555555,4474.333333333333,393.6666666666667,446.8222222222222,645.3777777777779,9099.811111111112,14606.033333333333,15272.722222222223,6760.822222222222,10304.011111111111,11040.911111111112,1035.788888888889,1648.5222222222224,1752.5222222222221,6708.077777777778,10242.9,11095.566666666664,4667.288888888888,6608.988888888888,7837.088888888889,4109.622222222222,6305.544444444445,6117.355555555555,3667.6222222222223,5560.6,6114.266666666667,3667.6222222222223,5574.888888888889,6116.644444444445,3083.277777777778,4761.18888888889,5114.68888888889,5543.488888888888,8511.68888888889,9213.677777777779,0.5366936798443922,0.28624178440611164,0.28933477261679535,0.29976037991806115,0.17072267550353026,0.31376187315439097,0.30387758098749784,12.0
3340,278.9125,263.675,182.325,6776.0125,5887.1,3548.175,535.7375,340.45000000000005,187.16250000000002,18760.2,15538.575,8479.050000000001,2059.9875,1711.9875000000002,950.4125,485.5875,411.8125,314.85,58.525,31.387500000000003,67.825,1705.3125,1479.05,804.1624999999999,1705.075,1479.05,804.1624999999999,199.7875,175.8125,118.30000000000001,142.225,109.1,105.67499999999998,50.8,85.15,63.337500000000006,23.2125,66.6125,44.2,363.85,226.5875,154.125,5266.150000000001,4379.125,2770.125,5223.300000000001,4739.424999999999,2763.3125,341.225,257.8375,178.4125,1983.0625,14322.0625,10629.9875,6421.4625,19574.387499999997,13717.25,1600.8125,3468.375,1888.3500000000001,2080.125,4069.55,4845.8125,821.3375000000001,1581.825,1291.775,1153.125,1760.4125,1580.7625,3957.65,6598.025000000001,5958.275,2297.2625,2523.125,1648.0,3097.1625,5331.7125,4536.25,2636.5,5891.075000000001,5566.5375,3916.625,5891.075000000001,5566.5375,1387.8875,3259.4375,2315.7749999999996,911.375,1392.4874999999997,1495.0,2878.175,4193.0625,3466.0625,2878.175,4193.0,4321.375,339.0875,419.4875,654.8875,9308.225,15079.575,15253.1125,6526.162499999999,10609.637499999999,11009.7625,938.4749999999999,1650.4,1753.525,6761.1125,10552.2625,11238.5125,4629.1375,6755.424999999999,7827.625,4195.05,5950.4125,6455.9,3614.725,5566.7875,6205.8125,3621.6499999999996,5566.7875,6206.9875,3122.2125,4919.0125,5217.799999999999,5557.9375,8806.925,9374.1,0.5611488763969501,0.36119084551337405,0.31429433521833333,0.3788700057759479,0.18116384442847322,0.4184637429900755,0.30801387947643644,11.0
3341,325.4111111111111,283.6,184.27777777777777,8100.544444444446,6544.144444444445,3840.2999999999997,670.6555555555556,374.2888888888889,260.40000000000003,22782.522222222222,18404.222222222223,10112.777777777777,2564.077777777778,2018.1777777777777,1158.8666666666668,593.6,551.0333333333333,336.68888888888887,82.52222222222221,82.12222222222222,72.92222222222223,2122.5555555555557,1850.8555555555556,984.5222222222224,2122.5555555555557,1850.8555555555556,984.5222222222224,138.6222222222222,212.02222222222224,155.0222222222222,126.96666666666667,96.22222222222223,62.84444444444445,61.53333333333333,52.477777777777774,67.5111111111111,39.833333333333336,54.85555555555556,65.56666666666666,190.52222222222224,273.84444444444443,307.18888888888887,6657.944444444444,5797.422222222222,3467.766666666667,6604.866666666666,5767.444444444444,3444.0333333333333,279.78888888888895,370.47777777777776,164.85555555555555,2175.277777777778,15043.422222222223,12677.344444444445,9171.488888888889,22845.044444444447,16382.888888888889,1878.2777777777778,4060.1333333333337,3064.3,1522.4555555555555,5789.211111111111,5067.011111111111,1061.3,978.9333333333333,1685.4666666666667,1307.1555555555556,1981.388888888889,1834.0444444444443,5430.277777777777,6840.4222222222215,6950.499999999999,2494.411111111111,2317.644444444444,1978.511111111111,3566.333333333333,6566.366666666666,5073.377777777778,4493.888888888889,7200.544444444444,6307.766666666666,4493.888888888889,7200.544444444444,6307.766666666666,616.088888888889,3539.344444444445,2217.7111111111108,1152.6000000000001,1690.0222222222224,1855.377777777778,3351.688888888889,5082.6,5405.788888888889,3351.688888888889,5082.6,5405.788888888889,395.6111111111111,518.6,788.6444444444446,10977.344444444443,17499.033333333336,17955.17777777778,7969.7555555555555,12425.81111111111,12928.488888888889,1154.4333333333334,1891.3999999999999,1991.9222222222224,8011.399999999999,12278.422222222223,13057.766666666666,5533.644444444444,7911.799999999999,9032.6,4908.988888888888,7650.444444444444,7196.322222222222,4493.988888888889,6547.522222222223,7358.122222222223,4502.433333333333,6567.322222222222,7359.288888888889,3761.488888888889,5829.122222222222,6154.9333333333325,6743.3,10453.166666666668,11178.633333333335,0.6016816453281051,0.3555595980739622,0.3295864596965038,0.3555784300703945,0.19181282279453898,0.37974729440202165,0.314545207269784,12.0
3342,353.72222222222223,262.43333333333334,171.1222222222222,7111.777777777777,5706.322222222221,3326.4666666666667,575.6555555555556,344.25555555555553,228.82222222222222,20179.61111111111,16216.922222222222,8861.322222222223,2292.144444444444,1823.6666666666667,958.0222222222224,567.3444444444444,401.83333333333337,258.8333333333333,83.78888888888889,75.74444444444444,66.73333333333333,1789.3444444444442,1556.4222222222222,807.1555555555556,1789.3444444444442,1556.4222222222222,807.1555555555556,149.76666666666668,180.17777777777778,156.3777777777778,107.24444444444445,103.95555555555555,95.72222222222223,133.06666666666666,102.42222222222222,90.6,45.57777777777777,73.76666666666665,43.900000000000006,325.8777777777778,286.56666666666666,281.76666666666665,5826.877777777777,4944.344444444444,2960.1111111111113,5804.066666666667,4910.055555555556,2946.1888888888893,237.61111111111111,247.84444444444443,159.99999999999997,1461.4666666666667,14281.055555555555,12179.077777777777,5506.833333333333,20974.71111111111,14463.68888888889,1372.7666666666669,3165.1,2948.488888888889,1806.6888888888889,5495.677777777778,5059.433333333333,1124.4555555555557,1233.0555555555557,1302.3333333333333,1264.088888888889,2086.2888888888892,1738.3333333333333,4553.644444444444,6885.4111111111115,6117.411111111111,2642.144444444444,2144.988888888889,1698.0444444444447,3490.922222222222,5833.977777777778,4677.822222222223,4122.799999999999,5814.133333333333,5792.944444444444,4122.799999999999,6322.355555555555,5792.944444444444,819.911111111111,2277.211111111111,1044.9777777777776,890.9000000000001,1537.9000000000003,1585.377777777778,3015.633333333333,4722.9222222222215,4329.022222222222,3015.633333333333,4722.9222222222215,4329.022222222222,328.64444444444445,558.3,593.8444444444444,10113.055555555555,15918.699999999999,16149.566666666664,7289.944444444444,11291.700000000003,11788.244444444445,1062.1222222222223,1770.6000000000001,1804.2666666666667,7287.088888888889,11238.244444444445,11789.099999999999,5028.666666666667,7186.7,8255.666666666666,3922.3444444444444,7092.455555555556,6528.8,4075.866666666667,6075.3,6512.111111111111,4078.6333333333337,6089.611111111112,6512.111111111111,3478.822222222222,5350.455555555555,5521.4,6045.066666666667,9454.611111111111,9999.933333333332,0.5739182025434669,0.35242392624018193,0.30844576225166354,0.35187455079501995,0.18243145154909562,0.3753916834583251,0.3266050642330446,12.0
3343,282.24444444444447,312.6,181.98888888888888,7006.344444444444,5829.444444444444,3386.755555555555,565.2111111111112,389.8888888888889,235.0777777777778,20121.755555555552,16212.633333333335,8806.144444444444,2254.7000000000003,1831.7888888888888,1004.688888888889,558.188888888889,501.0444444444444,272.6777777777778,95.7,114.06666666666666,67.33333333333333,1906.0444444444443,1529.5222222222224,908.8111111111111,1905.622222222222,1529.5222222222224,908.8111111111111,137.10000000000002,136.83333333333334,112.23333333333335,112.3777777777778,112.65555555555557,90.65555555555557,51.86666666666666,55.333333333333336,75.53333333333333,46.93333333333333,62.05555555555556,53.300000000000004,238.38888888888889,203.2888888888889,144.35555555555555,5790.555555555557,4962.877777777777,2948.6,5750.233333333334,4927.266666666666,2937.6222222222223,244.23333333333332,212.43333333333334,133.53333333333336,1660.7666666666667,15052.21111111111,11333.666666666666,8329.4,20792.911111111112,14658.622222222222,1805.4888888888888,3484.3222222222225,2363.9333333333334,1914.7333333333331,5675.055555555557,4580.122222222222,1110.2666666666667,1311.4333333333334,1330.2777777777778,1233.888888888889,1912.5666666666668,1773.4444444444443,3842.8222222222225,7101.344444444444,5875.733333333333,1672.3888888888887,2156.5,1694.8222222222223,2971.411111111111,5817.7444444444445,4879.644444444444,3685.8111111111116,6469.577777777778,6276.677777777778,4102.211111111112,6469.577777777778,6276.677777777778,593.4111111111112,3602.7777777777783,797.7333333333333,998.3222222222222,1520.7555555555557,1523.4333333333334,3267.3222222222225,4981.133333333333,4514.033333333333,3267.3222222222225,4981.133333333333,4514.033333333333,370.7,590.8222222222222,539.0777777777778,10191.844444444441,16016.800000000001,16358.344444444445,7386.577777777778,11547.477777777776,11909.133333333335,1048.8777777777777,1711.5444444444445,1806.9888888888888,7253.277777777777,11225.0,11931.477777777778,5099.7444444444445,7154.011111111111,8331.799999999997,4638.122222222222,6088.700000000001,6424.188888888889,4046.8111111111107,6041.7555555555555,6710.200000000001,4047.6000000000004,6059.377777777777,6711.799999999999,3402.611111111111,5290.9222222222215,5556.677777777778,6092.144444444445,9380.555555555555,10103.81111111111,0.5641994797583255,0.34819747338149204,0.3076311539550139,0.35956185060073176,0.17957943312655247,0.38459005265263013,0.3237405471494692,12.0
